---------------------- INSERT AGENTS ----------------------

insert into resources (id, type, data_provider, created_at, last_update) values ('15c6d4c2-b009-4769-8cc3-49792031c07c', 'agents', 'https://telegraph.co.uk', '2017-02-02T22:39:43Z', '2022-10-26T16:18:44Z');
insert into resources (id, type, data_provider, created_at, last_update) values ('95166a13-1d79-4b6b-a57c-394976069182', 'agents', 'http://google.cn', '2020-04-17T04:52:32Z', '2022-11-23T07:27:27Z');
insert into resources (id, type, data_provider, created_at, last_update) values ('4538dec7-db1a-40ff-904d-2dc817f7c7b4', 'agents', 'http://wufoo.com', '2020-09-02T06:02:29Z', '2022-03-17T23:39:10Z');
insert into resources (id, type, data_provider, created_at, last_update) values ('3f3fa8c4-86c6-4c99-a36e-d907c451f483', 'agents', 'https://constantcontact.com', '2021-10-18T16:15:54Z', '2022-08-16T12:14:15Z');
insert into resources (id, type, data_provider, created_at, last_update) values ('932db5d1-b537-4700-b416-c11cdea26aa6', 'agents', 'https://1und1.de', '2019-11-02T13:42:23Z', '2022-12-27T22:29:52Z');
insert into resources (id, type, data_provider, created_at, last_update) values ('71f05b57-47a4-417e-ad81-f11364798073', 'agents', 'http://reuters.com', '2018-04-12T11:27:21Z', '2023-01-11T08:39:03Z');
insert into resources (id, type, data_provider, created_at, last_update) values ('5735e9a1-cc28-4824-b392-cedde26746fa', 'agents', 'https://scribd.com', '2021-05-02T17:09:04Z', '2022-07-20T18:07:36Z');
insert into resources (id, type, data_provider, created_at, last_update) values ('38f4eb9c-8d00-4944-96c4-96f81bb1fc09', 'agents', 'http://nymag.com', '2021-07-06T14:17:09Z', '2022-03-30T01:35:12Z');
insert into resources (id, type, data_provider, created_at, last_update) values ('ca9291e4-fa36-4758-96fe-8da7922bc8f6', 'agents', 'https://typepad.com', '2017-03-11T00:47:23Z', '2022-04-20T21:54:48Z');
insert into resources (id, type, data_provider, created_at, last_update) values ('d48a2076-4c28-4100-af9c-ecb7a47b053b', 'agents', 'https://t-online.de', '2017-04-10T10:55:49Z', '2022-06-06T06:33:49Z');
insert into resources (id, type, data_provider, created_at, last_update) values ('a46e4b22-15a6-40cf-87ab-16d5ad7a0940', 'agents', 'http://constantcontact.com', '2020-06-26T06:07:26Z', '2022-11-01T12:02:36Z');
insert into resources (id, type, data_provider, created_at, last_update) values ('0bab94ae-5aa6-4874-b44e-ed7102b44f71', 'agents', 'https://storify.com', '2019-03-23T20:03:30Z', '2022-09-14T11:43:35Z');
insert into resources (id, type, data_provider, created_at, last_update) values ('01e075ae-b1ef-405b-b8f0-a9902e4d523b', 'agents', 'http://qq.com', '2022-08-28T00:43:45Z', '2022-02-17T14:34:01Z');
insert into resources (id, type, data_provider, created_at, last_update) values ('f868d2cc-7c69-439f-a3e5-cf667d07f016', 'agents', 'https://ehow.com', '2020-07-08T10:22:52Z', '2022-10-19T04:10:54Z');
insert into resources (id, type, data_provider, created_at, last_update) values ('171d0947-7f17-4cd4-8a10-ac8969d640c4', 'agents', 'http://hhs.gov', '2022-03-29T21:56:50Z', '2022-07-07T17:00:55Z');
insert into resources (id, type, data_provider, created_at, last_update) values ('d8e65393-cb32-4f57-9c3c-0f095eec8e5d', 'agents', 'https://gnu.org', '2019-07-15T22:38:52Z', '2022-03-22T04:37:29Z');
insert into resources (id, type, data_provider, created_at, last_update) values ('e6c58fef-e559-4536-ad19-2a3844ddafe9', 'agents', 'https://parallels.com', '2019-10-01T05:56:38Z', '2022-09-09T19:15:17Z');
insert into resources (id, type, data_provider, created_at, last_update) values ('41891148-1713-46dc-9fdf-699194650a5a', 'agents', 'https://usa.gov', '2020-10-03T06:34:09Z', '2022-05-27T02:26:36Z');
insert into resources (id, type, data_provider, created_at, last_update) values ('aa715cb4-7a40-4be3-a6ed-32aaa34d9ed2', 'agents', 'https://amazon.de', '2021-03-02T21:09:59Z', '2022-05-24T15:09:08Z');
insert into resources (id, type, data_provider, created_at, last_update) values ('06637587-c9ee-43a8-b627-c2e20d7cc056', 'agents', 'http://va.gov', '2020-10-20T17:34:18Z', '2022-03-15T03:45:05Z');


insert into agents (id) values ('15c6d4c2-b009-4769-8cc3-49792031c07c');
insert into agents (id) values ('95166a13-1d79-4b6b-a57c-394976069182');
insert into agents (id) values ('4538dec7-db1a-40ff-904d-2dc817f7c7b4');
insert into agents (id) values ('3f3fa8c4-86c6-4c99-a36e-d907c451f483');
insert into agents (id) values ('932db5d1-b537-4700-b416-c11cdea26aa6');
insert into agents (id) values ('71f05b57-47a4-417e-ad81-f11364798073');
insert into agents (id) values ('5735e9a1-cc28-4824-b392-cedde26746fa');
insert into agents (id) values ('38f4eb9c-8d00-4944-96c4-96f81bb1fc09');
insert into agents (id) values ('ca9291e4-fa36-4758-96fe-8da7922bc8f6');
insert into agents (id) values ('d48a2076-4c28-4100-af9c-ecb7a47b053b');
insert into agents (id) values ('a46e4b22-15a6-40cf-87ab-16d5ad7a0940');
insert into agents (id) values ('0bab94ae-5aa6-4874-b44e-ed7102b44f71');
insert into agents (id) values ('01e075ae-b1ef-405b-b8f0-a9902e4d523b');
insert into agents (id) values ('f868d2cc-7c69-439f-a3e5-cf667d07f016');
insert into agents (id) values ('171d0947-7f17-4cd4-8a10-ac8969d640c4');
insert into agents (id) values ('d8e65393-cb32-4f57-9c3c-0f095eec8e5d');
insert into agents (id) values ('e6c58fef-e559-4536-ad19-2a3844ddafe9');
insert into agents (id) values ('41891148-1713-46dc-9fdf-699194650a5a');
insert into agents (id) values ('aa715cb4-7a40-4be3-a6ed-32aaa34d9ed2');
insert into agents (id) values ('06637587-c9ee-43a8-b627-c2e20d7cc056');


insert into abstracts (lang, resource_id, content) values ('deu', '06637587-c9ee-43a8-b627-c2e20d7cc056', 'ut erat id mauris vulputate elementum nullam varius nulla facilisi cras non velit nec nisi vulputate nonummy maecenas');
insert into abstracts (lang, resource_id, content) values ('deu', '171d0947-7f17-4cd4-8a10-ac8969d640c4', 'rutrum neque aenean auctor gravida sem praesent id massa id nisl venenatis lacinia');
insert into abstracts (lang, resource_id, content) values ('deu', 'aa715cb4-7a40-4be3-a6ed-32aaa34d9ed2', 'vestibulum ante ipsum primis in faucibus orci luctus et ultrices');
insert into abstracts (lang, resource_id, content) values ('deu', 'd8e65393-cb32-4f57-9c3c-0f095eec8e5d', 'primis in faucibus orci luctus et ultrices posuere cubilia curae mauris viverra diam vitae quam suspendisse potenti nullam porttitor lacus');
insert into abstracts (lang, resource_id, content) values ('eng', '06637587-c9ee-43a8-b627-c2e20d7cc056', 'sagittis dui vel nisl duis ac nibh fusce lacus purus aliquet at feugiat');
insert into abstracts (lang, resource_id, content) values ('eng', '41891148-1713-46dc-9fdf-699194650a5a', 'volutpat in congue etiam justo etiam pretium iaculis justo in hac habitasse platea dictumst etiam faucibus cursus urna ut');
insert into abstracts (lang, resource_id, content) values ('eng', 'aa715cb4-7a40-4be3-a6ed-32aaa34d9ed2', 'penatibus et magnis dis parturient montes nascetur ridiculus mus etiam vel augue');
insert into abstracts (lang, resource_id, content) values ('eng', 'e6c58fef-e559-4536-ad19-2a3844ddafe9', 'morbi odio odio elementum eu interdum eu tincidunt in leo maecenas pulvinar lobortis est phasellus sit amet erat nulla tempus');
insert into abstracts (lang, resource_id, content) values ('fra', '01e075ae-b1ef-405b-b8f0-a9902e4d523b', 'justo pellentesque viverra pede ac diam cras pellentesque volutpat dui maecenas tristique est et tempus semper est quam pharetra');
insert into abstracts (lang, resource_id, content) values ('fra', '06637587-c9ee-43a8-b627-c2e20d7cc056', 'vestibulum sit amet cursus id turpis integer aliquet massa id lobortis convallis tortor risus dapibus augue vel');
insert into abstracts (lang, resource_id, content) values ('fra', '171d0947-7f17-4cd4-8a10-ac8969d640c4', 'volutpat dui maecenas tristique est et tempus semper est quam pharetra');
insert into abstracts (lang, resource_id, content) values ('fra', '41891148-1713-46dc-9fdf-699194650a5a', 'sociis natoque penatibus et magnis dis parturient montes nascetur ridiculus mus vivamus vestibulum sagittis sapien cum sociis natoque');
insert into abstracts (lang, resource_id, content) values ('fra', 'aa715cb4-7a40-4be3-a6ed-32aaa34d9ed2', 'vulputate ut ultrices vel augue vestibulum ante ipsum primis in faucibus orci');
insert into abstracts (lang, resource_id, content) values ('fra', 'd48a2076-4c28-4100-af9c-ecb7a47b053b', 'magna ac consequat metus sapien ut nunc vestibulum ante ipsum primis in faucibus orci luctus et ultrices posuere');
insert into abstracts (lang, resource_id, content) values ('fra', 'd8e65393-cb32-4f57-9c3c-0f095eec8e5d', 'suspendisse ornare consequat lectus in est risus auctor sed tristique in');
insert into abstracts (lang, resource_id, content) values ('fra', 'e6c58fef-e559-4536-ad19-2a3844ddafe9', 'vel sem sed sagittis nam congue risus semper porta volutpat quam pede lobortis ligula sit amet eleifend pede');
insert into abstracts (lang, resource_id, content) values ('ita', '06637587-c9ee-43a8-b627-c2e20d7cc056', 'ultrices libero non mattis pulvinar nulla pede ullamcorper augue a suscipit nulla elit');
insert into abstracts (lang, resource_id, content) values ('ita', 'aa715cb4-7a40-4be3-a6ed-32aaa34d9ed2', 'feugiat non pretium quis lectus suspendisse potenti in eleifend quam');
insert into abstracts (lang, resource_id, content) values ('por', '06637587-c9ee-43a8-b627-c2e20d7cc056', 'vulputate nonummy maecenas tincidunt lacus at velit vivamus vel nulla eget eros elementum');
insert into abstracts (lang, resource_id, content) values ('por', '171d0947-7f17-4cd4-8a10-ac8969d640c4', 'praesent id massa id nisl venenatis lacinia aenean sit amet justo');
insert into abstracts (lang, resource_id, content) values ('por', '41891148-1713-46dc-9fdf-699194650a5a', 'volutpat quam pede lobortis ligula sit amet eleifend pede libero quis orci nullam molestie nibh in lectus pellentesque');
insert into abstracts (lang, resource_id, content) values ('por', 'aa715cb4-7a40-4be3-a6ed-32aaa34d9ed2', 'viverra diam vitae quam suspendisse potenti nullam porttitor lacus at');
insert into abstracts (lang, resource_id, content) values ('por', 'd8e65393-cb32-4f57-9c3c-0f095eec8e5d', 'vestibulum ante ipsum primis in faucibus orci luctus et ultrices posuere cubilia');
insert into abstracts (lang, resource_id, content) values ('por', 'e6c58fef-e559-4536-ad19-2a3844ddafe9', 'ut ultrices vel augue vestibulum ante ipsum primis in faucibus orci');
insert into abstracts (lang, resource_id, content) values ('por', 'f868d2cc-7c69-439f-a3e5-cf667d07f016', 'quisque erat eros viverra eget congue eget semper rutrum nulla nunc purus phasellus in');
insert into abstracts (lang, resource_id, content) values ('spa', '06637587-c9ee-43a8-b627-c2e20d7cc056', 'volutpat in congue etiam justo etiam pretium iaculis justo in hac habitasse platea dictumst etiam faucibus cursus');
insert into abstracts (lang, resource_id, content) values ('spa', '41891148-1713-46dc-9fdf-699194650a5a', 'velit donec diam neque vestibulum eget vulputate ut ultrices vel augue vestibulum ante ipsum primis in faucibus');
insert into abstracts (lang, resource_id, content) values ('spa', 'aa715cb4-7a40-4be3-a6ed-32aaa34d9ed2', 'venenatis tristique fusce congue diam id ornare imperdiet sapien urna pretium nisl ut volutpat');
insert into abstracts (lang, resource_id, content) values ('spa', 'e6c58fef-e559-4536-ad19-2a3844ddafe9', 'vestibulum ante ipsum primis in faucibus orci luctus et ultrices posuere cubilia');


insert into descriptions (lang, resource_id, content) values ('deu', '06637587-c9ee-43a8-b627-c2e20d7cc056', 'ut mauris eget massa tempor convallis nulla neque libero convallis eget eleifend luctus ultricies eu nibh quisque id');
insert into descriptions (lang, resource_id, content) values ('deu', '41891148-1713-46dc-9fdf-699194650a5a', 'ut massa quis augue luctus tincidunt nulla mollis molestie lorem quisque ut erat curabitur gravida nisi at nibh');
insert into descriptions (lang, resource_id, content) values ('deu', 'aa715cb4-7a40-4be3-a6ed-32aaa34d9ed2', 'ut massa volutpat convallis morbi odio odio elementum eu interdum eu tincidunt in leo maecenas pulvinar lobortis est');
insert into descriptions (lang, resource_id, content) values ('deu', 'e6c58fef-e559-4536-ad19-2a3844ddafe9', 'nisi vulputate nonummy maecenas tincidunt lacus at velit vivamus vel nulla eget eros elementum pellentesque quisque porta volutpat');
insert into descriptions (lang, resource_id, content) values ('eng', '06637587-c9ee-43a8-b627-c2e20d7cc056', 'primis in faucibus orci luctus et ultrices posuere cubilia curae');
insert into descriptions (lang, resource_id, content) values ('eng', '41891148-1713-46dc-9fdf-699194650a5a', 'sagittis dui vel nisl duis ac nibh fusce lacus purus aliquet at feugiat');
insert into descriptions (lang, resource_id, content) values ('eng', 'aa715cb4-7a40-4be3-a6ed-32aaa34d9ed2', 'varius integer ac leo pellentesque ultrices mattis odio donec vitae nisi nam ultrices libero non mattis');
insert into descriptions (lang, resource_id, content) values ('eng', 'e6c58fef-e559-4536-ad19-2a3844ddafe9', 'tristique fusce congue diam id ornare imperdiet sapien urna pretium nisl ut');
insert into descriptions (lang, resource_id, content) values ('eng', 'f868d2cc-7c69-439f-a3e5-cf667d07f016', 'lorem id ligula suspendisse ornare consequat lectus in est risus auctor sed tristique in tempus');
insert into descriptions (lang, resource_id, content) values ('fra', '06637587-c9ee-43a8-b627-c2e20d7cc056', 'volutpat convallis morbi odio odio elementum eu interdum eu tincidunt in leo maecenas');
insert into descriptions (lang, resource_id, content) values ('fra', '41891148-1713-46dc-9fdf-699194650a5a', 'turpis enim blandit mi in porttitor pede justo eu massa donec dapibus duis');
insert into descriptions (lang, resource_id, content) values ('fra', 'aa715cb4-7a40-4be3-a6ed-32aaa34d9ed2', 'velit vivamus vel nulla eget eros elementum pellentesque quisque porta volutpat');
insert into descriptions (lang, resource_id, content) values ('fra', 'd8e65393-cb32-4f57-9c3c-0f095eec8e5d', 'odio elementum eu interdum eu tincidunt in leo maecenas pulvinar lobortis est phasellus sit amet');
insert into descriptions (lang, resource_id, content) values ('fra', 'e6c58fef-e559-4536-ad19-2a3844ddafe9', 'vulputate vitae nisl aenean lectus pellentesque eget nunc donec quis orci');
insert into descriptions (lang, resource_id, content) values ('fra', 'f868d2cc-7c69-439f-a3e5-cf667d07f016', 'habitasse platea dictumst morbi vestibulum velit id pretium iaculis diam erat fermentum justo nec condimentum');
insert into descriptions (lang, resource_id, content) values ('ita', '06637587-c9ee-43a8-b627-c2e20d7cc056', 'vel nisl duis ac nibh fusce lacus purus aliquet at feugiat non pretium quis lectus');
insert into descriptions (lang, resource_id, content) values ('ita', 'aa715cb4-7a40-4be3-a6ed-32aaa34d9ed2', 'sit amet nunc viverra dapibus nulla suscipit ligula in lacus curabitur at ipsum');
insert into descriptions (lang, resource_id, content) values ('por', '01e075ae-b1ef-405b-b8f0-a9902e4d523b', 'mauris morbi non lectus aliquam sit amet diam in magna bibendum imperdiet nullam orci pede venenatis non');
insert into descriptions (lang, resource_id, content) values ('por', '06637587-c9ee-43a8-b627-c2e20d7cc056', 'volutpat erat quisque erat eros viverra eget congue eget semper');
insert into descriptions (lang, resource_id, content) values ('por', '171d0947-7f17-4cd4-8a10-ac8969d640c4', 'vitae consectetuer eget rutrum at lorem integer tincidunt ante vel ipsum praesent blandit lacinia erat');
insert into descriptions (lang, resource_id, content) values ('por', '41891148-1713-46dc-9fdf-699194650a5a', 'vitae nisl aenean lectus pellentesque eget nunc donec quis orci eget orci vehicula condimentum');
insert into descriptions (lang, resource_id, content) values ('por', 'aa715cb4-7a40-4be3-a6ed-32aaa34d9ed2', 'volutpat in congue etiam justo etiam pretium iaculis justo in hac habitasse platea dictumst etiam faucibus cursus urna ut');
insert into descriptions (lang, resource_id, content) values ('por', 'd8e65393-cb32-4f57-9c3c-0f095eec8e5d', 'proin interdum mauris non ligula pellentesque ultrices phasellus id sapien');
insert into descriptions (lang, resource_id, content) values ('por', 'e6c58fef-e559-4536-ad19-2a3844ddafe9', 'sit amet turpis elementum ligula vehicula consequat morbi a ipsum integer a nibh in quis justo maecenas rhoncus');
insert into descriptions (lang, resource_id, content) values ('por', 'f868d2cc-7c69-439f-a3e5-cf667d07f016', 'quam sapien varius ut blandit non interdum in ante vestibulum ante ipsum primis in');
insert into descriptions (lang, resource_id, content) values ('spa', '06637587-c9ee-43a8-b627-c2e20d7cc056', 'ultrices erat tortor sollicitudin mi sit amet lobortis sapien sapien non mi integer ac neque duis');
insert into descriptions (lang, resource_id, content) values ('spa', '171d0947-7f17-4cd4-8a10-ac8969d640c4', 'at turpis donec posuere metus vitae ipsum aliquam non mauris morbi non lectus aliquam sit amet diam in magna bibendum');
insert into descriptions (lang, resource_id, content) values ('spa', '41891148-1713-46dc-9fdf-699194650a5a', 'volutpat quam pede lobortis ligula sit amet eleifend pede libero quis');
insert into descriptions (lang, resource_id, content) values ('spa', 'aa715cb4-7a40-4be3-a6ed-32aaa34d9ed2', 'ut massa quis augue luctus tincidunt nulla mollis molestie lorem quisque ut erat curabitur gravida nisi at nibh');
insert into descriptions (lang, resource_id, content) values ('spa', 'd8e65393-cb32-4f57-9c3c-0f095eec8e5d', 'quam fringilla rhoncus mauris enim leo rhoncus sed vestibulum sit amet cursus id turpis integer aliquet massa id');
insert into descriptions (lang, resource_id, content) values ('spa', 'e6c58fef-e559-4536-ad19-2a3844ddafe9', 'suscipit a feugiat et eros vestibulum ac est lacinia nisi venenatis tristique fusce');


insert into names (lang, resource_id, content) values ('deu', '01e075ae-b1ef-405b-b8f0-a9902e4d523b', 'Topicstorm Inc.');
insert into names (lang, resource_id, content) values ('deu', '171d0947-7f17-4cd4-8a10-ac8969d640c4', 'Mynte Inc.');
insert into names (lang, resource_id, content) values ('eng', '3f3fa8c4-86c6-4c99-a36e-d907c451f483', 'Skyble Inc.');
insert into names (lang, resource_id, content) values ('fra', 'aa715cb4-7a40-4be3-a6ed-32aaa34d9ed2', 'Skivee Inc.');
insert into names (lang, resource_id, content) values ('fra', 'ca9291e4-fa36-4758-96fe-8da7922bc8f6', 'Skibox Inc.');
insert into names (lang, resource_id, content) values ('fra', 'd8e65393-cb32-4f57-9c3c-0f095eec8e5d', 'Twitternation Inc.');
insert into names (lang, resource_id, content) values ('fra', 'f868d2cc-7c69-439f-a3e5-cf667d07f016', 'Wordpedia Inc.');
insert into names (lang, resource_id, content) values ('ita', '06637587-c9ee-43a8-b627-c2e20d7cc056', 'Einti Inc.');
insert into names (lang, resource_id, content) values ('ita', '932db5d1-b537-4700-b416-c11cdea26aa6', 'Abata Inc.');
insert into names (lang, resource_id, content) values ('por', '0bab94ae-5aa6-4874-b44e-ed7102b44f71', 'Teklist Inc.');
insert into names (lang, resource_id, content) values ('por', '15c6d4c2-b009-4769-8cc3-49792031c07c', 'Centimia Inc.');
insert into names (lang, resource_id, content) values ('por', '38f4eb9c-8d00-4944-96c4-96f81bb1fc09', 'Snaptags Inc.');
insert into names (lang, resource_id, content) values ('por', '41891148-1713-46dc-9fdf-699194650a5a', 'Camido Inc.');
insert into names (lang, resource_id, content) values ('por', '4538dec7-db1a-40ff-904d-2dc817f7c7b4', 'Browsecat Inc.');
insert into names (lang, resource_id, content) values ('por', '5735e9a1-cc28-4824-b392-cedde26746fa', 'Leenti Inc.');
insert into names (lang, resource_id, content) values ('por', '71f05b57-47a4-417e-ad81-f11364798073', 'Centimia Inc.');
insert into names (lang, resource_id, content) values ('por', '95166a13-1d79-4b6b-a57c-394976069182', 'Meedoo Inc.');
insert into names (lang, resource_id, content) values ('por', 'a46e4b22-15a6-40cf-87ab-16d5ad7a0940', 'Meembee Inc.');
insert into names (lang, resource_id, content) values ('por', 'e6c58fef-e559-4536-ad19-2a3844ddafe9', 'Meetz Inc.');
insert into names (lang, resource_id, content) values ('spa', 'd48a2076-4c28-4100-af9c-ecb7a47b053b', 'Livefish Inc.');


insert into short_names (lang, resource_id, content) values ('deu', '01e075ae-b1ef-405b-b8f0-a9902e4d523b', 'Topicstorm');
insert into short_names (lang, resource_id, content) values ('deu', '171d0947-7f17-4cd4-8a10-ac8969d640c4', 'Mynte');
insert into short_names (lang, resource_id, content) values ('eng', '3f3fa8c4-86c6-4c99-a36e-d907c451f483', 'Skyble');
insert into short_names (lang, resource_id, content) values ('fra', 'aa715cb4-7a40-4be3-a6ed-32aaa34d9ed2', 'Skivee');
insert into short_names (lang, resource_id, content) values ('fra', 'ca9291e4-fa36-4758-96fe-8da7922bc8f6', 'Skibox');
insert into short_names (lang, resource_id, content) values ('fra', 'd8e65393-cb32-4f57-9c3c-0f095eec8e5d', 'Twitternation');
insert into short_names (lang, resource_id, content) values ('fra', 'f868d2cc-7c69-439f-a3e5-cf667d07f016', 'Wordpedia');
insert into short_names (lang, resource_id, content) values ('ita', '06637587-c9ee-43a8-b627-c2e20d7cc056', 'Einti');
insert into short_names (lang, resource_id, content) values ('ita', '932db5d1-b537-4700-b416-c11cdea26aa6', 'Abata');
insert into short_names (lang, resource_id, content) values ('por', '0bab94ae-5aa6-4874-b44e-ed7102b44f71', 'Teklist');
insert into short_names (lang, resource_id, content) values ('por', '15c6d4c2-b009-4769-8cc3-49792031c07c', 'Centimia');
insert into short_names (lang, resource_id, content) values ('por', '38f4eb9c-8d00-4944-96c4-96f81bb1fc09', 'Snaptags');
insert into short_names (lang, resource_id, content) values ('por', '41891148-1713-46dc-9fdf-699194650a5a', 'Camido');
insert into short_names (lang, resource_id, content) values ('por', '4538dec7-db1a-40ff-904d-2dc817f7c7b4', 'Browsecat');
insert into short_names (lang, resource_id, content) values ('por', '5735e9a1-cc28-4824-b392-cedde26746fa', 'Leenti');
insert into short_names (lang, resource_id, content) values ('por', '71f05b57-47a4-417e-ad81-f11364798073', 'Centimia');
insert into short_names (lang, resource_id, content) values ('por', '95166a13-1d79-4b6b-a57c-394976069182', 'Meedoo');
insert into short_names (lang, resource_id, content) values ('por', 'a46e4b22-15a6-40cf-87ab-16d5ad7a0940', 'Meembee');
insert into short_names (lang, resource_id, content) values ('por', 'e6c58fef-e559-4536-ad19-2a3844ddafe9', 'Meetz');
insert into short_names (lang, resource_id, content) values ('spa', 'd48a2076-4c28-4100-af9c-ecb7a47b053b', 'Livefish');


insert into urls (lang, resource_id, content) values ('deu', '0bab94ae-5aa6-4874-b44e-ed7102b44f71', 'http://biblegateway.com');
insert into urls (lang, resource_id, content) values ('deu', '41891148-1713-46dc-9fdf-699194650a5a', 'http://bandcamp.com');
insert into urls (lang, resource_id, content) values ('fra', '01e075ae-b1ef-405b-b8f0-a9902e4d523b', 'http://liveinternet.ru');
insert into urls (lang, resource_id, content) values ('fra', '06637587-c9ee-43a8-b627-c2e20d7cc056', 'https://yandex.ru');
insert into urls (lang, resource_id, content) values ('fra', '15c6d4c2-b009-4769-8cc3-49792031c07c', 'https://nsw.gov.au');
insert into urls (lang, resource_id, content) values ('fra', '3f3fa8c4-86c6-4c99-a36e-d907c451f483', 'https://bizjournals.com');
insert into urls (lang, resource_id, content) values ('fra', '95166a13-1d79-4b6b-a57c-394976069182', 'https://desdev.cn');
insert into urls (lang, resource_id, content) values ('fra', 'a46e4b22-15a6-40cf-87ab-16d5ad7a0940', 'http://reverbnation.com');
insert into urls (lang, resource_id, content) values ('fra', 'aa715cb4-7a40-4be3-a6ed-32aaa34d9ed2', 'https://stanford.edu');
insert into urls (lang, resource_id, content) values ('fra', 'ca9291e4-fa36-4758-96fe-8da7922bc8f6', 'https://bloglines.com');
insert into urls (lang, resource_id, content) values ('por', '171d0947-7f17-4cd4-8a10-ac8969d640c4', 'https://dagondesign.com');
insert into urls (lang, resource_id, content) values ('por', '38f4eb9c-8d00-4944-96c4-96f81bb1fc09', 'http://sun.com');
insert into urls (lang, resource_id, content) values ('por', '4538dec7-db1a-40ff-904d-2dc817f7c7b4', 'https://earthlink.net');
insert into urls (lang, resource_id, content) values ('por', '5735e9a1-cc28-4824-b392-cedde26746fa', 'https://about.me');
insert into urls (lang, resource_id, content) values ('por', '932db5d1-b537-4700-b416-c11cdea26aa6', 'https://google.pl');
insert into urls (lang, resource_id, content) values ('por', 'd8e65393-cb32-4f57-9c3c-0f095eec8e5d', 'http://bing.com');
insert into urls (lang, resource_id, content) values ('por', 'e6c58fef-e559-4536-ad19-2a3844ddafe9', 'https://dion.ne.jp');
insert into urls (lang, resource_id, content) values ('spa', '71f05b57-47a4-417e-ad81-f11364798073', 'http://odnoklassniki.ru');
insert into urls (lang, resource_id, content) values ('spa', 'd48a2076-4c28-4100-af9c-ecb7a47b053b', 'https://shareasale.com');
insert into urls (lang, resource_id, content) values ('spa', 'f868d2cc-7c69-439f-a3e5-cf667d07f016', 'https://bbc.co.uk');


insert into addresses (country, zipcode, type) values ('PE', null, null);
insert into addresses (country, zipcode, type) values ('CZ', null, null);
insert into addresses (country, zipcode, type) values ('CN', 6826, 'office');
insert into addresses (country, zipcode, type) values ('JP', null, null);
insert into addresses (country, zipcode, type) values ('ID', 8170, 'office');
insert into addresses (country, zipcode, type) values ('ZA', 1165, 'office');
insert into addresses (country, zipcode, type) values ('SE', null, null);
insert into addresses (country, zipcode, type) values ('CN', 8489, 'office');
insert into addresses (country, zipcode, type) values ('IE', null, null);
insert into addresses (country, zipcode, type) values ('ID', 1222, 'headquartes');


insert into cities (lang, address_id, content) values ('por', 1, 'Zhengcun');
insert into cities (lang, address_id, content) values ('por', 2, 'Bălţi');
insert into cities (lang, address_id, content) values ('por', 3, 'Baki');
insert into cities (lang, address_id, content) values ('por', 4, 'Greensboro');
insert into cities (lang, address_id, content) values ('spa', 5, 'Chishui');
insert into cities (lang, address_id, content) values ('fra', 6, 'Kaduketug');
insert into cities (lang, address_id, content) values ('por', 7, 'La Julia');
insert into cities (lang, address_id, content) values ('eng', 8, 'Savannah');
insert into cities (lang, address_id, content) values ('fra', 9, 'Dazhigu');
insert into cities (lang, address_id, content) values ('por', 10, 'Blangpulo');


insert into streets (lang, address_id, content) values ('fra', 1, 'Susan');
insert into streets (lang, address_id, content) values ('fra', 2, 'Hermina');
insert into streets (lang, address_id, content) values ('fra', 3, 'Fremont');
insert into streets (lang, address_id, content) values ('por', 4, 'Waywood');
insert into streets (lang, address_id, content) values ('spa', 5, 'Manley');
insert into streets (lang, address_id, content) values ('spa', 6, 'Monterey');
insert into streets (lang, address_id, content) values ('por', 7, 'Mockingbird');
insert into streets (lang, address_id, content) values ('fra', 8, 'Gateway');
insert into streets (lang, address_id, content) values ('spa', 9, 'Atwood');
insert into streets (lang, address_id, content) values ('fra', 10, 'Declaration');


insert into complements (lang, address_id, content) values ('fra', 1, 'PO Box 41272');
insert into complements (lang, address_id, content) values ('por', 2, 'Room 1520');
insert into complements (lang, address_id, content) values ('fra', 3, 'Room 1312');
insert into complements (lang, address_id, content) values ('por', 4, 'Suite 14');
insert into complements (lang, address_id, content) values ('spa', 5, 'Suite 50');
insert into complements (lang, address_id, content) values ('por', 6, 'Suite 13');
insert into complements (lang, address_id, content) values ('por', 7, 'Suite 15');
insert into complements (lang, address_id, content) values ('por', 8, 'Suite 58');
insert into complements (lang, address_id, content) values ('fra', 9, 'Room 1544');
insert into complements (lang, address_id, content) values ('por', 10, 'Suite 99');


insert into regions (lang, address_id, content) values ('por', 1, 'Georgia');
insert into regions (lang, address_id, content) values ('por', 2, 'Massachusetts');
insert into regions (lang, address_id, content) values ('por', 3, 'Hawaii');
insert into regions (lang, address_id, content) values ('por', 4, 'New York');
insert into regions (lang, address_id, content) values ('fra', 5, 'Ohio');
insert into regions (lang, address_id, content) values ('por', 6, 'Pennsylvania');
insert into regions (lang, address_id, content) values ('por', 7, 'Arizona');
insert into regions (lang, address_id, content) values ('por', 8, 'North Carolina');
insert into regions (lang, address_id, content) values ('por', 9, 'Indiana');
insert into regions (lang, address_id, content) values ('fra', 10, 'New Mexico');


insert into contact_points (address_id, agent_id, email, telephone, available_hours) values (1, 'a46e4b22-15a6-40cf-87ab-16d5ad7a0940', null, null, null);
insert into contact_points (address_id, agent_id, email, telephone, available_hours) values (2, '0bab94ae-5aa6-4874-b44e-ed7102b44f71', 'tgilbanks2@meetup.com', null, null);
insert into contact_points (address_id, agent_id, email, telephone, available_hours) values (3, '01e075ae-b1ef-405b-b8f0-a9902e4d523b', null, '+2555093454094', '{  "dailySchedules": {    "2020-04-06": [ { "opens": "08:00:00", "closes": "18:00:00" } ],    "2020-04-07": [ { "opens": "08:00:00", "closes": "18:00:00" } ],    "2020-04-08": null,    "2020-04-09": [ { "opens": "08:00:00", "closes": "18:00:00" } ],    "2020-04-10": [ { "opens": "08:00:00", "closes": "18:00:00" } ]  },  "weeklySchedules": [    {      "validFrom": "2020-01-01",      "validTo": "2020-12-31",      "monday": [ { "opens": "08:00:00", "closes": "20:00:00" } ],      "tuesday": [ { "opens": "08:00:00", "closes": "20:00:00" } ],      "wednesday": [ { "opens": "08:00:00", "closes": "20:00:00" } ],      "thursday": [ { "opens": "08:00:00", "closes": "20:00:00" } ],      "friday": [ { "opens": "08:00:00", "closes": "20:00:00" } ],      "saturday": null,      "sunday": null    },    {      "validFrom": "2021-01-01",      "validTo": "2024-12-31",      "monday": [ { "opens": "08:00:00", "closes": "20:00:00" } ],      "tuesday": [ { "opens": "08:00:00", "closes": "20:00:00" } ],      "wednesday": [ { "opens": "08:00:00", "closes": "20:00:00" } ],      "thursday": [ { "opens": "08:00:00", "closes": "20:00:00" } ],      "friday": [ { "opens": "08:00:00", "closes": "20:00:00" } ],      "saturday": [ { "opens": "08:00:00", "closes": "22:00:00" } ],      "sunday": null    }  ]}');
insert into contact_points (address_id, agent_id, email, telephone, available_hours) values (4, 'f868d2cc-7c69-439f-a3e5-cf667d07f016', 'middens3@disqus.com', '+638824896017', '{  "dailySchedules": {    "2020-04-06": [ { "opens": "08:00:00", "closes": "18:00:00" } ],    "2020-04-07": [ { "opens": "08:00:00", "closes": "18:00:00" } ],    "2020-04-08": null,    "2020-04-09": [ { "opens": "08:00:00", "closes": "18:00:00" } ],    "2020-04-10": [ { "opens": "08:00:00", "closes": "18:00:00" } ]  },  "weeklySchedules": [    {      "validFrom": "2020-01-01",      "validTo": "2020-12-31",      "monday": [ { "opens": "08:00:00", "closes": "20:00:00" } ],      "tuesday": [ { "opens": "08:00:00", "closes": "20:00:00" } ],      "wednesday": [ { "opens": "08:00:00", "closes": "20:00:00" } ],      "thursday": [ { "opens": "08:00:00", "closes": "20:00:00" } ],      "friday": [ { "opens": "08:00:00", "closes": "20:00:00" } ],      "saturday": null,      "sunday": null    },    {      "validFrom": "2021-01-01",      "validTo": "2024-12-31",      "monday": [ { "opens": "08:00:00", "closes": "20:00:00" } ],      "tuesday": [ { "opens": "08:00:00", "closes": "20:00:00" } ],      "wednesday": [ { "opens": "08:00:00", "closes": "20:00:00" } ],      "thursday": [ { "opens": "08:00:00", "closes": "20:00:00" } ],      "friday": [ { "opens": "08:00:00", "closes": "20:00:00" } ],      "saturday": [ { "opens": "08:00:00", "closes": "22:00:00" } ],      "sunday": null    }  ]}');
insert into contact_points (address_id, agent_id, email, telephone, available_hours) values (5, '171d0947-7f17-4cd4-8a10-ac8969d640c4', null, null, null);
insert into contact_points (address_id, agent_id, email, telephone, available_hours) values (6, 'd8e65393-cb32-4f57-9c3c-0f095eec8e5d', null, null, null);
insert into contact_points (address_id, agent_id, email, telephone, available_hours) values (7, 'e6c58fef-e559-4536-ad19-2a3844ddafe9', null, '+818246661278', null);
insert into contact_points (address_id, agent_id, email, telephone, available_hours) values (8, 'a46e4b22-15a6-40cf-87ab-16d5ad7a0940', 'ebradshaw7@163.com', null, '{  "dailySchedules": {    "2020-04-06": [ { "opens": "08:00:00", "closes": "18:00:00" } ],    "2020-04-07": [ { "opens": "08:00:00", "closes": "18:00:00" } ],    "2020-04-08": null,    "2020-04-09": [ { "opens": "08:00:00", "closes": "18:00:00" } ],    "2020-04-10": [ { "opens": "08:00:00", "closes": "18:00:00" } ]  },  "weeklySchedules": [    {      "validFrom": "2020-01-01",      "validTo": "2020-12-31",      "monday": [ { "opens": "08:00:00", "closes": "20:00:00" } ],      "tuesday": [ { "opens": "08:00:00", "closes": "20:00:00" } ],      "wednesday": [ { "opens": "08:00:00", "closes": "20:00:00" } ],      "thursday": [ { "opens": "08:00:00", "closes": "20:00:00" } ],      "friday": [ { "opens": "08:00:00", "closes": "20:00:00" } ],      "saturday": null,      "sunday": null    },    {      "validFrom": "2021-01-01",      "validTo": "2024-12-31",      "monday": [ { "opens": "08:00:00", "closes": "20:00:00" } ],      "tuesday": [ { "opens": "08:00:00", "closes": "20:00:00" } ],      "wednesday": [ { "opens": "08:00:00", "closes": "20:00:00" } ],      "thursday": [ { "opens": "08:00:00", "closes": "20:00:00" } ],      "friday": [ { "opens": "08:00:00", "closes": "20:00:00" } ],      "saturday": [ { "opens": "08:00:00", "closes": "22:00:00" } ],      "sunday": null    }  ]}');
insert into contact_points (address_id, agent_id, email, telephone, available_hours) values (9, '0bab94ae-5aa6-4874-b44e-ed7102b44f71', null, '+621912410864', '{  "dailySchedules": {    "2020-04-06": [ { "opens": "08:00:00", "closes": "18:00:00" } ],    "2020-04-07": [ { "opens": "08:00:00", "closes": "18:00:00" } ],    "2020-04-08": null,    "2020-04-09": [ { "opens": "08:00:00", "closes": "18:00:00" } ],    "2020-04-10": [ { "opens": "08:00:00", "closes": "18:00:00" } ]  },  "weeklySchedules": [    {      "validFrom": "2020-01-01",      "validTo": "2020-12-31",      "monday": [ { "opens": "08:00:00", "closes": "20:00:00" } ],      "tuesday": [ { "opens": "08:00:00", "closes": "20:00:00" } ],      "wednesday": [ { "opens": "08:00:00", "closes": "20:00:00" } ],      "thursday": [ { "opens": "08:00:00", "closes": "20:00:00" } ],      "friday": [ { "opens": "08:00:00", "closes": "20:00:00" } ],      "saturday": null,      "sunday": null    },    {      "validFrom": "2021-01-01",      "validTo": "2024-12-31",      "monday": [ { "opens": "08:00:00", "closes": "20:00:00" } ],      "tuesday": [ { "opens": "08:00:00", "closes": "20:00:00" } ],      "wednesday": [ { "opens": "08:00:00", "closes": "20:00:00" } ],      "thursday": [ { "opens": "08:00:00", "closes": "20:00:00" } ],      "friday": [ { "opens": "08:00:00", "closes": "20:00:00" } ],      "saturday": [ { "opens": "08:00:00", "closes": "22:00:00" } ],      "sunday": null    }  ]}');
insert into contact_points (address_id, agent_id, email, telephone, available_hours) values (10, '01e075ae-b1ef-405b-b8f0-a9902e4d523b', 'dmorforth8@people.com.cn', null, null);


insert into resource_categories (resource_id, category_id) values ('15c6d4c2-b009-4769-8cc3-49792031c07c', 'alpinebits:organization');
insert into resource_categories (resource_id, category_id) values ('95166a13-1d79-4b6b-a57c-394976069182', 'alpinebits:organization');
insert into resource_categories (resource_id, category_id) values ('4538dec7-db1a-40ff-904d-2dc817f7c7b4', 'alpinebits:organization');
insert into resource_categories (resource_id, category_id) values ('3f3fa8c4-86c6-4c99-a36e-d907c451f483', 'alpinebits:organization');
insert into resource_categories (resource_id, category_id) values ('932db5d1-b537-4700-b416-c11cdea26aa6', 'alpinebits:organization');
insert into resource_categories (resource_id, category_id) values ('71f05b57-47a4-417e-ad81-f11364798073', 'alpinebits:organization');
insert into resource_categories (resource_id, category_id) values ('5735e9a1-cc28-4824-b392-cedde26746fa', 'alpinebits:organization');
insert into resource_categories (resource_id, category_id) values ('38f4eb9c-8d00-4944-96c4-96f81bb1fc09', 'alpinebits:organization');
insert into resource_categories (resource_id, category_id) values ('ca9291e4-fa36-4758-96fe-8da7922bc8f6', 'alpinebits:organization');
insert into resource_categories (resource_id, category_id) values ('d48a2076-4c28-4100-af9c-ecb7a47b053b', 'alpinebits:organization');
insert into resource_categories (resource_id, category_id) values ('a46e4b22-15a6-40cf-87ab-16d5ad7a0940', 'alpinebits:organization');
insert into resource_categories (resource_id, category_id) values ('0bab94ae-5aa6-4874-b44e-ed7102b44f71', 'alpinebits:organization');
insert into resource_categories (resource_id, category_id) values ('01e075ae-b1ef-405b-b8f0-a9902e4d523b', 'alpinebits:organization');
insert into resource_categories (resource_id, category_id) values ('f868d2cc-7c69-439f-a3e5-cf667d07f016', 'alpinebits:organization');
insert into resource_categories (resource_id, category_id) values ('171d0947-7f17-4cd4-8a10-ac8969d640c4', 'alpinebits:organization');
insert into resource_categories (resource_id, category_id) values ('d8e65393-cb32-4f57-9c3c-0f095eec8e5d', 'alpinebits:organization');
insert into resource_categories (resource_id, category_id) values ('e6c58fef-e559-4536-ad19-2a3844ddafe9', 'alpinebits:organization');
insert into resource_categories (resource_id, category_id) values ('41891148-1713-46dc-9fdf-699194650a5a', 'alpinebits:organization');
insert into resource_categories (resource_id, category_id) values ('aa715cb4-7a40-4be3-a6ed-32aaa34d9ed2', 'alpinebits:organization');
insert into resource_categories (resource_id, category_id) values ('06637587-c9ee-43a8-b627-c2e20d7cc056', 'alpinebits:organization');




---------------------- INSERT CATEGORIES ----------------------


insert into resources (id, type, data_provider, created_at, last_update) values ('example:BlueViolet', 'categories', 'https://alexa.com', '2018-06-22T05:39:02Z', '2022-11-01T16:41:49Z');
insert into resources (id, type, data_provider, created_at, last_update) values ('example:Coral', 'categories', 'https://examiner.com', '2021-08-28T20:35:19Z', '2022-02-03T21:58:45Z');
insert into resources (id, type, data_provider, created_at, last_update) values ('example:DarkOrange', 'categories', 'http://godaddy.com', '2022-09-29T07:04:30Z', '2022-01-30T06:21:15Z');
insert into resources (id, type, data_provider, created_at, last_update) values ('example:Fuchsia', 'categories', 'https://blogspot.com', '2017-02-19T03:33:07Z', '2022-01-26T11:05:41Z');
insert into resources (id, type, data_provider, created_at, last_update) values ('example:Gold', 'categories', 'http://devhub.com', '2021-09-13T21:09:08Z', '2022-04-12T14:49:24Z');
insert into resources (id, type, data_provider, created_at, last_update) values ('example:IndianRed', 'categories', 'https://macromedia.com', '2018-07-29T14:37:16Z', '2022-09-30T07:24:03Z');
insert into resources (id, type, data_provider, created_at, last_update) values ('example:LemonChiffon', 'categories', 'https://taobao.com', '2018-05-28T00:37:25Z', '2022-02-04T14:50:50Z');
insert into resources (id, type, data_provider, created_at, last_update) values ('example:LightSalmon', 'categories', 'https://prlog.org', '2021-04-06T09:43:37Z', '2022-05-15T21:15:14Z');
insert into resources (id, type, data_provider, created_at, last_update) values ('example:MediumAquamarine', 'categories', 'https://utexas.edu', '2018-04-06T21:48:30Z', '2022-05-17T18:30:01Z');
insert into resources (id, type, data_provider, created_at, last_update) values ('example:LightYellow', 'categories', 'http://sourceforge.net', '2020-05-27T03:29:38Z', '2022-10-11T17:16:18Z');
insert into resources (id, type, data_provider, created_at, last_update) values ('example:Magenta', 'categories', 'http://indiegogo.com', '2021-06-22T11:37:39Z', '2022-12-08T00:47:38Z');
insert into resources (id, type, data_provider, created_at, last_update) values ('example:MediumOrchid', 'categories', 'http://ibm.com', '2019-04-12T22:48:57Z', '2022-08-29T23:11:11Z');
insert into resources (id, type, data_provider, created_at, last_update) values ('example:MediumPurple', 'categories', 'https://reuters.com', '2019-09-21T11:11:48Z', '2022-10-13T21:22:58Z');
insert into resources (id, type, data_provider, created_at, last_update) values ('example:MediumTurquoise', 'categories', 'https://redcross.org', '2019-04-26T04:54:26Z', '2022-12-30T11:16:05Z');
insert into resources (id, type, data_provider, created_at, last_update) values ('example:Orange', 'categories', 'http://alibaba.com', '2018-10-27T22:42:23Z', '2022-12-20T08:22:28Z');
insert into resources (id, type, data_provider, created_at, last_update) values ('example:OrangeRed', 'categories', 'http://marriott.com', '2019-04-14T23:09:44Z', '2022-12-16T21:17:06Z');
insert into resources (id, type, data_provider, created_at, last_update) values ('example:Orchid', 'categories', 'https://cargocollective.com', '2017-12-11T11:41:37Z', '2022-10-01T11:45:09Z');
insert into resources (id, type, data_provider, created_at, last_update) values ('example:RebeccaPurple', 'categories', 'https://multiply.com', '2017-12-06T11:31:49Z', '2023-01-05T18:29:45Z');
insert into resources (id, type, data_provider, created_at, last_update) values ('example:Tomato', 'categories', 'http://histats.com', '2018-10-27T21:37:31Z', '2022-02-09T00:36:05Z');
insert into resources (id, type, data_provider, created_at, last_update) values ('example:Yellow', 'categories', 'https://mit.edu', '2022-08-08T22:43:21Z', '2022-04-14T00:28:33Z');


insert into categories (id, namespace) values ('example:BlueViolet', 'example');
insert into categories (id, namespace) values ('example:Coral', 'example');
insert into categories (id, namespace) values ('example:DarkOrange', 'example');
insert into categories (id, namespace) values ('example:Fuchsia', 'example');
insert into categories (id, namespace) values ('example:Gold', 'example');
insert into categories (id, namespace) values ('example:IndianRed', 'example');
insert into categories (id, namespace) values ('example:LemonChiffon', 'example');
insert into categories (id, namespace) values ('example:LightSalmon', 'example');
insert into categories (id, namespace) values ('example:MediumAquamarine', 'example');
insert into categories (id, namespace) values ('example:LightYellow', 'example');
insert into categories (id, namespace) values ('example:Magenta', 'example');
insert into categories (id, namespace) values ('example:MediumOrchid', 'example');
insert into categories (id, namespace) values ('example:MediumPurple', 'example');
insert into categories (id, namespace) values ('example:MediumTurquoise', 'example');
insert into categories (id, namespace) values ('example:Orange', 'example');
insert into categories (id, namespace) values ('example:OrangeRed', 'example');
insert into categories (id, namespace) values ('example:Orchid', 'example');
insert into categories (id, namespace) values ('example:RebeccaPurple', 'example');
insert into categories (id, namespace) values ('example:Tomato', 'example');
insert into categories (id, namespace) values ('example:Yellow', 'example');


insert into category_covered_types (category_id, type) values ('example:BlueViolet', 'agents');
insert into category_covered_types (category_id, type) values ('example:Coral', 'agents');
insert into category_covered_types (category_id, type) values ('example:DarkOrange', 'agents');
insert into category_covered_types (category_id, type) values ('example:Fuchsia', 'agents');
insert into category_covered_types (category_id, type) values ('example:Gold', 'agents');
insert into category_covered_types (category_id, type) values ('example:IndianRed', 'agents');
insert into category_covered_types (category_id, type) values ('example:LemonChiffon', 'agents');
insert into category_covered_types (category_id, type) values ('example:LightSalmon', 'agents');
insert into category_covered_types (category_id, type) values ('example:MediumAquamarine', 'agents');
insert into category_covered_types (category_id, type) values ('example:LightYellow', 'agents');
insert into category_covered_types (category_id, type) values ('example:Magenta', 'agents');
insert into category_covered_types (category_id, type) values ('example:MediumOrchid', 'agents');
insert into category_covered_types (category_id, type) values ('example:MediumPurple', 'agents');
insert into category_covered_types (category_id, type) values ('example:MediumTurquoise', 'agents');
insert into category_covered_types (category_id, type) values ('example:Orange', 'agents');
insert into category_covered_types (category_id, type) values ('example:OrangeRed', 'agents');
insert into category_covered_types (category_id, type) values ('example:Orchid', 'agents');
insert into category_covered_types (category_id, type) values ('example:RebeccaPurple', 'agents');
insert into category_covered_types (category_id, type) values ('example:Tomato', 'agents');
insert into category_covered_types (category_id, type) values ('example:Yellow', 'agents');

insert into category_covered_types (category_id, type) values ('example:BlueViolet', 'events');
insert into category_covered_types (category_id, type) values ('example:Coral', 'events');
insert into category_covered_types (category_id, type) values ('example:DarkOrange', 'events');
insert into category_covered_types (category_id, type) values ('example:Fuchsia', 'events');
insert into category_covered_types (category_id, type) values ('example:Gold', 'events');
insert into category_covered_types (category_id, type) values ('example:IndianRed', 'events');
insert into category_covered_types (category_id, type) values ('example:LemonChiffon', 'events');
insert into category_covered_types (category_id, type) values ('example:LightSalmon', 'events');
insert into category_covered_types (category_id, type) values ('example:MediumAquamarine', 'events');
insert into category_covered_types (category_id, type) values ('example:LightYellow', 'events');
insert into category_covered_types (category_id, type) values ('example:Magenta', 'events');
insert into category_covered_types (category_id, type) values ('example:MediumOrchid', 'events');
insert into category_covered_types (category_id, type) values ('example:MediumPurple', 'events');
insert into category_covered_types (category_id, type) values ('example:MediumTurquoise', 'events');
insert into category_covered_types (category_id, type) values ('example:Orange', 'events');
insert into category_covered_types (category_id, type) values ('example:OrangeRed', 'events');
insert into category_covered_types (category_id, type) values ('example:Orchid', 'events');
insert into category_covered_types (category_id, type) values ('example:RebeccaPurple', 'events');
insert into category_covered_types (category_id, type) values ('example:Tomato', 'events');
insert into category_covered_types (category_id, type) values ('example:Yellow', 'events');

insert into category_covered_types (category_id, type) values ('example:BlueViolet', 'eventSeries');
insert into category_covered_types (category_id, type) values ('example:Coral', 'eventSeries');
insert into category_covered_types (category_id, type) values ('example:DarkOrange', 'eventSeries');
insert into category_covered_types (category_id, type) values ('example:Fuchsia', 'eventSeries');
insert into category_covered_types (category_id, type) values ('example:Gold', 'eventSeries');
insert into category_covered_types (category_id, type) values ('example:IndianRed', 'eventSeries');
insert into category_covered_types (category_id, type) values ('example:LemonChiffon', 'eventSeries');
insert into category_covered_types (category_id, type) values ('example:LightSalmon', 'eventSeries');
insert into category_covered_types (category_id, type) values ('example:MediumAquamarine', 'eventSeries');
insert into category_covered_types (category_id, type) values ('example:LightYellow', 'eventSeries');
insert into category_covered_types (category_id, type) values ('example:Magenta', 'eventSeries');
insert into category_covered_types (category_id, type) values ('example:MediumOrchid', 'eventSeries');
insert into category_covered_types (category_id, type) values ('example:MediumPurple', 'eventSeries');
insert into category_covered_types (category_id, type) values ('example:MediumTurquoise', 'eventSeries');
insert into category_covered_types (category_id, type) values ('example:Orange', 'eventSeries');
insert into category_covered_types (category_id, type) values ('example:OrangeRed', 'eventSeries');
insert into category_covered_types (category_id, type) values ('example:Orchid', 'eventSeries');
insert into category_covered_types (category_id, type) values ('example:RebeccaPurple', 'eventSeries');
insert into category_covered_types (category_id, type) values ('example:Tomato', 'eventSeries');
insert into category_covered_types (category_id, type) values ('example:Yellow', 'eventSeries');

insert into category_covered_types (category_id, type) values ('example:BlueViolet', 'lifts');
insert into category_covered_types (category_id, type) values ('example:Coral', 'lifts');
insert into category_covered_types (category_id, type) values ('example:DarkOrange', 'lifts');
insert into category_covered_types (category_id, type) values ('example:Fuchsia', 'lifts');
insert into category_covered_types (category_id, type) values ('example:Gold', 'lifts');
insert into category_covered_types (category_id, type) values ('example:IndianRed', 'lifts');
insert into category_covered_types (category_id, type) values ('example:LemonChiffon', 'lifts');
insert into category_covered_types (category_id, type) values ('example:LightSalmon', 'lifts');
insert into category_covered_types (category_id, type) values ('example:MediumAquamarine', 'lifts');
insert into category_covered_types (category_id, type) values ('example:LightYellow', 'lifts');
insert into category_covered_types (category_id, type) values ('example:Magenta', 'lifts');
insert into category_covered_types (category_id, type) values ('example:MediumOrchid', 'lifts');
insert into category_covered_types (category_id, type) values ('example:MediumPurple', 'lifts');
insert into category_covered_types (category_id, type) values ('example:MediumTurquoise', 'lifts');
insert into category_covered_types (category_id, type) values ('example:Orange', 'lifts');
insert into category_covered_types (category_id, type) values ('example:OrangeRed', 'lifts');
insert into category_covered_types (category_id, type) values ('example:Orchid', 'lifts');
insert into category_covered_types (category_id, type) values ('example:RebeccaPurple', 'lifts');
insert into category_covered_types (category_id, type) values ('example:Tomato', 'lifts');
insert into category_covered_types (category_id, type) values ('example:Yellow', 'lifts');

insert into category_covered_types (category_id, type) values ('example:BlueViolet', 'mediaObjects');
insert into category_covered_types (category_id, type) values ('example:Coral', 'mediaObjects');
insert into category_covered_types (category_id, type) values ('example:DarkOrange', 'mediaObjects');
insert into category_covered_types (category_id, type) values ('example:Fuchsia', 'mediaObjects');
insert into category_covered_types (category_id, type) values ('example:Gold', 'mediaObjects');
insert into category_covered_types (category_id, type) values ('example:IndianRed', 'mediaObjects');
insert into category_covered_types (category_id, type) values ('example:LemonChiffon', 'mediaObjects');
insert into category_covered_types (category_id, type) values ('example:LightSalmon', 'mediaObjects');
insert into category_covered_types (category_id, type) values ('example:MediumAquamarine', 'mediaObjects');
insert into category_covered_types (category_id, type) values ('example:LightYellow', 'mediaObjects');
insert into category_covered_types (category_id, type) values ('example:Magenta', 'mediaObjects');
insert into category_covered_types (category_id, type) values ('example:MediumOrchid', 'mediaObjects');
insert into category_covered_types (category_id, type) values ('example:MediumPurple', 'mediaObjects');
insert into category_covered_types (category_id, type) values ('example:MediumTurquoise', 'mediaObjects');
insert into category_covered_types (category_id, type) values ('example:Orange', 'mediaObjects');
insert into category_covered_types (category_id, type) values ('example:OrangeRed', 'mediaObjects');
insert into category_covered_types (category_id, type) values ('example:Orchid', 'mediaObjects');
insert into category_covered_types (category_id, type) values ('example:RebeccaPurple', 'mediaObjects');
insert into category_covered_types (category_id, type) values ('example:Tomato', 'mediaObjects');
insert into category_covered_types (category_id, type) values ('example:Yellow', 'mediaObjects');

insert into category_covered_types (category_id, type) values ('example:BlueViolet', 'mountainAreas');
insert into category_covered_types (category_id, type) values ('example:Coral', 'mountainAreas');
insert into category_covered_types (category_id, type) values ('example:DarkOrange', 'mountainAreas');
insert into category_covered_types (category_id, type) values ('example:Fuchsia', 'mountainAreas');
insert into category_covered_types (category_id, type) values ('example:Gold', 'mountainAreas');
insert into category_covered_types (category_id, type) values ('example:IndianRed', 'mountainAreas');
insert into category_covered_types (category_id, type) values ('example:LemonChiffon', 'mountainAreas');
insert into category_covered_types (category_id, type) values ('example:LightSalmon', 'mountainAreas');
insert into category_covered_types (category_id, type) values ('example:MediumAquamarine', 'mountainAreas');
insert into category_covered_types (category_id, type) values ('example:LightYellow', 'mountainAreas');
insert into category_covered_types (category_id, type) values ('example:Magenta', 'mountainAreas');
insert into category_covered_types (category_id, type) values ('example:MediumOrchid', 'mountainAreas');
insert into category_covered_types (category_id, type) values ('example:MediumPurple', 'mountainAreas');
insert into category_covered_types (category_id, type) values ('example:MediumTurquoise', 'mountainAreas');
insert into category_covered_types (category_id, type) values ('example:Orange', 'mountainAreas');
insert into category_covered_types (category_id, type) values ('example:OrangeRed', 'mountainAreas');
insert into category_covered_types (category_id, type) values ('example:Orchid', 'mountainAreas');
insert into category_covered_types (category_id, type) values ('example:RebeccaPurple', 'mountainAreas');
insert into category_covered_types (category_id, type) values ('example:Tomato', 'mountainAreas');
insert into category_covered_types (category_id, type) values ('example:Yellow', 'mountainAreas');

insert into category_covered_types (category_id, type) values ('example:BlueViolet', 'skiSlopes');
insert into category_covered_types (category_id, type) values ('example:Coral', 'skiSlopes');
insert into category_covered_types (category_id, type) values ('example:DarkOrange', 'skiSlopes');
insert into category_covered_types (category_id, type) values ('example:Fuchsia', 'skiSlopes');
insert into category_covered_types (category_id, type) values ('example:Gold', 'skiSlopes');
insert into category_covered_types (category_id, type) values ('example:IndianRed', 'skiSlopes');
insert into category_covered_types (category_id, type) values ('example:LemonChiffon', 'skiSlopes');
insert into category_covered_types (category_id, type) values ('example:LightSalmon', 'skiSlopes');
insert into category_covered_types (category_id, type) values ('example:MediumAquamarine', 'skiSlopes');
insert into category_covered_types (category_id, type) values ('example:LightYellow', 'skiSlopes');
insert into category_covered_types (category_id, type) values ('example:Magenta', 'skiSlopes');
insert into category_covered_types (category_id, type) values ('example:MediumOrchid', 'skiSlopes');
insert into category_covered_types (category_id, type) values ('example:MediumPurple', 'skiSlopes');
insert into category_covered_types (category_id, type) values ('example:MediumTurquoise', 'skiSlopes');
insert into category_covered_types (category_id, type) values ('example:Orange', 'skiSlopes');
insert into category_covered_types (category_id, type) values ('example:OrangeRed', 'skiSlopes');
insert into category_covered_types (category_id, type) values ('example:Orchid', 'skiSlopes');
insert into category_covered_types (category_id, type) values ('example:RebeccaPurple', 'skiSlopes');
insert into category_covered_types (category_id, type) values ('example:Tomato', 'skiSlopes');
insert into category_covered_types (category_id, type) values ('example:Yellow', 'skiSlopes');

insert into category_covered_types (category_id, type) values ('example:BlueViolet', 'snowparks');
insert into category_covered_types (category_id, type) values ('example:Coral', 'snowparks');
insert into category_covered_types (category_id, type) values ('example:DarkOrange', 'snowparks');
insert into category_covered_types (category_id, type) values ('example:Fuchsia', 'snowparks');
insert into category_covered_types (category_id, type) values ('example:Gold', 'snowparks');
insert into category_covered_types (category_id, type) values ('example:IndianRed', 'snowparks');
insert into category_covered_types (category_id, type) values ('example:LemonChiffon', 'snowparks');
insert into category_covered_types (category_id, type) values ('example:LightSalmon', 'snowparks');
insert into category_covered_types (category_id, type) values ('example:MediumAquamarine', 'snowparks');
insert into category_covered_types (category_id, type) values ('example:LightYellow', 'snowparks');
insert into category_covered_types (category_id, type) values ('example:Magenta', 'snowparks');
insert into category_covered_types (category_id, type) values ('example:MediumOrchid', 'snowparks');
insert into category_covered_types (category_id, type) values ('example:MediumPurple', 'snowparks');
insert into category_covered_types (category_id, type) values ('example:MediumTurquoise', 'snowparks');
insert into category_covered_types (category_id, type) values ('example:Orange', 'snowparks');
insert into category_covered_types (category_id, type) values ('example:OrangeRed', 'snowparks');
insert into category_covered_types (category_id, type) values ('example:Orchid', 'snowparks');
insert into category_covered_types (category_id, type) values ('example:RebeccaPurple', 'snowparks');
insert into category_covered_types (category_id, type) values ('example:Tomato', 'snowparks');
insert into category_covered_types (category_id, type) values ('example:Yellow', 'snowparks');

insert into category_covered_types (category_id, type) values ('example:BlueViolet', 'venues');
insert into category_covered_types (category_id, type) values ('example:Coral', 'venues');
insert into category_covered_types (category_id, type) values ('example:DarkOrange', 'venues');
insert into category_covered_types (category_id, type) values ('example:Fuchsia', 'venues');
insert into category_covered_types (category_id, type) values ('example:Gold', 'venues');
insert into category_covered_types (category_id, type) values ('example:IndianRed', 'venues');
insert into category_covered_types (category_id, type) values ('example:LemonChiffon', 'venues');
insert into category_covered_types (category_id, type) values ('example:LightSalmon', 'venues');
insert into category_covered_types (category_id, type) values ('example:MediumAquamarine', 'venues');
insert into category_covered_types (category_id, type) values ('example:LightYellow', 'venues');
insert into category_covered_types (category_id, type) values ('example:Magenta', 'venues');
insert into category_covered_types (category_id, type) values ('example:MediumOrchid', 'venues');
insert into category_covered_types (category_id, type) values ('example:MediumPurple', 'venues');
insert into category_covered_types (category_id, type) values ('example:MediumTurquoise', 'venues');
insert into category_covered_types (category_id, type) values ('example:Orange', 'venues');
insert into category_covered_types (category_id, type) values ('example:OrangeRed', 'venues');
insert into category_covered_types (category_id, type) values ('example:Orchid', 'venues');
insert into category_covered_types (category_id, type) values ('example:RebeccaPurple', 'venues');
insert into category_covered_types (category_id, type) values ('example:Tomato', 'venues');
insert into category_covered_types (category_id, type) values ('example:Yellow', 'venues');


insert into category_specializations (parent_id, child_id) values ('example:Orchid', 'example:Orange');
insert into category_specializations (parent_id, child_id) values ('example:Orchid', 'example:Yellow');
insert into category_specializations (parent_id, child_id) values ('example:RebeccaPurple', 'example:Orchid');
insert into category_specializations (parent_id, child_id) values ('example:RebeccaPurple', 'example:Yellow');
insert into category_specializations (parent_id, child_id) values ('example:Tomato', 'example:RebeccaPurple');
insert into category_specializations (parent_id, child_id) values ('example:Tomato', 'example:Yellow');
insert into category_specializations (parent_id, child_id) values ('example:Yellow', 'example:OrangeRed');


insert into names (resource_id, lang, content) values ('example:BlueViolet', 'eng', 'BlueViolet');
insert into names (resource_id, lang, content) values ('example:Coral', 'eng', 'Coral');
insert into names (resource_id, lang, content) values ('example:DarkOrange', 'eng', 'DarkOrange');
insert into names (resource_id, lang, content) values ('example:Fuchsia', 'eng', 'Fuchsia');
insert into names (resource_id, lang, content) values ('example:Gold', 'eng', 'Gold');
insert into names (resource_id, lang, content) values ('example:IndianRed', 'eng', 'IndianRed');
insert into names (resource_id, lang, content) values ('example:LemonChiffon', 'eng', 'LemonChiffon');
insert into names (resource_id, lang, content) values ('example:LightSalmon', 'eng', 'LightSalmon');
insert into names (resource_id, lang, content) values ('example:MediumAquamarine', 'eng', 'MediumAquamarine');
insert into names (resource_id, lang, content) values ('example:LightYellow', 'eng', 'LightYellow');
insert into names (resource_id, lang, content) values ('example:Magenta', 'eng', 'Magenta');
insert into names (resource_id, lang, content) values ('example:MediumOrchid', 'eng', 'MediumOrchid');
insert into names (resource_id, lang, content) values ('example:MediumPurple', 'eng', 'MediumPurple');
insert into names (resource_id, lang, content) values ('example:MediumTurquoise', 'eng', 'MediumTurquoise');
insert into names (resource_id, lang, content) values ('example:Orange', 'eng', 'Orange');
insert into names (resource_id, lang, content) values ('example:OrangeRed', 'eng', 'OrangeRed');
insert into names (resource_id, lang, content) values ('example:Orchid', 'eng', 'Orchid');
insert into names (resource_id, lang, content) values ('example:RebeccaPurple', 'eng', 'RebeccaPurple');
insert into names (resource_id, lang, content) values ('example:Tomato', 'eng', 'Tomato');
insert into names (resource_id, lang, content) values ('example:Yellow', 'eng', 'Yellow');



---------------------- INSERT FEATURES ----------------------


insert into resources (id, type, data_provider, created_at, last_update) values ('example:Cow', 'features', 'https://naver.com', '2020-10-02T09:24:30Z', '2022-12-12T03:51:38Z');
insert into resources (id, type, data_provider, created_at, last_update) values ('example:Rabbit', 'features', 'https://epa.gov', '2019-03-10T18:04:01Z', '2022-07-14T17:19:56Z');
insert into resources (id, type, data_provider, created_at, last_update) values ('example:Ducks', 'features', 'http://nsw.gov.au', '2022-09-02T14:14:05Z', '2023-01-08T07:43:01Z');
insert into resources (id, type, data_provider, created_at, last_update) values ('example:Pig', 'features', 'http://microsoft.com', '2017-08-09T08:39:58Z', '2022-05-12T21:15:47Z');
insert into resources (id, type, data_provider, created_at, last_update) values ('example:Goat', 'features', 'https://livejournal.com', '2022-09-23T17:06:42Z', '2022-11-24T12:25:12Z');
insert into resources (id, type, data_provider, created_at, last_update) values ('example:Crab', 'features', 'http://mashable.com', '2018-06-26T00:54:34Z', '2022-02-13T21:38:02Z');
insert into resources (id, type, data_provider, created_at, last_update) values ('example:Deer', 'features', 'http://home.pl', '2022-07-11T13:41:16Z', '2022-07-03T05:37:44Z');
insert into resources (id, type, data_provider, created_at, last_update) values ('example:Bee', 'features', 'https://mozilla.org', '2018-05-10T12:25:05Z', '2022-05-25T03:29:35Z');
insert into resources (id, type, data_provider, created_at, last_update) values ('example:Sheep', 'features', 'https://adobe.com', '2018-06-13T16:18:17Z', '2023-01-09T02:48:01Z');
insert into resources (id, type, data_provider, created_at, last_update) values ('example:Fish', 'features', 'https://youtube.com', '2020-03-09T09:03:45Z', '2022-04-29T21:27:05Z');
insert into resources (id, type, data_provider, created_at, last_update) values ('example:Hamster', 'features', 'https://alexa.com', '2019-12-13T19:11:45Z', '2022-10-20T22:54:48Z');
insert into resources (id, type, data_provider, created_at, last_update) values ('example:Dove', 'features', 'http://disqus.com', '2022-12-21T04:49:53Z', '2022-06-22T03:38:22Z');
insert into resources (id, type, data_provider, created_at, last_update) values ('example:Chicken', 'features', 'http://diigo.com', '2019-12-24T19:16:59Z', '2022-06-02T06:03:31Z');
insert into resources (id, type, data_provider, created_at, last_update) values ('example:Horse', 'features', 'https://businesswire.com', '2017-01-27T15:42:18Z', '2022-12-15T12:40:13Z');
insert into resources (id, type, data_provider, created_at, last_update) values ('example:Dog', 'features', 'https://boston.com', '2019-04-01T01:07:21Z', '2022-06-05T09:28:32Z');
insert into resources (id, type, data_provider, created_at, last_update) values ('example:Puppy', 'features', 'https://google.nl', '2017-06-21T13:55:51Z', '2022-08-25T16:02:10Z');
insert into resources (id, type, data_provider, created_at, last_update) values ('example:Hawk', 'features', 'https://scribd.com', '2020-02-27T19:23:41Z', '2022-06-04T12:36:49Z');
insert into resources (id, type, data_provider, created_at, last_update) values ('example:Owl', 'features', 'https://smugmug.com', '2020-03-21T01:53:20Z', '2022-05-24T12:16:26Z');
insert into resources (id, type, data_provider, created_at, last_update) values ('example:Parrot', 'features', 'https://homestead.com', '2017-07-09T23:06:51Z', '2022-10-18T18:09:17Z');
insert into resources (id, type, data_provider, created_at, last_update) values ('example:Cat', 'features', 'http://msn.com', '2017-07-08T03:20:17Z', '2022-07-23T21:10:23Z');


insert into features (id, namespace) values ('example:Cow', 'example');
insert into features (id, namespace) values ('example:Rabbit', 'example');
insert into features (id, namespace) values ('example:Ducks', 'example');
insert into features (id, namespace) values ('example:Pig', 'example');
insert into features (id, namespace) values ('example:Goat', 'example');
insert into features (id, namespace) values ('example:Crab', 'example');
insert into features (id, namespace) values ('example:Deer', 'example');
insert into features (id, namespace) values ('example:Bee', 'example');
insert into features (id, namespace) values ('example:Sheep', 'example');
insert into features (id, namespace) values ('example:Fish', 'example');
insert into features (id, namespace) values ('example:Hamster', 'example');
insert into features (id, namespace) values ('example:Dove', 'example');
insert into features (id, namespace) values ('example:Chicken', 'example');
insert into features (id, namespace) values ('example:Horse', 'example');
insert into features (id, namespace) values ('example:Dog', 'example');
insert into features (id, namespace) values ('example:Puppy', 'example');
insert into features (id, namespace) values ('example:Hawk', 'example');
insert into features (id, namespace) values ('example:Owl', 'example');
insert into features (id, namespace) values ('example:Parrot', 'example');
insert into features (id, namespace) values ('example:Cat', 'example');


insert into feature_covered_types (feature_id, type) values ('example:Cow', 'snowparks');
insert into feature_covered_types (feature_id, type) values ('example:Rabbit', 'snowparks');
insert into feature_covered_types (feature_id, type) values ('example:Ducks', 'snowparks');
insert into feature_covered_types (feature_id, type) values ('example:Pig', 'snowparks');
insert into feature_covered_types (feature_id, type) values ('example:Goat', 'snowparks');
insert into feature_covered_types (feature_id, type) values ('example:Crab', 'snowparks');
insert into feature_covered_types (feature_id, type) values ('example:Deer', 'snowparks');
insert into feature_covered_types (feature_id, type) values ('example:Bee', 'snowparks');
insert into feature_covered_types (feature_id, type) values ('example:Sheep', 'snowparks');
insert into feature_covered_types (feature_id, type) values ('example:Fish', 'snowparks');
insert into feature_covered_types (feature_id, type) values ('example:Hamster', 'snowparks');
insert into feature_covered_types (feature_id, type) values ('example:Dove', 'snowparks');
insert into feature_covered_types (feature_id, type) values ('example:Chicken', 'snowparks');
insert into feature_covered_types (feature_id, type) values ('example:Horse', 'snowparks');
insert into feature_covered_types (feature_id, type) values ('example:Dog', 'snowparks');
insert into feature_covered_types (feature_id, type) values ('example:Puppy', 'snowparks');
insert into feature_covered_types (feature_id, type) values ('example:Hawk', 'snowparks');
insert into feature_covered_types (feature_id, type) values ('example:Owl', 'snowparks');
insert into feature_covered_types (feature_id, type) values ('example:Parrot', 'snowparks');
insert into feature_covered_types (feature_id, type) values ('example:Cat', 'snowparks');


insert into feature_specializations (parent_id, child_id) values ('example:Cow', 'example:Rabbit');
insert into feature_specializations (parent_id, child_id) values ('example:Cow', 'example:Ducks');
insert into feature_specializations (parent_id, child_id) values ('example:Pig', 'example:Cow');
insert into feature_specializations (parent_id, child_id) values ('example:Pig', 'example:Ducks');
insert into feature_specializations (parent_id, child_id) values ('example:Goat', 'example:Pig');
insert into feature_specializations (parent_id, child_id) values ('example:Goat', 'example:Ducks');
insert into feature_specializations (parent_id, child_id) values ('example:Ducks', 'example:Crab');


insert into names (resource_id, lang, content) values ('example:Cow', 'eng', 'Cow');
insert into names (resource_id, lang, content) values ('example:Rabbit', 'eng', 'Rabbit');
insert into names (resource_id, lang, content) values ('example:Ducks', 'eng', 'Ducks');
insert into names (resource_id, lang, content) values ('example:Pig', 'eng', 'Pig');
insert into names (resource_id, lang, content) values ('example:Goat', 'eng', 'Goat');
insert into names (resource_id, lang, content) values ('example:Crab', 'eng', 'Crab');
insert into names (resource_id, lang, content) values ('example:Deer', 'eng', 'Deer');
insert into names (resource_id, lang, content) values ('example:Bee', 'eng', 'Bee');
insert into names (resource_id, lang, content) values ('example:Sheep', 'eng', 'Sheep');
insert into names (resource_id, lang, content) values ('example:Fish', 'eng', 'Fish');
insert into names (resource_id, lang, content) values ('example:Hamster', 'eng', 'Hamster');
insert into names (resource_id, lang, content) values ('example:Dove', 'eng', 'Dove');
insert into names (resource_id, lang, content) values ('example:Chicken', 'eng', 'Chicken');
insert into names (resource_id, lang, content) values ('example:Horse', 'eng', 'Horse');
insert into names (resource_id, lang, content) values ('example:Dog', 'eng', 'Dog');
insert into names (resource_id, lang, content) values ('example:Puppy', 'eng', 'Puppy');
insert into names (resource_id, lang, content) values ('example:Hawk', 'eng', 'Hawk');
insert into names (resource_id, lang, content) values ('example:Owl', 'eng', 'Owl');
insert into names (resource_id, lang, content) values ('example:Parrot', 'eng', 'Parrot');
insert into names (resource_id, lang, content) values ('example:Cat', 'eng', 'Cat');


---------------------- INSERT MEDIA OBJECTS ----------------------


insert into resources (id, type, data_provider, created_at, last_update, simple_url) values ('b9824277-5ba2-4361-bed3-9abfe40a40e6', 'mediaObjects', 'http://deliciousdays.com', '2021-05-12T00:21:33Z', '2023-01-07T21:48:47Z', 'http://prweb.com/justo/lacinia/eget/tincidunt/eget/tempus.js');
insert into resources (id, type, data_provider, created_at, last_update, simple_url) values ('9239fb0e-291a-46a1-9afb-298f0837ff1b', 'mediaObjects', 'http://thetimes.co.uk', '2018-12-01T16:59:17Z', '2022-07-25T07:42:04Z', 'https://etsy.com/at.js');
insert into resources (id, type, data_provider, created_at, last_update, simple_url) values ('a05ac8dc-831f-46ee-a0a8-82e62c63e60c', 'mediaObjects', 'https://cyberchimps.com', '2019-12-25T02:20:12Z', '2023-01-11T16:08:07Z', 'http://qq.com/leo/odio/porttitor/id/consequat/in/consequat.jpg');
insert into resources (id, type, data_provider, created_at, last_update, simple_url) values ('16bf051e-0a22-4344-a172-60c797d3b54b', 'mediaObjects', 'http://walmart.com', '2018-07-29T14:13:54Z', '2022-10-10T07:55:10Z', 'https://istockphoto.com/odio.jsp');
insert into resources (id, type, data_provider, created_at, last_update, simple_url) values ('27241229-d5a1-452e-a7cd-2b27b173d6bf', 'mediaObjects', 'http://newsvine.com', '2018-01-10T17:51:32Z', '2022-06-26T08:27:55Z', 'https://nbcnews.com/rutrum/neque/aenean/auctor/gravida/sem/praesent.jsp');
insert into resources (id, type, data_provider, created_at, last_update, simple_url) values ('33935aa3-84df-4297-8408-f9a2b409eb9f', 'mediaObjects', 'https://newsvine.com', '2019-09-09T00:39:28Z', '2022-04-18T00:55:06Z', 'https://edublogs.org/tortor/quis/turpis/sed/ante.html');
insert into resources (id, type, data_provider, created_at, last_update, simple_url) values ('0ebb76a3-debb-42bd-96bd-a742f14047a3', 'mediaObjects', 'http://dagondesign.com', '2017-02-13T02:08:54Z', '2022-02-12T21:54:54Z', 'https://feedburner.com/vel/nisl/duis/ac/nibh.jsp');
insert into resources (id, type, data_provider, created_at, last_update, simple_url) values ('bcb873b2-0a60-4b46-babf-2db9050eda88', 'mediaObjects', 'https://si.edu', '2022-12-25T13:42:44Z', '2022-11-16T11:56:12Z', 'https://ameblo.jp/eget/tempus/vel/pede.png');
insert into resources (id, type, data_provider, created_at, last_update, simple_url) values ('8d5c8f13-08ec-43b2-9eca-81ad0b2f1e8f', 'mediaObjects', 'https://webnode.com', '2019-08-21T11:27:32Z', '2022-01-16T20:06:46Z', 'http://xing.com/nascetur/ridiculus.png');
insert into resources (id, type, data_provider, created_at, last_update, simple_url) values ('baa72f08-5af6-4c7a-946a-6faf201defab', 'mediaObjects', 'https://about.com', '2019-07-13T07:19:48Z', '2022-08-09T09:39:56Z', 'http://netscape.com/sed/magna/at/nunc/commodo/placerat.png');
insert into resources (id, type, data_provider, created_at, last_update, simple_url) values ('050ca176-865f-40de-be5c-0611134f2a1a', 'mediaObjects', 'http://cnet.com', '2022-08-26T19:11:31Z', '2022-07-23T21:37:51Z', 'http://deliciousdays.com/nunc/proin/at/turpis/a/pede.png');
insert into resources (id, type, data_provider, created_at, last_update, simple_url) values ('707148d7-8ec6-400f-8f55-51fb407ff1ff', 'mediaObjects', 'http://wikimedia.org', '2017-07-01T09:06:01Z', '2022-05-12T04:34:34Z', 'https://wisc.edu/at/vulputate/vitae/nisl/aenean/lectus.jsp');
insert into resources (id, type, data_provider, created_at, last_update, simple_url) values ('075e240e-239a-488e-815c-b3dd927096e3', 'mediaObjects', 'https://buzzfeed.com', '2020-08-20T04:01:27Z', '2022-10-11T17:43:45Z', 'https://cafepress.com/iaculis.json');
insert into resources (id, type, data_provider, created_at, last_update, simple_url) values ('4389c9a7-4edb-4438-9cd6-19c5d9cdb5c5', 'mediaObjects', 'https://miitbeian.gov.cn', '2017-12-17T14:51:15Z', '2022-06-10T15:39:35Z', 'http://google.nl/tellus/semper/interdum/mauris.jsp');
insert into resources (id, type, data_provider, created_at, last_update, simple_url) values ('38771778-0835-43a6-90fd-584b016d5a58', 'mediaObjects', 'https://ucsd.edu', '2020-10-30T18:00:24Z', '2022-03-05T16:01:29Z', 'http://xing.com/ipsum.jpg');
insert into resources (id, type, data_provider, created_at, last_update, simple_url) values ('28ccc2a0-1def-4f43-838e-004f2ee91238', 'mediaObjects', 'https://yale.edu', '2020-10-20T00:37:23Z', '2022-04-22T10:20:19Z', 'https://addthis.com/est/quam/pharetra/magna/ac.jpg');
insert into resources (id, type, data_provider, created_at, last_update, simple_url) values ('dcc2962f-81e8-4af6-b045-b6dae6029f7b', 'mediaObjects', 'http://cdbaby.com', '2019-04-01T03:29:37Z', '2022-11-02T00:54:53Z', 'http://spotify.com/ac/consequat/metus/sapien/ut.jsp');
insert into resources (id, type, data_provider, created_at, last_update, simple_url) values ('2854b9aa-429a-4e15-99d7-8df80878f602', 'mediaObjects', 'http://admin.ch', '2017-10-29T12:09:23Z', '2022-05-21T17:23:29Z', 'http://ebay.co.uk/proin/interdum/mauris/non/ligula/pellentesque/ultrices.xml');
insert into resources (id, type, data_provider, created_at, last_update, simple_url) values ('7058fd04-e91f-4f99-a386-b8e6af6e13cc', 'mediaObjects', 'https://bloomberg.com', '2022-05-21T03:49:05Z', '2022-06-30T04:17:54Z', 'https://google.ru/porttitor.xml');
insert into resources (id, type, data_provider, created_at, last_update, simple_url) values ('4c057967-17b0-41ca-b204-a8fc864730bc', 'mediaObjects', 'http://ft.com', '2021-05-26T07:20:06Z', '2022-09-15T20:04:44Z', 'http://tinyurl.com/curabitur/gravida/nisi/at/nibh/in.jsp');


insert into media_objects (id, license_holder_id, author, license, content_type, duration, height, width) values ('b9824277-5ba2-4361-bed3-9abfe40a40e6', null, 'Fernandina Bazeley', null, 'application/mspowerpoint', null, null, null);
insert into media_objects (id, license_holder_id, author, license, content_type, duration, height, width) values ('9239fb0e-291a-46a1-9afb-298f0837ff1b', null, 'Errol Burcombe', null, 'image/pjpeg', null, null, null);
insert into media_objects (id, license_holder_id, author, license, content_type, duration, height, width) values ('a05ac8dc-831f-46ee-a0a8-82e62c63e60c', '06637587-c9ee-43a8-b627-c2e20d7cc056', 'Pen Richly', 'GPL', 'application/vnd.ms-excel', 60, 72, 40);
insert into media_objects (id, license_holder_id, author, license, content_type, duration, height, width) values ('16bf051e-0a22-4344-a172-60c797d3b54b', null, 'Mariam Kidson', null, 'application/mspowerpoint', null, null, null);
insert into media_objects (id, license_holder_id, author, license, content_type, duration, height, width) values ('27241229-d5a1-452e-a7cd-2b27b173d6bf', null, 'Kurt Warwicker', null, 'application/x-msexcel', null, null, null);
insert into media_objects (id, license_holder_id, author, license, content_type, duration, height, width) values ('33935aa3-84df-4297-8408-f9a2b409eb9f', null, 'Renault Stutely', null, 'image/pjpeg', null, null, null);
insert into media_objects (id, license_holder_id, author, license, content_type, duration, height, width) values ('0ebb76a3-debb-42bd-96bd-a742f14047a3', null, 'Serge Beidebeke', null, 'application/pdf', null, null, null);
insert into media_objects (id, license_holder_id, author, license, content_type, duration, height, width) values ('bcb873b2-0a60-4b46-babf-2db9050eda88', '171d0947-7f17-4cd4-8a10-ac8969d640c4', 'Urban Dewberry', 'Proprietary', 'video/mpeg', 11, 44, 35);
insert into media_objects (id, license_holder_id, author, license, content_type, duration, height, width) values ('8d5c8f13-08ec-43b2-9eca-81ad0b2f1e8f', null, 'Val Torre', null, 'application/pdf', null, null, null);
insert into media_objects (id, license_holder_id, author, license, content_type, duration, height, width) values ('baa72f08-5af6-4c7a-946a-6faf201defab', null, null, null, 'video/mpeg', null, null, null);
insert into media_objects (id, license_holder_id, author, license, content_type, duration, height, width) values ('050ca176-865f-40de-be5c-0611134f2a1a', null, null, null, 'image/gif', null, null, null);
insert into media_objects (id, license_holder_id, author, license, content_type, duration, height, width) values ('707148d7-8ec6-400f-8f55-51fb407ff1ff', '41891148-1713-46dc-9fdf-699194650a5a', 'Sky Brandli', 'Proprietary', 'image/jpeg', 87, 25, 78);
insert into media_objects (id, license_holder_id, author, license, content_type, duration, height, width) values ('075e240e-239a-488e-815c-b3dd927096e3', '41891148-1713-46dc-9fdf-699194650a5a', null, 'GPL', 'image/pjpeg', 97, 59, 13);
insert into media_objects (id, license_holder_id, author, license, content_type, duration, height, width) values ('4389c9a7-4edb-4438-9cd6-19c5d9cdb5c5', null, 'Sheff McGerraghty', null, 'image/pjpeg', null, null, null);
insert into media_objects (id, license_holder_id, author, license, content_type, duration, height, width) values ('38771778-0835-43a6-90fd-584b016d5a58', '41891148-1713-46dc-9fdf-699194650a5a', 'Lianna Dametti', 'Apache', 'application/x-msexcel', 99, 9, 58);
insert into media_objects (id, license_holder_id, author, license, content_type, duration, height, width) values ('28ccc2a0-1def-4f43-838e-004f2ee91238', null, 'Cole Burl', null, 'application/powerpoint', null, null, null);
insert into media_objects (id, license_holder_id, author, license, content_type, duration, height, width) values ('dcc2962f-81e8-4af6-b045-b6dae6029f7b', '06637587-c9ee-43a8-b627-c2e20d7cc056', null, 'GPL', 'image/pjpeg', 64, 5, 86);
insert into media_objects (id, license_holder_id, author, license, content_type, duration, height, width) values ('2854b9aa-429a-4e15-99d7-8df80878f602', null, null, null, 'application/mspowerpoint', null, null, null);
insert into media_objects (id, license_holder_id, author, license, content_type, duration, height, width) values ('7058fd04-e91f-4f99-a386-b8e6af6e13cc', null, 'Lemar Castagnasso', null, 'image/gif', null, null, null);
insert into media_objects (id, license_holder_id, author, license, content_type, duration, height, width) values ('4c057967-17b0-41ca-b204-a8fc864730bc', null, 'Desi Farmar', null, 'application/powerpoint', null, null, null);


insert into descriptions (lang, resource_id, content) values ('deu', '4c057967-17b0-41ca-b204-a8fc864730bc', 'natoque penatibus et magnis dis parturient montes nascetur ridiculus mus etiam vel augue vestibulum rutrum rutrum');
insert into descriptions (lang, resource_id, content) values ('deu', '9239fb0e-291a-46a1-9afb-298f0837ff1b', 'ridiculus mus etiam vel augue vestibulum rutrum rutrum neque aenean auctor gravida');
insert into descriptions (lang, resource_id, content) values ('deu', 'b9824277-5ba2-4361-bed3-9abfe40a40e6', 'elit sodales scelerisque mauris sit amet eros suspendisse accumsan tortor');
insert into descriptions (lang, resource_id, content) values ('deu', 'baa72f08-5af6-4c7a-946a-6faf201defab', 'sociis natoque penatibus et magnis dis parturient montes nascetur ridiculus mus');
insert into descriptions (lang, resource_id, content) values ('eng', '9239fb0e-291a-46a1-9afb-298f0837ff1b', 'suspendisse ornare consequat lectus in est risus auctor sed tristique in tempus sit');
insert into descriptions (lang, resource_id, content) values ('fra', '075e240e-239a-488e-815c-b3dd927096e3', 'nullam varius nulla facilisi cras non velit nec nisi vulputate nonummy maecenas tincidunt lacus');
insert into descriptions (lang, resource_id, content) values ('fra', '27241229-d5a1-452e-a7cd-2b27b173d6bf', 'nulla eget eros elementum pellentesque quisque porta volutpat erat quisque erat eros');
insert into descriptions (lang, resource_id, content) values ('fra', '2854b9aa-429a-4e15-99d7-8df80878f602', 'semper porta volutpat quam pede lobortis ligula sit amet eleifend pede libero quis orci nullam molestie nibh in lectus pellentesque');
insert into descriptions (lang, resource_id, content) values ('fra', '33935aa3-84df-4297-8408-f9a2b409eb9f', 'velit donec diam neque vestibulum eget vulputate ut ultrices vel');
insert into descriptions (lang, resource_id, content) values ('fra', '38771778-0835-43a6-90fd-584b016d5a58', 'enim sit amet nunc viverra dapibus nulla suscipit ligula in lacus curabitur at ipsum ac tellus semper');
insert into descriptions (lang, resource_id, content) values ('fra', '707148d7-8ec6-400f-8f55-51fb407ff1ff', 'nascetur ridiculus mus vivamus vestibulum sagittis sapien cum sociis natoque penatibus et magnis dis parturient montes nascetur ridiculus');
insert into descriptions (lang, resource_id, content) values ('fra', '8d5c8f13-08ec-43b2-9eca-81ad0b2f1e8f', 'pellentesque volutpat dui maecenas tristique est et tempus semper est quam');
insert into descriptions (lang, resource_id, content) values ('fra', 'a05ac8dc-831f-46ee-a0a8-82e62c63e60c', 'donec ut mauris eget massa tempor convallis nulla neque libero convallis');
insert into descriptions (lang, resource_id, content) values ('ita', 'bcb873b2-0a60-4b46-babf-2db9050eda88', 'vitae quam suspendisse potenti nullam porttitor lacus at turpis donec posuere metus');
insert into descriptions (lang, resource_id, content) values ('por', '050ca176-865f-40de-be5c-0611134f2a1a', 'sed vestibulum sit amet cursus id turpis integer aliquet massa id lobortis convallis');
insert into descriptions (lang, resource_id, content) values ('por', '075e240e-239a-488e-815c-b3dd927096e3', 'dui vel nisl duis ac nibh fusce lacus purus aliquet at feugiat non pretium quis lectus suspendisse');
insert into descriptions (lang, resource_id, content) values ('por', '0ebb76a3-debb-42bd-96bd-a742f14047a3', 'bibendum imperdiet nullam orci pede venenatis non sodales sed tincidunt eu felis fusce');
insert into descriptions (lang, resource_id, content) values ('por', '16bf051e-0a22-4344-a172-60c797d3b54b', 'dui maecenas tristique est et tempus semper est quam pharetra magna ac consequat metus');
insert into descriptions (lang, resource_id, content) values ('por', '27241229-d5a1-452e-a7cd-2b27b173d6bf', 'parturient montes nascetur ridiculus mus etiam vel augue vestibulum rutrum rutrum neque aenean auctor');
insert into descriptions (lang, resource_id, content) values ('por', '28ccc2a0-1def-4f43-838e-004f2ee91238', 'lacinia eget tincidunt eget tempus vel pede morbi porttitor lorem id ligula suspendisse ornare consequat');
insert into descriptions (lang, resource_id, content) values ('por', '33935aa3-84df-4297-8408-f9a2b409eb9f', 'dapibus augue vel accumsan tellus nisi eu orci mauris lacinia sapien');
insert into descriptions (lang, resource_id, content) values ('por', '38771778-0835-43a6-90fd-584b016d5a58', 'vestibulum aliquet ultrices erat tortor sollicitudin mi sit amet lobortis');
insert into descriptions (lang, resource_id, content) values ('por', '4389c9a7-4edb-4438-9cd6-19c5d9cdb5c5', 'pretium nisl ut volutpat sapien arcu sed augue aliquam erat volutpat in congue etiam justo');
insert into descriptions (lang, resource_id, content) values ('por', '4c057967-17b0-41ca-b204-a8fc864730bc', 'nisi eu orci mauris lacinia sapien quis libero nullam sit amet turpis elementum ligula vehicula consequat morbi a ipsum');
insert into descriptions (lang, resource_id, content) values ('por', '7058fd04-e91f-4f99-a386-b8e6af6e13cc', 'lorem quisque ut erat curabitur gravida nisi at nibh in hac habitasse platea dictumst aliquam augue quam');
insert into descriptions (lang, resource_id, content) values ('por', '707148d7-8ec6-400f-8f55-51fb407ff1ff', 'justo sit amet sapien dignissim vestibulum vestibulum ante ipsum primis in faucibus orci luctus');
insert into descriptions (lang, resource_id, content) values ('por', 'a05ac8dc-831f-46ee-a0a8-82e62c63e60c', 'arcu libero rutrum ac lobortis vel dapibus at diam nam');
insert into descriptions (lang, resource_id, content) values ('por', 'baa72f08-5af6-4c7a-946a-6faf201defab', 'vitae mattis nibh ligula nec sem duis aliquam convallis nunc proin at');
insert into descriptions (lang, resource_id, content) values ('por', 'dcc2962f-81e8-4af6-b045-b6dae6029f7b', 'suscipit a feugiat et eros vestibulum ac est lacinia nisi venenatis tristique fusce congue diam id ornare imperdiet sapien urna');
insert into descriptions (lang, resource_id, content) values ('spa', '050ca176-865f-40de-be5c-0611134f2a1a', 'suspendisse potenti nullam porttitor lacus at turpis donec posuere metus vitae ipsum aliquam non');
insert into descriptions (lang, resource_id, content) values ('spa', '0ebb76a3-debb-42bd-96bd-a742f14047a3', 'felis eu sapien cursus vestibulum proin eu mi nulla ac enim in tempor turpis nec euismod scelerisque');
insert into descriptions (lang, resource_id, content) values ('spa', '2854b9aa-429a-4e15-99d7-8df80878f602', 'massa id nisl venenatis lacinia aenean sit amet justo morbi ut');
insert into descriptions (lang, resource_id, content) values ('spa', '8d5c8f13-08ec-43b2-9eca-81ad0b2f1e8f', 'at lorem integer tincidunt ante vel ipsum praesent blandit lacinia erat vestibulum sed magna at nunc');
insert into descriptions (lang, resource_id, content) values ('spa', 'b9824277-5ba2-4361-bed3-9abfe40a40e6', 'non mattis pulvinar nulla pede ullamcorper augue a suscipit nulla elit ac nulla sed vel enim sit amet nunc');
insert into descriptions (lang, resource_id, content) values ('spa', 'bcb873b2-0a60-4b46-babf-2db9050eda88', 'consequat morbi a ipsum integer a nibh in quis justo maecenas');


insert into resource_categories (category_id, resource_id) values ('example:BlueViolet','b9824277-5ba2-4361-bed3-9abfe40a40e6');
insert into resource_categories (category_id, resource_id) values ('example:Coral','9239fb0e-291a-46a1-9afb-298f0837ff1b');
insert into resource_categories (category_id, resource_id) values ('example:DarkOrange','a05ac8dc-831f-46ee-a0a8-82e62c63e60c');
insert into resource_categories (category_id, resource_id) values ('example:Fuchsia','16bf051e-0a22-4344-a172-60c797d3b54b');
insert into resource_categories (category_id, resource_id) values ('example:Gold','27241229-d5a1-452e-a7cd-2b27b173d6bf');
insert into resource_categories (category_id, resource_id) values ('example:IndianRed','33935aa3-84df-4297-8408-f9a2b409eb9f');
insert into resource_categories (category_id, resource_id) values ('example:LemonChiffon','0ebb76a3-debb-42bd-96bd-a742f14047a3');
insert into resource_categories (category_id, resource_id) values ('example:LightSalmon','bcb873b2-0a60-4b46-babf-2db9050eda88');
insert into resource_categories (category_id, resource_id) values ('example:MediumAquamarine','8d5c8f13-08ec-43b2-9eca-81ad0b2f1e8f');
insert into resource_categories (category_id, resource_id) values ('example:LightYellow','baa72f08-5af6-4c7a-946a-6faf201defab');
insert into resource_categories (category_id, resource_id) values ('example:Magenta','050ca176-865f-40de-be5c-0611134f2a1a');
insert into resource_categories (category_id, resource_id) values ('example:MediumOrchid','707148d7-8ec6-400f-8f55-51fb407ff1ff');
insert into resource_categories (category_id, resource_id) values ('example:MediumPurple','075e240e-239a-488e-815c-b3dd927096e3');
insert into resource_categories (category_id, resource_id) values ('example:MediumTurquoise','4389c9a7-4edb-4438-9cd6-19c5d9cdb5c5');
insert into resource_categories (category_id, resource_id) values ('example:Orange','38771778-0835-43a6-90fd-584b016d5a58');
insert into resource_categories (category_id, resource_id) values ('example:OrangeRed','28ccc2a0-1def-4f43-838e-004f2ee91238');
insert into resource_categories (category_id, resource_id) values ('example:Orchid','dcc2962f-81e8-4af6-b045-b6dae6029f7b');
insert into resource_categories (category_id, resource_id) values ('example:RebeccaPurple','2854b9aa-429a-4e15-99d7-8df80878f602');
insert into resource_categories (category_id, resource_id) values ('example:Tomato','7058fd04-e91f-4f99-a386-b8e6af6e13cc');
insert into resource_categories (category_id, resource_id) values ('example:Yellow','4c057967-17b0-41ca-b204-a8fc864730bc');



---------------------- INSERT VENUES ----------------------


insert into resources (id, type, data_provider, created_at, last_update) values ('e08e70cf-a46c-4782-b7b8-9b1cca21b1b4', 'venues', 'http://twitter.com', '2018-04-08T18:25:16Z', '2022-01-13T03:15:46Z');
insert into resources (id, type, data_provider, created_at, last_update) values ('526f0775-4a52-4dce-8e78-41629860682e', 'venues', 'http://wikia.com', '2021-06-29T03:09:07Z', '2022-08-16T21:02:16Z');
insert into resources (id, type, data_provider, created_at, last_update) values ('a37e1d7f-75c4-4fcb-8234-7843cef55b1d', 'venues', 'http://360.cn', '2021-11-09T03:01:42Z', '2022-04-02T05:21:07Z');
insert into resources (id, type, data_provider, created_at, last_update) values ('4bebcaad-5369-410e-9c23-6ac39d620429', 'venues', 'https://acquirethisname.com', '2021-03-30T11:31:34Z', '2022-10-28T22:16:10Z');
insert into resources (id, type, data_provider, created_at, last_update) values ('b68f2ea0-220b-46cc-8f8a-c4763a55abec', 'venues', 'https://nbcnews.com', '2023-01-09T15:33:26Z', '2022-12-18T17:42:45Z');
insert into resources (id, type, data_provider, created_at, last_update) values ('5e341e64-1b63-48a7-b294-d3af9e29d94c', 'venues', 'http://independent.co.uk', '2022-06-18T23:45:59Z', '2022-07-24T02:41:35Z');
insert into resources (id, type, data_provider, created_at, last_update) values ('ec8dc018-8710-47b6-9a31-0e3393eeda8d', 'venues', 'https://jugem.jp', '2021-12-09T12:20:20Z', '2022-03-05T19:32:13Z');
insert into resources (id, type, data_provider, created_at, last_update) values ('3e3b3557-f35b-4216-86e9-e2b5da90d7c7', 'venues', 'http://360.cn', '2022-02-02T12:29:15Z', '2022-08-24T22:31:33Z');
insert into resources (id, type, data_provider, created_at, last_update) values ('bb25546f-c159-4316-8e94-ab2018ab1ced', 'venues', 'http://topsy.com', '2020-02-08T09:20:28Z', '2022-12-08T06:07:12Z');
insert into resources (id, type, data_provider, created_at, last_update) values ('02155ec7-0b53-4e9a-8f57-b6fb6222483e', 'venues', 'https://wikimedia.org', '2021-08-01T19:37:26Z', '2022-06-09T03:16:57Z');
insert into resources (id, type, data_provider, created_at, last_update) values ('0e4222fc-ade5-455f-8423-ab0f0a8e82b1', 'venues', 'https://nymag.com', '2021-09-13T19:51:30Z', '2022-02-16T23:30:03Z');
insert into resources (id, type, data_provider, created_at, last_update) values ('6e081226-510e-479e-abbd-087256172104', 'venues', 'https://yellowpages.com', '2019-05-27T08:15:40Z', '2022-06-02T13:36:38Z');
insert into resources (id, type, data_provider, created_at, last_update) values ('f1e28fa7-7f41-47ce-969a-f67fd89969db', 'venues', 'http://freewebs.com', '2018-03-20T08:56:10Z', '2022-03-28T02:59:02Z');
insert into resources (id, type, data_provider, created_at, last_update) values ('b866db8c-4ad4-4fba-9b28-bd0dc36f4a22', 'venues', 'http://netvibes.com', '2022-06-19T02:22:24Z', '2022-06-05T06:13:37Z');
insert into resources (id, type, data_provider, created_at, last_update) values ('7dce9792-d80a-48f0-aaf7-e5e2f22b01ea', 'venues', 'https://mayoclinic.com', '2017-02-10T13:05:45Z', '2022-04-28T09:28:06Z');
insert into resources (id, type, data_provider, created_at, last_update) values ('1ce7a7d3-726e-4151-b05d-8ee74bd71880', 'venues', 'http://engadget.com', '2021-09-25T00:32:19Z', '2022-09-26T03:17:59Z');
insert into resources (id, type, data_provider, created_at, last_update) values ('84c41ebb-7649-4ea3-b27a-84650480e936', 'venues', 'https://addthis.com', '2020-03-29T03:57:40Z', '2022-08-13T21:43:14Z');
insert into resources (id, type, data_provider, created_at, last_update) values ('d25e13de-765b-4c5e-b5a5-f8b66d4b8f27', 'venues', 'https://fc2.com', '2018-04-29T03:55:14Z', '2022-10-12T04:56:42Z');
insert into resources (id, type, data_provider, created_at, last_update) values ('04b5d92a-b094-418e-9e06-44cbbebe28c4', 'venues', 'http://cloudflare.com', '2017-11-01T09:52:03Z', '2022-01-23T07:21:51Z');
insert into resources (id, type, data_provider, created_at, last_update) values ('83735543-41d1-48ae-bd0f-cec8e6377157', 'venues', 'http://weather.com', '2020-12-27T03:37:38Z', '2022-10-21T15:40:00Z');


insert into venues (id) values ('e08e70cf-a46c-4782-b7b8-9b1cca21b1b4');
insert into venues (id) values ('526f0775-4a52-4dce-8e78-41629860682e');
insert into venues (id) values ('a37e1d7f-75c4-4fcb-8234-7843cef55b1d');
insert into venues (id) values ('4bebcaad-5369-410e-9c23-6ac39d620429');
insert into venues (id) values ('b68f2ea0-220b-46cc-8f8a-c4763a55abec');
insert into venues (id) values ('5e341e64-1b63-48a7-b294-d3af9e29d94c');
insert into venues (id) values ('ec8dc018-8710-47b6-9a31-0e3393eeda8d');
insert into venues (id) values ('3e3b3557-f35b-4216-86e9-e2b5da90d7c7');
insert into venues (id) values ('bb25546f-c159-4316-8e94-ab2018ab1ced');
insert into venues (id) values ('02155ec7-0b53-4e9a-8f57-b6fb6222483e');
insert into venues (id) values ('0e4222fc-ade5-455f-8423-ab0f0a8e82b1');
insert into venues (id) values ('6e081226-510e-479e-abbd-087256172104');
insert into venues (id) values ('f1e28fa7-7f41-47ce-969a-f67fd89969db');
insert into venues (id) values ('b866db8c-4ad4-4fba-9b28-bd0dc36f4a22');
insert into venues (id) values ('7dce9792-d80a-48f0-aaf7-e5e2f22b01ea');
insert into venues (id) values ('1ce7a7d3-726e-4151-b05d-8ee74bd71880');
insert into venues (id) values ('84c41ebb-7649-4ea3-b27a-84650480e936');
insert into venues (id) values ('d25e13de-765b-4c5e-b5a5-f8b66d4b8f27');
insert into venues (id) values ('04b5d92a-b094-418e-9e06-44cbbebe28c4');
insert into venues (id) values ('83735543-41d1-48ae-bd0f-cec8e6377157');


insert into addresses (country, zipcode, type) values ('ID', 9771, null);
insert into addresses (country, zipcode, type) values ('DO', null, null);
insert into addresses (country, zipcode, type) values ('CN', 7031, null);
insert into addresses (country, zipcode, type) values ('ID', 1228, null);
insert into addresses (country, zipcode, type) values ('KM', 4047, null);
insert into addresses (country, zipcode, type) values ('FR', 7184, 'open area');
insert into addresses (country, zipcode, type) values ('CN', 2445, null);
insert into addresses (country, zipcode, type) values ('ID', null, null);
insert into addresses (country, zipcode, type) values ('PL', 5069, null);
insert into addresses (country, zipcode, type) values ('BE', null, null);


insert into cities (lang, address_id, content) values ('por', 11, 'Rače');
insert into cities (lang, address_id, content) values ('por', 12, 'Herrera');
insert into cities (lang, address_id, content) values ('fra', 13, 'Azogues');
insert into cities (lang, address_id, content) values ('fra', 14, 'Nueva Helvecia');
insert into cities (lang, address_id, content) values ('por', 15, 'Enrekang');
insert into cities (lang, address_id, content) values ('por', 16, 'Yamada');
insert into cities (lang, address_id, content) values ('por', 17, 'Faḩmah');
insert into cities (lang, address_id, content) values ('fra', 18, 'Cilampuyang');
insert into cities (lang, address_id, content) values ('spa', 19, 'Changsu');
insert into cities (lang, address_id, content) values ('por', 20, 'Loei');


insert into places (id, address_id, geometries) values ('e08e70cf-a46c-4782-b7b8-9b1cca21b1b4', 11, null);
insert into places (id, address_id, geometries) values ('526f0775-4a52-4dce-8e78-41629860682e', 12, '[{ "coordinates": [11.138173685058689, 46.6708825018454], "type": "Point" }]');
insert into places (id, address_id, geometries) values ('a37e1d7f-75c4-4fcb-8234-7843cef55b1d', 13, '[{ "coordinates": [11.33583199315214, 46.483387891897195], "type": "Point" }]');
insert into places (id, address_id, geometries) values ('4bebcaad-5369-410e-9c23-6ac39d620429', 14, null);
insert into places (id, address_id, geometries) values ('b68f2ea0-220b-46cc-8f8a-c4763a55abec', 15, null);
insert into places (id, address_id, geometries) values ('5e341e64-1b63-48a7-b294-d3af9e29d94c', 16, null);
insert into places (id, address_id, geometries) values ('ec8dc018-8710-47b6-9a31-0e3393eeda8d', 17, '[{ "coordinates": [11.31728678112512, 46.495318072903075], "type": "Point" }]');
insert into places (id, address_id, geometries) values ('3e3b3557-f35b-4216-86e9-e2b5da90d7c7', 18, '[{ "coordinates": [11.313638769658269, 46.48506246112535], "type": "Point" }]');
insert into places (id, address_id, geometries) values ('bb25546f-c159-4316-8e94-ab2018ab1ced', 19, '[{ "coordinates": [11.332486828901295, 46.48108527504559], "type": "Point" }]');
insert into places (id, address_id, geometries) values ('02155ec7-0b53-4e9a-8f57-b6fb6222483e', 20, '[{ "coordinates": [11.353766895787544, 46.49803862492365], "type": "Point" }]');
insert into places (id, address_id, geometries) values ('0e4222fc-ade5-455f-8423-ab0f0a8e82b1', null, null);
insert into places (id, address_id, geometries) values ('6e081226-510e-479e-abbd-087256172104', null, '[{ "coordinates": [11.351638889098723, 46.496573729209956], "type": "Point" }]');
insert into places (id, address_id, geometries) values ('f1e28fa7-7f41-47ce-969a-f67fd89969db', null, null);
insert into places (id, address_id, geometries) values ('b866db8c-4ad4-4fba-9b28-bd0dc36f4a22', null, '[{ "coordinates": [11.356198903431732, 46.49699227486988], "type": "Point" }]');
insert into places (id, address_id, geometries) values ('7dce9792-d80a-48f0-aaf7-e5e2f22b01ea', null, '[{ "coordinates": [11.340390853744765, 46.49594590468075], "type": "Point" }]');
insert into places (id, address_id, geometries) values ('1ce7a7d3-726e-4151-b05d-8ee74bd71880', null, '[{ "coordinates": [11.114639133127781, 46.06768026365765], "type": "Point" }]');
insert into places (id, address_id, geometries) values ('84c41ebb-7649-4ea3-b27a-84650480e936', null, '[{ "coordinates": [11.652503970839263, 46.718692496887485], "type": "Point" }]');
insert into places (id, address_id, geometries) values ('d25e13de-765b-4c5e-b5a5-f8b66d4b8f27', null, '[{ "coordinates": [11.429598394455041, 46.889912693362646], "type": "Point" }]');
insert into places (id, address_id, geometries) values ('04b5d92a-b094-418e-9e06-44cbbebe28c4', null, '[{ "coordinates": [11.94347069352969, 46.789481257173634], "type": "Point" }]');
insert into places (id, address_id, geometries) values ('83735543-41d1-48ae-bd0f-cec8e6377157', null, '[{ "coordinates": [11.94347069352969, 46.789481257173634], "type": "Point" },{"coordinates": [[[10.889877083457378, 46.581175563443395],[10.889877083457378, 46.534816974949706],[11.065364551721927, 46.534816974949706],[11.065364551721927, 46.581175563443395],[10.889877083457378, 46.581175563443395]]],"type": "Polygon"}]');


insert into how_to_arrive (lang, place_id, content) values ('por', 'e08e70cf-a46c-4782-b7b8-9b1cca21b1b4', 'consequat morbi a ipsum integer a nibh in quis justo maecenas rhoncus aliquam lacus');
insert into how_to_arrive (lang, place_id, content) values ('por', '526f0775-4a52-4dce-8e78-41629860682e', 'primis in faucibus orci luctus et ultrices posuere cubilia curae duis faucibus accumsan odio curabitur convallis duis consequat dui');
insert into how_to_arrive (lang, place_id, content) values ('ita', 'a37e1d7f-75c4-4fcb-8234-7843cef55b1d', 'eros vestibulum ac est lacinia nisi venenatis tristique fusce congue diam');
insert into how_to_arrive (lang, place_id, content) values ('por', '4bebcaad-5369-410e-9c23-6ac39d620429', 'et ultrices posuere cubilia curae nulla dapibus dolor vel est donec odio justo sollicitudin ut suscipit a feugiat et');
insert into how_to_arrive (lang, place_id, content) values ('spa', 'b68f2ea0-220b-46cc-8f8a-c4763a55abec', 'integer a nibh in quis justo maecenas rhoncus aliquam lacus morbi quis tortor id nulla ultrices aliquet maecenas leo');
insert into how_to_arrive (lang, place_id, content) values ('por', '5e341e64-1b63-48a7-b294-d3af9e29d94c', 'nulla dapibus dolor vel est donec odio justo sollicitudin ut suscipit a feugiat et');
insert into how_to_arrive (lang, place_id, content) values ('spa', 'ec8dc018-8710-47b6-9a31-0e3393eeda8d', 'non lectus aliquam sit amet diam in magna bibendum imperdiet nullam');
insert into how_to_arrive (lang, place_id, content) values ('por', '3e3b3557-f35b-4216-86e9-e2b5da90d7c7', 'luctus et ultrices posuere cubilia curae nulla dapibus dolor vel est donec odio justo');
insert into how_to_arrive (lang, place_id, content) values ('fra', 'bb25546f-c159-4316-8e94-ab2018ab1ced', 'faucibus orci luctus et ultrices posuere cubilia curae duis faucibus accumsan odio curabitur convallis duis consequat dui nec');
insert into how_to_arrive (lang, place_id, content) values ('spa', '02155ec7-0b53-4e9a-8f57-b6fb6222483e', 'sit amet sem fusce consequat nulla nisl nunc nisl duis bibendum felis sed interdum venenatis turpis');


insert into names (lang, resource_id, content) values ('deu', 'e08e70cf-a46c-4782-b7b8-9b1cca21b1b4', 'Venue at Lake View');
insert into names (lang, resource_id, content) values ('deu', '526f0775-4a52-4dce-8e78-41629860682e', 'Venue at Mcguire');
insert into names (lang, resource_id, content) values ('eng', 'a37e1d7f-75c4-4fcb-8234-7843cef55b1d', 'Venue at Farragut');
insert into names (lang, resource_id, content) values ('eng', '4bebcaad-5369-410e-9c23-6ac39d620429', 'Venue at Mayfield');
insert into names (lang, resource_id, content) values ('eng', 'b68f2ea0-220b-46cc-8f8a-c4763a55abec', 'Venue at Vahlen');
insert into names (lang, resource_id, content) values ('fra', '5e341e64-1b63-48a7-b294-d3af9e29d94c', 'Venue at 8th');
insert into names (lang, resource_id, content) values ('fra', 'ec8dc018-8710-47b6-9a31-0e3393eeda8d', 'Venue at Algoma');
insert into names (lang, resource_id, content) values ('fra', '3e3b3557-f35b-4216-86e9-e2b5da90d7c7', 'Venue at Claremont');
insert into names (lang, resource_id, content) values ('fra', 'bb25546f-c159-4316-8e94-ab2018ab1ced', 'Venue at Crescent Oaks');
insert into names (lang, resource_id, content) values ('fra', '02155ec7-0b53-4e9a-8f57-b6fb6222483e', 'Venue at Daystar');
insert into names (lang, resource_id, content) values ('fra', '0e4222fc-ade5-455f-8423-ab0f0a8e82b1', 'Venue at Dottie');
insert into names (lang, resource_id, content) values ('fra', '6e081226-510e-479e-abbd-087256172104', 'Venue at Esch');
insert into names (lang, resource_id, content) values ('fra', 'f1e28fa7-7f41-47ce-969a-f67fd89969db', 'Venue at Fremont');
insert into names (lang, resource_id, content) values ('fra', 'b866db8c-4ad4-4fba-9b28-bd0dc36f4a22', 'Venue at Glacier Hill');
insert into names (lang, resource_id, content) values ('fra', '7dce9792-d80a-48f0-aaf7-e5e2f22b01ea', 'Venue at Golf');
insert into names (lang, resource_id, content) values ('fra', '1ce7a7d3-726e-4151-b05d-8ee74bd71880', 'Venue at Graceland');
insert into names (lang, resource_id, content) values ('fra', '84c41ebb-7649-4ea3-b27a-84650480e936', 'Venue at Hanson');
insert into names (lang, resource_id, content) values ('fra', 'd25e13de-765b-4c5e-b5a5-f8b66d4b8f27', 'Venue at Homewood');
insert into names (lang, resource_id, content) values ('fra', '04b5d92a-b094-418e-9e06-44cbbebe28c4', 'Venue at Jackson');
insert into names (lang, resource_id, content) values ('fra', '83735543-41d1-48ae-bd0f-cec8e6377157', 'Venue at Lighthouse Bay');
insert into names (lang, resource_id, content) values ('fra', 'e08e70cf-a46c-4782-b7b8-9b1cca21b1b4', 'Venue at Lindbergh');
insert into names (lang, resource_id, content) values ('fra', '526f0775-4a52-4dce-8e78-41629860682e', 'Venue at Loeprich');
insert into names (lang, resource_id, content) values ('fra', 'a37e1d7f-75c4-4fcb-8234-7843cef55b1d', 'Venue at Melody');
insert into names (lang, resource_id, content) values ('fra', '4bebcaad-5369-410e-9c23-6ac39d620429', 'Venue at Miller');
insert into names (lang, resource_id, content) values ('fra', 'b68f2ea0-220b-46cc-8f8a-c4763a55abec', 'Venue at Mosinee');
insert into names (lang, resource_id, content) values ('ita', '5e341e64-1b63-48a7-b294-d3af9e29d94c', 'Venue at Talmadge');
insert into names (lang, resource_id, content) values ('por', 'ec8dc018-8710-47b6-9a31-0e3393eeda8d', 'Venue at North');
insert into names (lang, resource_id, content) values ('por', '3e3b3557-f35b-4216-86e9-e2b5da90d7c7', 'Venue at Northland');
insert into names (lang, resource_id, content) values ('por', 'bb25546f-c159-4316-8e94-ab2018ab1ced', 'Venue at Northridge');
insert into names (lang, resource_id, content) values ('por', '02155ec7-0b53-4e9a-8f57-b6fb6222483e', 'Venue at Northview');
insert into names (lang, resource_id, content) values ('por', '0e4222fc-ade5-455f-8423-ab0f0a8e82b1', 'Venue at Oak Valley');
insert into names (lang, resource_id, content) values ('por', '6e081226-510e-479e-abbd-087256172104', 'Venue at Pleasure');
insert into names (lang, resource_id, content) values ('por', 'f1e28fa7-7f41-47ce-969a-f67fd89969db', 'Venue at Reinke');
insert into names (lang, resource_id, content) values ('por', 'b866db8c-4ad4-4fba-9b28-bd0dc36f4a22', 'Venue at Rigney');
insert into names (lang, resource_id, content) values ('por', '7dce9792-d80a-48f0-aaf7-e5e2f22b01ea', 'Venue at Roth');
insert into names (lang, resource_id, content) values ('por', '1ce7a7d3-726e-4151-b05d-8ee74bd71880', 'Venue at Rowland');
insert into names (lang, resource_id, content) values ('por', '84c41ebb-7649-4ea3-b27a-84650480e936', 'Venue at South');
insert into names (lang, resource_id, content) values ('por', 'd25e13de-765b-4c5e-b5a5-f8b66d4b8f27', 'Venue at South');
insert into names (lang, resource_id, content) values ('por', '04b5d92a-b094-418e-9e06-44cbbebe28c4', 'Venue at Summerview');
insert into names (lang, resource_id, content) values ('por', '83735543-41d1-48ae-bd0f-cec8e6377157', 'Venue at Sutherland');
insert into names (lang, resource_id, content) values ('por', 'e08e70cf-a46c-4782-b7b8-9b1cca21b1b4', 'Venue at Tennyson');
insert into names (lang, resource_id, content) values ('por', '526f0775-4a52-4dce-8e78-41629860682e', 'Venue at Tony');
insert into names (lang, resource_id, content) values ('por', 'a37e1d7f-75c4-4fcb-8234-7843cef55b1d', 'Venue at Veith');
insert into names (lang, resource_id, content) values ('por', '4bebcaad-5369-410e-9c23-6ac39d620429', 'Venue at Warrior');
insert into names (lang, resource_id, content) values ('por', 'b68f2ea0-220b-46cc-8f8a-c4763a55abec', 'Venue at Washington');
insert into names (lang, resource_id, content) values ('por', '5e341e64-1b63-48a7-b294-d3af9e29d94c', 'Venue at Waxwing');
insert into names (lang, resource_id, content) values ('spa', 'ec8dc018-8710-47b6-9a31-0e3393eeda8d', 'Venue at Autumn Leaf');
insert into names (lang, resource_id, content) values ('spa', '3e3b3557-f35b-4216-86e9-e2b5da90d7c7', 'Venue at Bunting');
insert into names (lang, resource_id, content) values ('spa', 'bb25546f-c159-4316-8e94-ab2018ab1ced', 'Venue at Continental');
insert into names (lang, resource_id, content) values ('spa', '02155ec7-0b53-4e9a-8f57-b6fb6222483e', 'Venue at Corscot');
insert into names (lang, resource_id, content) values ('spa', '0e4222fc-ade5-455f-8423-ab0f0a8e82b1', 'Venue at Crowley');
insert into names (lang, resource_id, content) values ('spa', '6e081226-510e-479e-abbd-087256172104', 'Venue at Delaware');
insert into names (lang, resource_id, content) values ('spa', 'f1e28fa7-7f41-47ce-969a-f67fd89969db', 'Venue at Hazelcrest');
insert into names (lang, resource_id, content) values ('spa', 'b866db8c-4ad4-4fba-9b28-bd0dc36f4a22', 'Venue at Johnson');
insert into names (lang, resource_id, content) values ('spa', '7dce9792-d80a-48f0-aaf7-e5e2f22b01ea', 'Venue at Knutson');
insert into names (lang, resource_id, content) values ('spa', '1ce7a7d3-726e-4151-b05d-8ee74bd71880', 'Venue at Main');
insert into names (lang, resource_id, content) values ('spa', '84c41ebb-7649-4ea3-b27a-84650480e936', 'Venue at Oriole');
insert into names (lang, resource_id, content) values ('spa', 'd25e13de-765b-4c5e-b5a5-f8b66d4b8f27', 'Venue at Pearson');
insert into names (lang, resource_id, content) values ('spa', '04b5d92a-b094-418e-9e06-44cbbebe28c4', 'Venue at Troy');
insert into names (lang, resource_id, content) values ('spa', '83735543-41d1-48ae-bd0f-cec8e6377157', 'Venue at Weeping Birch');


insert into resource_categories (resource_id, category_id) values ('02155ec7-0b53-4e9a-8f57-b6fb6222483e', 'example:LightYellow');
insert into resource_categories (resource_id, category_id) values ('04b5d92a-b094-418e-9e06-44cbbebe28c4', 'example:Tomato');
insert into resource_categories (resource_id, category_id) values ('0e4222fc-ade5-455f-8423-ab0f0a8e82b1', 'example:Magenta');
insert into resource_categories (resource_id, category_id) values ('1ce7a7d3-726e-4151-b05d-8ee74bd71880', 'example:OrangeRed');
insert into resource_categories (resource_id, category_id) values ('3e3b3557-f35b-4216-86e9-e2b5da90d7c7', 'example:LightSalmon');
insert into resource_categories (resource_id, category_id) values ('4bebcaad-5369-410e-9c23-6ac39d620429', 'example:Fuchsia');
insert into resource_categories (resource_id, category_id) values ('526f0775-4a52-4dce-8e78-41629860682e', 'example:Coral');
insert into resource_categories (resource_id, category_id) values ('5e341e64-1b63-48a7-b294-d3af9e29d94c', 'example:IndianRed');
insert into resource_categories (resource_id, category_id) values ('6e081226-510e-479e-abbd-087256172104', 'example:MediumOrchid');
insert into resource_categories (resource_id, category_id) values ('7dce9792-d80a-48f0-aaf7-e5e2f22b01ea', 'example:Orange');
insert into resource_categories (resource_id, category_id) values ('83735543-41d1-48ae-bd0f-cec8e6377157', 'example:Yellow');
insert into resource_categories (resource_id, category_id) values ('84c41ebb-7649-4ea3-b27a-84650480e936', 'example:Orchid');
insert into resource_categories (resource_id, category_id) values ('a37e1d7f-75c4-4fcb-8234-7843cef55b1d', 'example:DarkOrange');
insert into resource_categories (resource_id, category_id) values ('b68f2ea0-220b-46cc-8f8a-c4763a55abec', 'example:Gold');
insert into resource_categories (resource_id, category_id) values ('b866db8c-4ad4-4fba-9b28-bd0dc36f4a22', 'example:MediumTurquoise');
insert into resource_categories (resource_id, category_id) values ('bb25546f-c159-4316-8e94-ab2018ab1ced', 'example:MediumAquamarine');
insert into resource_categories (resource_id, category_id) values ('d25e13de-765b-4c5e-b5a5-f8b66d4b8f27', 'example:RebeccaPurple');
insert into resource_categories (resource_id, category_id) values ('e08e70cf-a46c-4782-b7b8-9b1cca21b1b4', 'example:BlueViolet');
insert into resource_categories (resource_id, category_id) values ('ec8dc018-8710-47b6-9a31-0e3393eeda8d', 'example:LemonChiffon');
insert into resource_categories (resource_id, category_id) values ('f1e28fa7-7f41-47ce-969a-f67fd89969db', 'example:MediumPurple');


insert into multimedia_descriptions (media_object_id, resource_id) values ('b9824277-5ba2-4361-bed3-9abfe40a40e6', 'e08e70cf-a46c-4782-b7b8-9b1cca21b1b4');
insert into multimedia_descriptions (media_object_id, resource_id) values ('16bf051e-0a22-4344-a172-60c797d3b54b', '4bebcaad-5369-410e-9c23-6ac39d620429');
insert into multimedia_descriptions (media_object_id, resource_id) values ('27241229-d5a1-452e-a7cd-2b27b173d6bf', 'b68f2ea0-220b-46cc-8f8a-c4763a55abec');
insert into multimedia_descriptions (media_object_id, resource_id) values ('bcb873b2-0a60-4b46-babf-2db9050eda88', '3e3b3557-f35b-4216-86e9-e2b5da90d7c7');
insert into multimedia_descriptions (media_object_id, resource_id) values ('8d5c8f13-08ec-43b2-9eca-81ad0b2f1e8f', 'bb25546f-c159-4316-8e94-ab2018ab1ced');
insert into multimedia_descriptions (media_object_id, resource_id) values ('baa72f08-5af6-4c7a-946a-6faf201defab', 'd25e13de-765b-4c5e-b5a5-f8b66d4b8f27');
insert into multimedia_descriptions (media_object_id, resource_id) values ('075e240e-239a-488e-815c-b3dd927096e3', '04b5d92a-b094-418e-9e06-44cbbebe28c4');
insert into multimedia_descriptions (media_object_id, resource_id) values ('dcc2962f-81e8-4af6-b045-b6dae6029f7b', '83735543-41d1-48ae-bd0f-cec8e6377157');
insert into multimedia_descriptions (media_object_id, resource_id) values ('2854b9aa-429a-4e15-99d7-8df80878f602', 'd25e13de-765b-4c5e-b5a5-f8b66d4b8f27');
insert into multimedia_descriptions (media_object_id, resource_id) values ('7058fd04-e91f-4f99-a386-b8e6af6e13cc', '04b5d92a-b094-418e-9e06-44cbbebe28c4');
insert into multimedia_descriptions (media_object_id, resource_id) values ('4c057967-17b0-41ca-b204-a8fc864730bc', '83735543-41d1-48ae-bd0f-cec8e6377157');



---------------------- INSERT EVENT SERIES ----------------------


insert into resources (id, type, data_provider, created_at, last_update) values ('23574f6a-7829-4f2b-922a-3ba52c9fd30f', 'eventSeries', 'http://va.gov', '2022-03-10T19:00:59Z', '2022-04-14T18:35:41Z');
insert into resources (id, type, data_provider, created_at, last_update) values ('5292e43d-c5f2-4579-a01f-8996a7ff9338', 'eventSeries', 'http://addthis.com', '2022-11-09T11:25:36Z', '2022-09-11T05:57:56Z');
insert into resources (id, type, data_provider, created_at, last_update) values ('2a23b18c-f59a-4b8d-8368-5e039f3edd1d', 'eventSeries', 'https://sitemeter.com', '2019-08-25T07:50:47Z', '2023-01-08T13:00:24Z');
insert into resources (id, type, data_provider, created_at, last_update) values ('04f8d0f6-50fe-4af7-834d-c44beadcfbea', 'eventSeries', 'http://arizona.edu', '2018-02-27T13:05:02Z', '2022-12-30T01:27:11Z');
insert into resources (id, type, data_provider, created_at, last_update) values ('f0a73eac-3356-406d-85ca-1c3fc2e1b6b4', 'eventSeries', 'https://seesaa.net', '2018-08-18T20:32:11Z', '2022-11-10T10:56:32Z');
insert into resources (id, type, data_provider, created_at, last_update) values ('001f93ec-21ed-447e-b0e9-7bc8fc0a68fd', 'eventSeries', 'https://nih.gov', '2019-01-09T19:42:37Z', '2022-03-17T21:41:57Z');
insert into resources (id, type, data_provider, created_at, last_update) values ('455c5ca8-5443-4680-95fb-ac5f45683642', 'eventSeries', 'http://hexun.com', '2017-07-02T00:01:12Z', '2022-12-01T09:42:30Z');
insert into resources (id, type, data_provider, created_at, last_update) values ('6b0bde06-dbc2-4b4c-8383-db9fcbb90411', 'eventSeries', 'https://furl.net', '2019-08-26T08:08:34Z', '2022-10-25T11:35:29Z');
insert into resources (id, type, data_provider, created_at, last_update) values ('5d650587-d6cb-45aa-86e0-d24fa0c3e87e', 'eventSeries', 'http://ucsd.edu', '2022-03-04T20:38:44Z', '2022-08-05T12:43:15Z');
insert into resources (id, type, data_provider, created_at, last_update) values ('fd03fcdd-20e6-458b-8145-866084e6640e', 'eventSeries', 'https://g.co', '2022-12-11T17:23:21Z', '2022-04-10T17:25:45Z');
insert into resources (id, type, data_provider, created_at, last_update) values ('afe33f7c-f6b0-4bf5-b3d2-c78db2d43e34', 'eventSeries', 'http://comcast.net', '2022-08-28T03:15:52Z', '2022-06-12T23:42:25Z');
insert into resources (id, type, data_provider, created_at, last_update) values ('ce8ef89e-f229-418b-a649-0c5ebe32d806', 'eventSeries', 'https://merriam-webster.com', '2019-09-18T13:17:37Z', '2022-08-07T01:38:53Z');
insert into resources (id, type, data_provider, created_at, last_update) values ('732462b5-8c72-4a56-afec-773fd9a56a1a', 'eventSeries', 'https://pinterest.com', '2022-10-30T14:28:20Z', '2023-01-11T00:07:58Z');
insert into resources (id, type, data_provider, created_at, last_update) values ('47770ecd-389f-4413-ad6c-1e1bd618dc0f', 'eventSeries', 'http://ftc.gov', '2020-09-21T18:40:58Z', '2022-12-14T16:39:36Z');
insert into resources (id, type, data_provider, created_at, last_update) values ('2dcdef4f-d07b-441b-abc1-2f329e63076d', 'eventSeries', 'https://opensource.org', '2017-01-18T03:36:38Z', '2022-12-06T09:55:44Z');
insert into resources (id, type, data_provider, created_at, last_update) values ('5366d20f-16fd-4744-9c03-590b0ea64cc9', 'eventSeries', 'https://jimdo.com', '2022-05-23T19:11:44Z', '2022-05-10T14:20:53Z');
insert into resources (id, type, data_provider, created_at, last_update) values ('6402ad34-52bb-4bf7-9257-ce334d2c5974', 'eventSeries', 'http://1688.com', '2019-06-18T02:56:46Z', '2022-08-10T04:55:35Z');
insert into resources (id, type, data_provider, created_at, last_update) values ('b0b8da90-8ced-4120-8053-166da6d62c4d', 'eventSeries', 'http://mapy.cz', '2022-09-18T05:54:01Z', '2022-07-17T09:17:05Z');
insert into resources (id, type, data_provider, created_at, last_update) values ('3543c252-2c31-484d-9130-47da43afd285', 'eventSeries', 'http://usa.gov', '2020-02-04T10:46:25Z', '2022-09-09T18:26:04Z');
insert into resources (id, type, data_provider, created_at, last_update) values ('b545b80a-8e99-4f7d-8122-d345f57d98df', 'eventSeries', 'http://shutterfly.com', '2022-07-27T05:12:19Z', '2022-11-18T08:04:17Z');


insert into event_series (id, frequency) values ('23574f6a-7829-4f2b-922a-3ba52c9fd30f', 'quarterly');
insert into event_series (id, frequency) values ('5292e43d-c5f2-4579-a01f-8996a7ff9338', 'triennial');
insert into event_series (id, frequency) values ('2a23b18c-f59a-4b8d-8368-5e039f3edd1d', 'daily');
insert into event_series (id, frequency) values ('04f8d0f6-50fe-4af7-834d-c44beadcfbea', 'bimonthly');
insert into event_series (id, frequency) values ('f0a73eac-3356-406d-85ca-1c3fc2e1b6b4', 'daily');
insert into event_series (id, frequency) values ('001f93ec-21ed-447e-b0e9-7bc8fc0a68fd', 'annual');
insert into event_series (id, frequency) values ('455c5ca8-5443-4680-95fb-ac5f45683642', 'biennial');
insert into event_series (id, frequency) values ('6b0bde06-dbc2-4b4c-8383-db9fcbb90411', 'bimonthly');
insert into event_series (id, frequency) values ('5d650587-d6cb-45aa-86e0-d24fa0c3e87e', 'monthly');
insert into event_series (id, frequency) values ('fd03fcdd-20e6-458b-8145-866084e6640e', 'quarterly');
insert into event_series (id, frequency) values ('afe33f7c-f6b0-4bf5-b3d2-c78db2d43e34', 'monthly');
insert into event_series (id, frequency) values ('ce8ef89e-f229-418b-a649-0c5ebe32d806', 'triennial');
insert into event_series (id, frequency) values ('732462b5-8c72-4a56-afec-773fd9a56a1a', 'triennial');
insert into event_series (id, frequency) values ('47770ecd-389f-4413-ad6c-1e1bd618dc0f', 'weekly');
insert into event_series (id, frequency) values ('2dcdef4f-d07b-441b-abc1-2f329e63076d', 'weekly');
insert into event_series (id, frequency) values ('5366d20f-16fd-4744-9c03-590b0ea64cc9', 'quarterly');
insert into event_series (id, frequency) values ('6402ad34-52bb-4bf7-9257-ce334d2c5974', 'annual');
insert into event_series (id, frequency) values ('b0b8da90-8ced-4120-8053-166da6d62c4d', 'triennial');
insert into event_series (id, frequency) values ('3543c252-2c31-484d-9130-47da43afd285', 'quarterly');
insert into event_series (id, frequency) values ('b545b80a-8e99-4f7d-8122-d345f57d98df', 'weekly');


insert into names (resource_id, lang, content) values ('23574f6a-7829-4f2b-922a-3ba52c9fd30f', 'ita', 'Giro d''Italia');
insert into names (resource_id, lang, content) values ('5292e43d-c5f2-4579-a01f-8996a7ff9338', 'ita', 'Mille Miglia');
insert into names (resource_id, lang, content) values ('2a23b18c-f59a-4b8d-8368-5e039f3edd1d', 'ita', 'Venice Biennale');
insert into names (resource_id, lang, content) values ('04f8d0f6-50fe-4af7-834d-c44beadcfbea', 'ita', 'Umberto Eco Medieval Festival');
insert into names (resource_id, lang, content) values ('f0a73eac-3356-406d-85ca-1c3fc2e1b6b4', 'ita', 'Festival della canzone italiana di Sanremo');
insert into names (resource_id, lang, content) values ('001f93ec-21ed-447e-b0e9-7bc8fc0a68fd', 'ita', 'The Passion of Christ in Rome');
insert into names (resource_id, lang, content) values ('455c5ca8-5443-4680-95fb-ac5f45683642', 'ita', 'Florence Biennale');
insert into names (resource_id, lang, content) values ('6b0bde06-dbc2-4b4c-8383-db9fcbb90411', 'ita', 'Turin Film Festival');
insert into names (resource_id, lang, content) values ('5d650587-d6cb-45aa-86e0-d24fa0c3e87e', 'ita', 'Venice Film Festival');
insert into names (resource_id, lang, content) values ('fd03fcdd-20e6-458b-8145-866084e6640e', 'ita', 'Rome International Film Festival');
insert into names (resource_id, lang, content) values ('afe33f7c-f6b0-4bf5-b3d2-c78db2d43e34', 'ita', 'Vinitaly');
insert into names (resource_id, lang, content) values ('ce8ef89e-f229-418b-a649-0c5ebe32d806', 'ita', 'The Fiera del Tartufo in Alba');
insert into names (resource_id, lang, content) values ('732462b5-8c72-4a56-afec-773fd9a56a1a', 'ita', 'The International Eucharistic Congress');
insert into names (resource_id, lang, content) values ('47770ecd-389f-4413-ad6c-1e1bd618dc0f', 'ita', 'The Fiera di San Giovanni');
insert into names (resource_id, lang, content) values ('2dcdef4f-d07b-441b-abc1-2f329e63076d', 'ita', 'The Fiera di Sant''Orso');
insert into names (resource_id, lang, content) values ('5366d20f-16fd-4744-9c03-590b0ea64cc9', 'ita', 'The Fiera di Sant''Oronzo');
insert into names (resource_id, lang, content) values ('6402ad34-52bb-4bf7-9257-ce334d2c5974', 'ita', 'The Fiera dei Morti');
insert into names (resource_id, lang, content) values ('b0b8da90-8ced-4120-8053-166da6d62c4d', 'ita', 'The Fiera dei Santi');
insert into names (resource_id, lang, content) values ('3543c252-2c31-484d-9130-47da43afd285', 'ita', 'The Fiera dei SS. Apostoli');
insert into names (resource_id, lang, content) values ('b545b80a-8e99-4f7d-8122-d345f57d98df', 'ita', 'The Fiera dei SS. Martiri');


insert into resource_categories (resource_id, category_id) values ('001f93ec-21ed-447e-b0e9-7bc8fc0a68fd', 'example:Magenta');
insert into resource_categories (resource_id, category_id) values ('2a23b18c-f59a-4b8d-8368-5e039f3edd1d', 'example:Fuchsia');
insert into resource_categories (resource_id, category_id) values ('2a23b18c-f59a-4b8d-8368-5e039f3edd1d', 'example:LightSalmon');
insert into resource_categories (resource_id, category_id) values ('2a23b18c-f59a-4b8d-8368-5e039f3edd1d', 'example:Orange');
insert into resource_categories (resource_id, category_id) values ('2a23b18c-f59a-4b8d-8368-5e039f3edd1d', 'example:Orchid');
insert into resource_categories (resource_id, category_id) values ('455c5ca8-5443-4680-95fb-ac5f45683642', 'example:MediumPurple');
insert into resource_categories (resource_id, category_id) values ('5292e43d-c5f2-4579-a01f-8996a7ff9338', 'example:Gold');
insert into resource_categories (resource_id, category_id) values ('5d650587-d6cb-45aa-86e0-d24fa0c3e87e', 'example:BlueViolet');
insert into resource_categories (resource_id, category_id) values ('5d650587-d6cb-45aa-86e0-d24fa0c3e87e', 'example:Magenta');
insert into resource_categories (resource_id, category_id) values ('6b0bde06-dbc2-4b4c-8383-db9fcbb90411', 'example:MediumPurple');
insert into resource_categories (resource_id, category_id) values ('afe33f7c-f6b0-4bf5-b3d2-c78db2d43e34', 'example:LightSalmon');
insert into resource_categories (resource_id, category_id) values ('b0b8da90-8ced-4120-8053-166da6d62c4d', 'example:BlueViolet');
insert into resource_categories (resource_id, category_id) values ('b0b8da90-8ced-4120-8053-166da6d62c4d', 'example:Coral');
insert into resource_categories (resource_id, category_id) values ('b0b8da90-8ced-4120-8053-166da6d62c4d', 'example:Tomato');
insert into resource_categories (resource_id, category_id) values ('b545b80a-8e99-4f7d-8122-d345f57d98df', 'example:MediumAquamarine');
insert into resource_categories (resource_id, category_id) values ('ce8ef89e-f229-418b-a649-0c5ebe32d806', 'example:Coral');
insert into resource_categories (resource_id, category_id) values ('f0a73eac-3356-406d-85ca-1c3fc2e1b6b4', 'example:LemonChiffon');
insert into resource_categories (resource_id, category_id) values ('f0a73eac-3356-406d-85ca-1c3fc2e1b6b4', 'example:Magenta');
insert into resource_categories (resource_id, category_id) values ('f0a73eac-3356-406d-85ca-1c3fc2e1b6b4', 'example:Yellow');


insert into multimedia_descriptions (resource_id, media_object_id) values ('04f8d0f6-50fe-4af7-834d-c44beadcfbea', '050ca176-865f-40de-be5c-0611134f2a1a');
insert into multimedia_descriptions (resource_id, media_object_id) values ('04f8d0f6-50fe-4af7-834d-c44beadcfbea', '075e240e-239a-488e-815c-b3dd927096e3');
insert into multimedia_descriptions (resource_id, media_object_id) values ('23574f6a-7829-4f2b-922a-3ba52c9fd30f', '075e240e-239a-488e-815c-b3dd927096e3');
insert into multimedia_descriptions (resource_id, media_object_id) values ('2dcdef4f-d07b-441b-abc1-2f329e63076d', '075e240e-239a-488e-815c-b3dd927096e3');
insert into multimedia_descriptions (resource_id, media_object_id) values ('2dcdef4f-d07b-441b-abc1-2f329e63076d', '16bf051e-0a22-4344-a172-60c797d3b54b');
insert into multimedia_descriptions (resource_id, media_object_id) values ('2dcdef4f-d07b-441b-abc1-2f329e63076d', '27241229-d5a1-452e-a7cd-2b27b173d6bf');
insert into multimedia_descriptions (resource_id, media_object_id) values ('2dcdef4f-d07b-441b-abc1-2f329e63076d', 'dcc2962f-81e8-4af6-b045-b6dae6029f7b');
insert into multimedia_descriptions (resource_id, media_object_id) values ('455c5ca8-5443-4680-95fb-ac5f45683642', '0ebb76a3-debb-42bd-96bd-a742f14047a3');
insert into multimedia_descriptions (resource_id, media_object_id) values ('47770ecd-389f-4413-ad6c-1e1bd618dc0f', '7058fd04-e91f-4f99-a386-b8e6af6e13cc');
insert into multimedia_descriptions (resource_id, media_object_id) values ('47770ecd-389f-4413-ad6c-1e1bd618dc0f', '8d5c8f13-08ec-43b2-9eca-81ad0b2f1e8f');
insert into multimedia_descriptions (resource_id, media_object_id) values ('5366d20f-16fd-4744-9c03-590b0ea64cc9', '050ca176-865f-40de-be5c-0611134f2a1a');
insert into multimedia_descriptions (resource_id, media_object_id) values ('5366d20f-16fd-4744-9c03-590b0ea64cc9', '16bf051e-0a22-4344-a172-60c797d3b54b');
insert into multimedia_descriptions (resource_id, media_object_id) values ('5d650587-d6cb-45aa-86e0-d24fa0c3e87e', '2854b9aa-429a-4e15-99d7-8df80878f602');
insert into multimedia_descriptions (resource_id, media_object_id) values ('6b0bde06-dbc2-4b4c-8383-db9fcbb90411', '050ca176-865f-40de-be5c-0611134f2a1a');
insert into multimedia_descriptions (resource_id, media_object_id) values ('732462b5-8c72-4a56-afec-773fd9a56a1a', '2854b9aa-429a-4e15-99d7-8df80878f602');
insert into multimedia_descriptions (resource_id, media_object_id) values ('732462b5-8c72-4a56-afec-773fd9a56a1a', '33935aa3-84df-4297-8408-f9a2b409eb9f');
insert into multimedia_descriptions (resource_id, media_object_id) values ('732462b5-8c72-4a56-afec-773fd9a56a1a', 'bcb873b2-0a60-4b46-babf-2db9050eda88');
insert into multimedia_descriptions (resource_id, media_object_id) values ('b0b8da90-8ced-4120-8053-166da6d62c4d', '28ccc2a0-1def-4f43-838e-004f2ee91238');
insert into multimedia_descriptions (resource_id, media_object_id) values ('b545b80a-8e99-4f7d-8122-d345f57d98df', '9239fb0e-291a-46a1-9afb-298f0837ff1b');



---------------------- INSERT EVENTS ----------------------


insert into resources (id, type, data_provider, created_at, last_update) values ('e5aabe44-931d-4fc8-8123-41821ec84afe', 'events', 'http://bravesites.com', '2022-09-01T23:54:17Z', '2022-09-07T22:22:56Z');
insert into resources (id, type, data_provider, created_at, last_update) values ('8d656990-8368-4754-9b0e-d70fda3be330', 'events', 'https://geocities.com', '2017-03-29T12:22:27Z', '2022-09-24T23:52:19Z');
insert into resources (id, type, data_provider, created_at, last_update) values ('ae7db4b9-5fcd-4b8d-b0b9-95c206b95fed', 'events', 'http://gnu.org', '2019-09-25T15:36:10Z', '2022-03-15T15:05:08Z');
insert into resources (id, type, data_provider, created_at, last_update) values ('a8d4f960-87e1-408c-a0f9-227e282bc930', 'events', 'http://indiegogo.com', '2021-05-07T10:55:41Z', '2022-12-21T08:56:57Z');
insert into resources (id, type, data_provider, created_at, last_update) values ('2ab478f8-1c4a-4260-bcc5-1c197cc47816', 'events', 'https://examiner.com', '2019-11-08T21:17:23Z', '2022-12-22T23:23:47Z');
insert into resources (id, type, data_provider, created_at, last_update) values ('a0c97082-2806-4196-8503-a2a4ca48626c', 'events', 'https://blogtalkradio.com', '2021-07-10T23:19:17Z', '2023-01-10T03:28:19Z');
insert into resources (id, type, data_provider, created_at, last_update) values ('9eb823c7-a44b-42cb-8f53-6997d7b5e6a7', 'events', 'http://fda.gov', '2018-01-25T15:30:25Z', '2022-02-21T20:19:24Z');
insert into resources (id, type, data_provider, created_at, last_update) values ('ce85bebd-84e9-4892-a4b2-669f554f8196', 'events', 'https://myspace.com', '2021-05-09T15:34:05Z', '2022-06-09T19:05:45Z');
insert into resources (id, type, data_provider, created_at, last_update) values ('3888dd39-3d75-4e98-aceb-a36bf4367cdc', 'events', 'https://who.int', '2022-08-04T17:09:48Z', '2022-07-05T02:49:07Z');
insert into resources (id, type, data_provider, created_at, last_update) values ('758dd262-c69d-403b-bf47-9d578585258d', 'events', 'https://utexas.edu', '2021-03-15T05:23:29Z', '2022-03-12T00:00:49Z');
insert into resources (id, type, data_provider, created_at, last_update) values ('a9ddc2a6-1b2c-4c20-8dc9-770d0765949a', 'events', 'http://youtube.com', '2020-12-02T22:47:41Z', '2022-02-25T17:07:15Z');
insert into resources (id, type, data_provider, created_at, last_update) values ('0988ae88-4c00-4cc1-906e-5aff5b6f9661', 'events', 'http://mit.edu', '2019-08-06T04:51:14Z', '2022-12-08T16:32:43Z');
insert into resources (id, type, data_provider, created_at, last_update) values ('f8edf4a7-c0dc-49e1-b6a8-f209d42a2def', 'events', 'https://slideshare.net', '2018-02-28T05:44:43Z', '2022-03-09T16:52:02Z');
insert into resources (id, type, data_provider, created_at, last_update) values ('76ecd268-10c4-423f-bf20-190837499af8', 'events', 'https://constantcontact.com', '2021-05-28T08:03:09Z', '2022-01-21T04:48:59Z');
insert into resources (id, type, data_provider, created_at, last_update) values ('a9039fcd-3911-47df-8e90-1d47c427bda7', 'events', 'https://twitter.com', '2017-11-25T16:00:15Z', '2022-08-01T00:53:10Z');
insert into resources (id, type, data_provider, created_at, last_update) values ('f241b190-76e0-415a-84ac-1bf30320f555', 'events', 'http://com.com', '2018-09-28T15:07:14Z', '2022-04-12T10:02:35Z');
insert into resources (id, type, data_provider, created_at, last_update) values ('be00a9f8-3592-4f7e-ad07-28ea1274dffe', 'events', 'https://youtube.com', '2022-04-03T21:29:28Z', '2022-08-02T08:47:53Z');
insert into resources (id, type, data_provider, created_at, last_update) values ('27153043-e3d7-406f-a103-f99113fca039', 'events', 'http://examiner.com', '2020-12-09T15:09:23Z', '2022-06-06T04:10:16Z');
insert into resources (id, type, data_provider, created_at, last_update) values ('712641ac-c9cb-4ac1-bec8-beada6c95e8a', 'events', 'https://homestead.com', '2022-06-22T10:33:07Z', '2022-09-05T15:04:36Z');
insert into resources (id, type, data_provider, created_at, last_update) values ('033c8038-f91f-4105-9551-4724fd3bf760', 'events', 'http://ca.gov', '2017-06-08T19:36:03Z', '2022-04-09T16:18:14Z');


insert into events (id, start_date, end_date, parent_id, publisher_id, series_id, status, in_person_capacity, online_capacity, simple_participation_url, simple_registration_url, recorded) values ('e5aabe44-931d-4fc8-8123-41821ec84afe', '2021-11-28T17:57:25Z', '2022-07-14T11:15:16Z', null, '95166a13-1d79-4b6b-a57c-394976069182', 'fd03fcdd-20e6-458b-8145-866084e6640e', 'published', 436, null, null, null, null);
insert into events (id, start_date, end_date, parent_id, publisher_id, series_id, status, in_person_capacity, online_capacity, simple_participation_url, simple_registration_url, recorded) values ('8d656990-8368-4754-9b0e-d70fda3be330', '2021-01-13T00:24:08Z', '2022-12-31T16:00:30Z', null, 'e6c58fef-e559-4536-ad19-2a3844ddafe9', 'afe33f7c-f6b0-4bf5-b3d2-c78db2d43e34', 'published', 215, null, null, null, null);
insert into events (id, start_date, end_date, parent_id, publisher_id, series_id, status, in_person_capacity, online_capacity, simple_participation_url, simple_registration_url, recorded) values ('ae7db4b9-5fcd-4b8d-b0b9-95c206b95fed', null, '2021-06-23T07:43:44Z', null, 'aa715cb4-7a40-4be3-a6ed-32aaa34d9ed2', null, 'published', null, null, null, null, null);
insert into events (id, start_date, end_date, parent_id, publisher_id, series_id, status, in_person_capacity, online_capacity, simple_participation_url, simple_registration_url, recorded) values ('a8d4f960-87e1-408c-a0f9-227e282bc930', null, '2021-06-23T07:43:44Z', null, 'f868d2cc-7c69-439f-a3e5-cf667d07f016', null, 'canceled', null, null, null, null, null);
insert into events (id, start_date, end_date, parent_id, publisher_id, series_id, status, in_person_capacity, online_capacity, simple_participation_url, simple_registration_url, recorded) values ('a0c97082-2806-4196-8503-a2a4ca48626c', null, '2021-06-23T07:43:44Z', null, '932db5d1-b537-4700-b416-c11cdea26aa6', null, 'published', null, null, null, null, null);
insert into events (id, start_date, end_date, parent_id, publisher_id, series_id, status, in_person_capacity, online_capacity, simple_participation_url, simple_registration_url, recorded) values ('9eb823c7-a44b-42cb-8f53-6997d7b5e6a7', '2021-03-12T19:55:09Z', '2022-09-16T14:10:43Z', null, '5735e9a1-cc28-4824-b392-cedde26746fa', '2dcdef4f-d07b-441b-abc1-2f329e63076d', null, 52, null, null, null, null);
insert into events (id, start_date, end_date, parent_id, publisher_id, series_id, status, in_person_capacity, online_capacity, simple_participation_url, simple_registration_url, recorded) values ('ce85bebd-84e9-4892-a4b2-669f554f8196', '2021-03-12T19:55:09Z', null, null, '0bab94ae-5aa6-4874-b44e-ed7102b44f71', '3543c252-2c31-484d-9130-47da43afd285', 'published', null, null, null, null, null);
insert into events (id, start_date, end_date, parent_id, publisher_id, series_id, status, in_person_capacity, online_capacity, simple_participation_url, simple_registration_url, recorded) values ('3888dd39-3d75-4e98-aceb-a36bf4367cdc', '2021-04-17T10:44:00Z', '2022-02-19T02:28:56Z', null, '38f4eb9c-8d00-4944-96c4-96f81bb1fc09', '23574f6a-7829-4f2b-922a-3ba52c9fd30f', 'canceled', 312, null, null, null, null);
insert into events (id, start_date, end_date, parent_id, publisher_id, series_id, status, in_person_capacity, online_capacity, simple_participation_url, simple_registration_url, recorded) values ('758dd262-c69d-403b-bf47-9d578585258d', '2021-02-26T13:11:03Z', '2022-05-24T14:25:32Z', null, 'ca9291e4-fa36-4758-96fe-8da7922bc8f6', '5d650587-d6cb-45aa-86e0-d24fa0c3e87e', 'published', 80, null, null, null, null);
insert into events (id, start_date, end_date, parent_id, publisher_id, series_id, status, in_person_capacity, online_capacity, simple_participation_url, simple_registration_url, recorded) values ('a9ddc2a6-1b2c-4c20-8dc9-770d0765949a', null, '2021-06-23T07:43:44Z', null, '4538dec7-db1a-40ff-904d-2dc817f7c7b4', '47770ecd-389f-4413-ad6c-1e1bd618dc0f', 'published', null, null, null, null, null);
insert into events (id, start_date, end_date, parent_id, publisher_id, series_id, status, in_person_capacity, online_capacity, simple_participation_url, simple_registration_url, recorded) values ('0988ae88-4c00-4cc1-906e-5aff5b6f9661', '2021-06-23T07:43:44Z', '2022-04-22T22:21:38Z', null, 'e6c58fef-e559-4536-ad19-2a3844ddafe9', null, null, 417, null, null, null, null);
insert into events (id, start_date, end_date, parent_id, publisher_id, series_id, status, in_person_capacity, online_capacity, simple_participation_url, simple_registration_url, recorded) values ('f8edf4a7-c0dc-49e1-b6a8-f209d42a2def', '2021-07-24T22:36:05Z', '2022-06-25T01:14:33Z', null, '71f05b57-47a4-417e-ad81-f11364798073', null, 'canceled', 94, null, null, null, null);
insert into events (id, start_date, end_date, parent_id, publisher_id, series_id, status, in_person_capacity, online_capacity, simple_participation_url, simple_registration_url, recorded) values ('76ecd268-10c4-423f-bf20-190837499af8', null, '2021-06-23T07:43:44Z', null, '0bab94ae-5aa6-4874-b44e-ed7102b44f71', '23574f6a-7829-4f2b-922a-3ba52c9fd30f', null, null, null, null, null, null);
insert into events (id, start_date, end_date, parent_id, publisher_id, series_id, status, in_person_capacity, online_capacity, simple_participation_url, simple_registration_url, recorded) values ('2ab478f8-1c4a-4260-bcc5-1c197cc47816', '2021-07-06T01:48:41Z', '2022-10-25T22:52:12Z', '76ecd268-10c4-423f-bf20-190837499af8', '171d0947-7f17-4cd4-8a10-ac8969d640c4', null, 'published', 399, 399, 'https://oracle.com/magnis/dis/parturient/montes/nascetur/ridiculus/mus.html?ultrices=eu&erat=interdum&tortor=eu&sollicitudin=tincidunt&mi=in&sit=leo&amet=maecenas&lobortis=pulvinar&sapien=lobortis&sapien=est&non=phasellus&mi=sit&integer=amet&ac=erat&neque=nulla&duis=tempus&bibendum=vivamus&morbi=in&non=felis&quam=eu&nec=sapien&dui=cursus&luctus=vestibulum&rutrum=proin&nulla=eu&tellus=mi&in=nulla&sagittis=ac&dui=enim&vel=in&nisl=tempor&duis=turpis&ac=nec&nibh=euismod&fusce=scelerisque&lacus=quam&purus=turpis&aliquet=adipiscing&at=lorem&feugiat=vitae&non=mattis&pretium=nibh&quis=ligula&lectus=nec&suspendisse=sem&potenti=duis&in=aliquam&eleifend=convallis&quam=nunc&a=proin&odio=at&in=turpis&hac=a&habitasse=pede&platea=posuere&dictumst=nonummy&maecenas=integer&ut=non&massa=velit&quis=donec&augue=diam&luctus=neque&tincidunt=vestibulum&nulla=eget&mollis=vulputate&molestie=ut&lorem=ultrices&quisque=vel&ut=augue&erat=vestibulum&curabitur=ante&gravida=ipsum&nisi=primis&at=in&nibh=faucibus&in=orci&hac=luctus&habitasse=et&platea=ultrices&dictumst=posuere&aliquam=cubilia&augue=curae&quam=donec&sollicitudin=pharetra&vitae=magna&consectetuer=vestibulum&eget=aliquet&rutrum=ultrices&at=erat&lorem=tortor&integer=sollicitudin&tincidunt=mi&ante=sit&vel=amet&ipsum=lobortis', 'http://pcworld.com/pede.png?vulputate=dui&justo=luctus&in=rutrum&blandit=nulla&ultrices=tellus&enim=in&lorem=sagittis&ipsum=dui&dolor=vel&sit=nisl&amet=duis&consectetuer=ac&adipiscing=nibh&elit=fusce&proin=lacus&interdum=purus&mauris=aliquet&non=at&ligula=feugiat', true);
insert into events (id, start_date, end_date, parent_id, publisher_id, series_id, status, in_person_capacity, online_capacity, simple_participation_url, simple_registration_url, recorded) values ('a9039fcd-3911-47df-8e90-1d47c427bda7', '2022-12-18T11:29:27Z', null, null, 'ca9291e4-fa36-4758-96fe-8da7922bc8f6', null, 'published', null, null, null, null, null);
insert into events (id, start_date, end_date, parent_id, publisher_id, series_id, status, in_person_capacity, online_capacity, simple_participation_url, simple_registration_url, recorded) values ('f241b190-76e0-415a-84ac-1bf30320f555', '2022-12-18T11:29:27Z', null, null, '5735e9a1-cc28-4824-b392-cedde26746fa', null, null, null, null, null, null, null);
insert into events (id, start_date, end_date, parent_id, publisher_id, series_id, status, in_person_capacity, online_capacity, simple_participation_url, simple_registration_url, recorded) values ('be00a9f8-3592-4f7e-ad07-28ea1274dffe', '2021-04-13T12:26:12Z', '2022-12-18T11:29:27Z', null, '3f3fa8c4-86c6-4c99-a36e-d907c451f483', '5292e43d-c5f2-4579-a01f-8996a7ff9338', 'canceled', 213, null, null, null, null);
insert into events (id, start_date, end_date, parent_id, publisher_id, series_id, status, in_person_capacity, online_capacity, simple_participation_url, simple_registration_url, recorded) values ('712641ac-c9cb-4ac1-bec8-beada6c95e8a', '2021-04-17T14:56:54Z', '2022-01-09T08:07:29Z', null, 'a46e4b22-15a6-40cf-87ab-16d5ad7a0940', null, null, 439, null, null, null, null);
insert into events (id, start_date, end_date, parent_id, publisher_id, series_id, status, in_person_capacity, online_capacity, simple_participation_url, simple_registration_url, recorded) values ('27153043-e3d7-406f-a103-f99113fca039', null, null, null, '71f05b57-47a4-417e-ad81-f11364798073', '2a23b18c-f59a-4b8d-8368-5e039f3edd1d', null, null, null, null, null, null);
insert into events (id, start_date, end_date, parent_id, publisher_id, series_id, status, in_person_capacity, online_capacity, simple_participation_url, simple_registration_url, recorded) values ('033c8038-f91f-4105-9551-4724fd3bf760', '2021-04-17T14:56:54Z', null, '712641ac-c9cb-4ac1-bec8-beada6c95e8a', '06637587-c9ee-43a8-b627-c2e20d7cc056', null, 'published', null, 264, 'https://icq.com/congue/risus/semper/porta/volutpat.html?sem=ultricies&fusce=eu&consequat=nibh&nulla=quisque&nisl=id&nunc=justo&nisl=sit&duis=amet&bibendum=sapien&felis=dignissim&sed=vestibulum&interdum=vestibulum&venenatis=ante&turpis=ipsum&enim=primis&blandit=in&mi=faucibus&in=orci&porttitor=luctus&pede=et&justo=ultrices&eu=posuere&massa=cubilia&donec=curae&dapibus=nulla&duis=dapibus&at=dolor&velit=vel&eu=est&est=donec&congue=odio', 'https://amazonaws.com/consectetuer/eget/rutrum/at/lorem/integer/tincidunt.jsp?diam=posuere&cras=cubilia&pellentesque=curae&volutpat=nulla&dui=dapibus&maecenas=dolor&tristique=vel&est=est&et=donec&tempus=odio&semper=justo&est=sollicitudin&quam=ut&pharetra=suscipit&magna=a&ac=feugiat&consequat=et', true);


insert into resource_categories (resource_id, category_id) values ('e5aabe44-931d-4fc8-8123-41821ec84afe', 'alpinebits:virtualEvent');
insert into resource_categories (resource_id, category_id) values ('8d656990-8368-4754-9b0e-d70fda3be330', 'alpinebits:virtualEvent');
insert into resource_categories (resource_id, category_id) values ('ae7db4b9-5fcd-4b8d-b0b9-95c206b95fed', 'alpinebits:inPersonEvent');
insert into resource_categories (resource_id, category_id) values ('a8d4f960-87e1-408c-a0f9-227e282bc930', 'alpinebits:virtualEvent');
insert into resource_categories (resource_id, category_id) values ('2ab478f8-1c4a-4260-bcc5-1c197cc47816', 'alpinebits:virtualEvent');
insert into resource_categories (resource_id, category_id) values ('a0c97082-2806-4196-8503-a2a4ca48626c', 'alpinebits:virtualEvent');
insert into resource_categories (resource_id, category_id) values ('9eb823c7-a44b-42cb-8f53-6997d7b5e6a7', 'alpinebits:inPersonEvent');
insert into resource_categories (resource_id, category_id) values ('ce85bebd-84e9-4892-a4b2-669f554f8196', 'alpinebits:hybridEvent');
insert into resource_categories (resource_id, category_id) values ('3888dd39-3d75-4e98-aceb-a36bf4367cdc', 'alpinebits:virtualEvent');
insert into resource_categories (resource_id, category_id) values ('758dd262-c69d-403b-bf47-9d578585258d', 'alpinebits:hybridEvent');
insert into resource_categories (resource_id, category_id) values ('a9ddc2a6-1b2c-4c20-8dc9-770d0765949a', 'alpinebits:hybridEvent');
insert into resource_categories (resource_id, category_id) values ('0988ae88-4c00-4cc1-906e-5aff5b6f9661', 'alpinebits:hybridEvent');
insert into resource_categories (resource_id, category_id) values ('f8edf4a7-c0dc-49e1-b6a8-f209d42a2def', 'alpinebits:virtualEvent');
insert into resource_categories (resource_id, category_id) values ('76ecd268-10c4-423f-bf20-190837499af8', 'alpinebits:inPersonEvent');
insert into resource_categories (resource_id, category_id) values ('a9039fcd-3911-47df-8e90-1d47c427bda7', 'alpinebits:inPersonEvent');
insert into resource_categories (resource_id, category_id) values ('f241b190-76e0-415a-84ac-1bf30320f555', 'alpinebits:virtualEvent');
insert into resource_categories (resource_id, category_id) values ('be00a9f8-3592-4f7e-ad07-28ea1274dffe', 'alpinebits:inPersonEvent');
insert into resource_categories (resource_id, category_id) values ('27153043-e3d7-406f-a103-f99113fca039', 'alpinebits:hybridEvent');
insert into resource_categories (resource_id, category_id) values ('712641ac-c9cb-4ac1-bec8-beada6c95e8a', 'alpinebits:hybridEvent');
insert into resource_categories (resource_id, category_id) values ('033c8038-f91f-4105-9551-4724fd3bf760', 'alpinebits:hybridEvent');
insert into resource_categories (resource_id, category_id) values ('3888dd39-3d75-4e98-aceb-a36bf4367cdc', 'schema:SaleEvent');
insert into resource_categories (resource_id, category_id) values ('712641ac-c9cb-4ac1-bec8-beada6c95e8a', 'schema:BusinessEvent');
insert into resource_categories (resource_id, category_id) values ('758dd262-c69d-403b-bf47-9d578585258d', 'schema:Festival');
insert into resource_categories (resource_id, category_id) values ('758dd262-c69d-403b-bf47-9d578585258d', 'schema:Hackathon');
insert into resource_categories (resource_id, category_id) values ('76ecd268-10c4-423f-bf20-190837499af8', 'schema:LiteraryEvent');
insert into resource_categories (resource_id, category_id) values ('76ecd268-10c4-423f-bf20-190837499af8', 'schema:TheaterEvent');
insert into resource_categories (resource_id, category_id) values ('9eb823c7-a44b-42cb-8f53-6997d7b5e6a7', 'schema:ScreeningEvent');
insert into resource_categories (resource_id, category_id) values ('a0c97082-2806-4196-8503-a2a4ca48626c', 'schema:Hackathon');
insert into resource_categories (resource_id, category_id) values ('a9039fcd-3911-47df-8e90-1d47c427bda7', 'schema:EventSeries');
insert into resource_categories (resource_id, category_id) values ('a9039fcd-3911-47df-8e90-1d47c427bda7', 'schema:SocialEvent');
insert into resource_categories (resource_id, category_id) values ('a9039fcd-3911-47df-8e90-1d47c427bda7', 'schema:TheaterEvent');
insert into resource_categories (resource_id, category_id) values ('a9ddc2a6-1b2c-4c20-8dc9-770d0765949a', 'schema:TheaterEvent');
insert into resource_categories (resource_id, category_id) values ('ae7db4b9-5fcd-4b8d-b0b9-95c206b95fed', 'schema:DanceEvent');
insert into resource_categories (resource_id, category_id) values ('ae7db4b9-5fcd-4b8d-b0b9-95c206b95fed', 'schema:EventSeries');
insert into resource_categories (resource_id, category_id) values ('ae7db4b9-5fcd-4b8d-b0b9-95c206b95fed', 'schema:ExhibitionEvent');
insert into resource_categories (resource_id, category_id) values ('ae7db4b9-5fcd-4b8d-b0b9-95c206b95fed', 'schema:PublicationEvent');
insert into resource_categories (resource_id, category_id) values ('be00a9f8-3592-4f7e-ad07-28ea1274dffe', 'schema:ExhibitionEvent');
insert into resource_categories (resource_id, category_id) values ('f241b190-76e0-415a-84ac-1bf30320f555', 'schema:EventSeries');
insert into resource_categories (resource_id, category_id) values ('f241b190-76e0-415a-84ac-1bf30320f555', 'schema:LiteraryEvent');
insert into resource_categories (resource_id, category_id) values ('f8edf4a7-c0dc-49e1-b6a8-f209d42a2def', 'schema:SportsEvent');


insert into contributors (event_id, contributor_id) values ('033c8038-f91f-4105-9551-4724fd3bf760', 'd48a2076-4c28-4100-af9c-ecb7a47b053b');
insert into contributors (event_id, contributor_id) values ('27153043-e3d7-406f-a103-f99113fca039', '38f4eb9c-8d00-4944-96c4-96f81bb1fc09');
insert into contributors (event_id, contributor_id) values ('27153043-e3d7-406f-a103-f99113fca039', '3f3fa8c4-86c6-4c99-a36e-d907c451f483');
insert into contributors (event_id, contributor_id) values ('2ab478f8-1c4a-4260-bcc5-1c197cc47816', '932db5d1-b537-4700-b416-c11cdea26aa6');
insert into contributors (event_id, contributor_id) values ('3888dd39-3d75-4e98-aceb-a36bf4367cdc', '01e075ae-b1ef-405b-b8f0-a9902e4d523b');
insert into contributors (event_id, contributor_id) values ('3888dd39-3d75-4e98-aceb-a36bf4367cdc', '41891148-1713-46dc-9fdf-699194650a5a');
insert into contributors (event_id, contributor_id) values ('3888dd39-3d75-4e98-aceb-a36bf4367cdc', '5735e9a1-cc28-4824-b392-cedde26746fa');
insert into contributors (event_id, contributor_id) values ('758dd262-c69d-403b-bf47-9d578585258d', 'd48a2076-4c28-4100-af9c-ecb7a47b053b');
insert into contributors (event_id, contributor_id) values ('8d656990-8368-4754-9b0e-d70fda3be330', '06637587-c9ee-43a8-b627-c2e20d7cc056');
insert into contributors (event_id, contributor_id) values ('8d656990-8368-4754-9b0e-d70fda3be330', 'aa715cb4-7a40-4be3-a6ed-32aaa34d9ed2');
insert into contributors (event_id, contributor_id) values ('9eb823c7-a44b-42cb-8f53-6997d7b5e6a7', '41891148-1713-46dc-9fdf-699194650a5a');
insert into contributors (event_id, contributor_id) values ('9eb823c7-a44b-42cb-8f53-6997d7b5e6a7', 'e6c58fef-e559-4536-ad19-2a3844ddafe9');
insert into contributors (event_id, contributor_id) values ('a9039fcd-3911-47df-8e90-1d47c427bda7', '38f4eb9c-8d00-4944-96c4-96f81bb1fc09');
insert into contributors (event_id, contributor_id) values ('ae7db4b9-5fcd-4b8d-b0b9-95c206b95fed', 'ca9291e4-fa36-4758-96fe-8da7922bc8f6');
insert into contributors (event_id, contributor_id) values ('be00a9f8-3592-4f7e-ad07-28ea1274dffe', '3f3fa8c4-86c6-4c99-a36e-d907c451f483');
insert into contributors (event_id, contributor_id) values ('be00a9f8-3592-4f7e-ad07-28ea1274dffe', '71f05b57-47a4-417e-ad81-f11364798073');
insert into contributors (event_id, contributor_id) values ('be00a9f8-3592-4f7e-ad07-28ea1274dffe', 'a46e4b22-15a6-40cf-87ab-16d5ad7a0940');
insert into contributors (event_id, contributor_id) values ('ce85bebd-84e9-4892-a4b2-669f554f8196', '171d0947-7f17-4cd4-8a10-ac8969d640c4');
insert into contributors (event_id, contributor_id) values ('f241b190-76e0-415a-84ac-1bf30320f555', '5735e9a1-cc28-4824-b392-cedde26746fa');
insert into contributors (event_id, contributor_id) values ('f241b190-76e0-415a-84ac-1bf30320f555', 'aa715cb4-7a40-4be3-a6ed-32aaa34d9ed2');


insert into organizers (event_id, organizer_id) values ('033c8038-f91f-4105-9551-4724fd3bf760', 'e6c58fef-e559-4536-ad19-2a3844ddafe9');
insert into organizers (event_id, organizer_id) values ('033c8038-f91f-4105-9551-4724fd3bf760', 'f868d2cc-7c69-439f-a3e5-cf667d07f016');
insert into organizers (event_id, organizer_id) values ('27153043-e3d7-406f-a103-f99113fca039', '171d0947-7f17-4cd4-8a10-ac8969d640c4');
insert into organizers (event_id, organizer_id) values ('2ab478f8-1c4a-4260-bcc5-1c197cc47816', '15c6d4c2-b009-4769-8cc3-49792031c07c');
insert into organizers (event_id, organizer_id) values ('2ab478f8-1c4a-4260-bcc5-1c197cc47816', '38f4eb9c-8d00-4944-96c4-96f81bb1fc09');
insert into organizers (event_id, organizer_id) values ('3888dd39-3d75-4e98-aceb-a36bf4367cdc', '71f05b57-47a4-417e-ad81-f11364798073');
insert into organizers (event_id, organizer_id) values ('712641ac-c9cb-4ac1-bec8-beada6c95e8a', '932db5d1-b537-4700-b416-c11cdea26aa6');
insert into organizers (event_id, organizer_id) values ('76ecd268-10c4-423f-bf20-190837499af8', '171d0947-7f17-4cd4-8a10-ac8969d640c4');
insert into organizers (event_id, organizer_id) values ('76ecd268-10c4-423f-bf20-190837499af8', '38f4eb9c-8d00-4944-96c4-96f81bb1fc09');
insert into organizers (event_id, organizer_id) values ('a0c97082-2806-4196-8503-a2a4ca48626c', '5735e9a1-cc28-4824-b392-cedde26746fa');
insert into organizers (event_id, organizer_id) values ('a8d4f960-87e1-408c-a0f9-227e282bc930', '171d0947-7f17-4cd4-8a10-ac8969d640c4');
insert into organizers (event_id, organizer_id) values ('a8d4f960-87e1-408c-a0f9-227e282bc930', '71f05b57-47a4-417e-ad81-f11364798073');
insert into organizers (event_id, organizer_id) values ('ae7db4b9-5fcd-4b8d-b0b9-95c206b95fed', '95166a13-1d79-4b6b-a57c-394976069182');
insert into organizers (event_id, organizer_id) values ('ce85bebd-84e9-4892-a4b2-669f554f8196', '41891148-1713-46dc-9fdf-699194650a5a');
insert into organizers (event_id, organizer_id) values ('e5aabe44-931d-4fc8-8123-41821ec84afe', '0bab94ae-5aa6-4874-b44e-ed7102b44f71');
insert into organizers (event_id, organizer_id) values ('e5aabe44-931d-4fc8-8123-41821ec84afe', '38f4eb9c-8d00-4944-96c4-96f81bb1fc09');
insert into organizers (event_id, organizer_id) values ('e5aabe44-931d-4fc8-8123-41821ec84afe', '3f3fa8c4-86c6-4c99-a36e-d907c451f483');
insert into organizers (event_id, organizer_id) values ('e5aabe44-931d-4fc8-8123-41821ec84afe', '41891148-1713-46dc-9fdf-699194650a5a');
insert into organizers (event_id, organizer_id) values ('e5aabe44-931d-4fc8-8123-41821ec84afe', '4538dec7-db1a-40ff-904d-2dc817f7c7b4');
insert into organizers (event_id, organizer_id) values ('f8edf4a7-c0dc-49e1-b6a8-f209d42a2def', 'ca9291e4-fa36-4758-96fe-8da7922bc8f6');
insert into organizers (event_id, organizer_id) values ('0988ae88-4c00-4cc1-906e-5aff5b6f9661', 'ca9291e4-fa36-4758-96fe-8da7922bc8f6');
insert into organizers (event_id, organizer_id) values ('758dd262-c69d-403b-bf47-9d578585258d', 'ca9291e4-fa36-4758-96fe-8da7922bc8f6');
insert into organizers (event_id, organizer_id) values ('8d656990-8368-4754-9b0e-d70fda3be330', 'ca9291e4-fa36-4758-96fe-8da7922bc8f6');
insert into organizers (event_id, organizer_id) values ('9eb823c7-a44b-42cb-8f53-6997d7b5e6a7', 'ca9291e4-fa36-4758-96fe-8da7922bc8f6');
insert into organizers (event_id, organizer_id) values ('a9039fcd-3911-47df-8e90-1d47c427bda7', 'ca9291e4-fa36-4758-96fe-8da7922bc8f6');
insert into organizers (event_id, organizer_id) values ('a9ddc2a6-1b2c-4c20-8dc9-770d0765949a', 'ca9291e4-fa36-4758-96fe-8da7922bc8f6');
insert into organizers (event_id, organizer_id) values ('be00a9f8-3592-4f7e-ad07-28ea1274dffe', 'ca9291e4-fa36-4758-96fe-8da7922bc8f6');
insert into organizers (event_id, organizer_id) values ('f241b190-76e0-415a-84ac-1bf30320f555', 'ca9291e4-fa36-4758-96fe-8da7922bc8f6');


insert into sponsors (event_id, sponsor_id) values ('033c8038-f91f-4105-9551-4724fd3bf760', '06637587-c9ee-43a8-b627-c2e20d7cc056');
insert into sponsors (event_id, sponsor_id) values ('033c8038-f91f-4105-9551-4724fd3bf760', 'ca9291e4-fa36-4758-96fe-8da7922bc8f6');
insert into sponsors (event_id, sponsor_id) values ('2ab478f8-1c4a-4260-bcc5-1c197cc47816', '5735e9a1-cc28-4824-b392-cedde26746fa');
insert into sponsors (event_id, sponsor_id) values ('3888dd39-3d75-4e98-aceb-a36bf4367cdc', '71f05b57-47a4-417e-ad81-f11364798073');
insert into sponsors (event_id, sponsor_id) values ('712641ac-c9cb-4ac1-bec8-beada6c95e8a', '932db5d1-b537-4700-b416-c11cdea26aa6');
insert into sponsors (event_id, sponsor_id) values ('758dd262-c69d-403b-bf47-9d578585258d', '4538dec7-db1a-40ff-904d-2dc817f7c7b4');
insert into sponsors (event_id, sponsor_id) values ('758dd262-c69d-403b-bf47-9d578585258d', 'ca9291e4-fa36-4758-96fe-8da7922bc8f6');
insert into sponsors (event_id, sponsor_id) values ('8d656990-8368-4754-9b0e-d70fda3be330', 'f868d2cc-7c69-439f-a3e5-cf667d07f016');
insert into sponsors (event_id, sponsor_id) values ('9eb823c7-a44b-42cb-8f53-6997d7b5e6a7', 'd8e65393-cb32-4f57-9c3c-0f095eec8e5d');
insert into sponsors (event_id, sponsor_id) values ('a0c97082-2806-4196-8503-a2a4ca48626c', '5735e9a1-cc28-4824-b392-cedde26746fa');
insert into sponsors (event_id, sponsor_id) values ('a8d4f960-87e1-408c-a0f9-227e282bc930', '01e075ae-b1ef-405b-b8f0-a9902e4d523b');
insert into sponsors (event_id, sponsor_id) values ('a9ddc2a6-1b2c-4c20-8dc9-770d0765949a', '41891148-1713-46dc-9fdf-699194650a5a');
insert into sponsors (event_id, sponsor_id) values ('a9ddc2a6-1b2c-4c20-8dc9-770d0765949a', '4538dec7-db1a-40ff-904d-2dc817f7c7b4');
insert into sponsors (event_id, sponsor_id) values ('a9ddc2a6-1b2c-4c20-8dc9-770d0765949a', 'd8e65393-cb32-4f57-9c3c-0f095eec8e5d');
insert into sponsors (event_id, sponsor_id) values ('ae7db4b9-5fcd-4b8d-b0b9-95c206b95fed', '4538dec7-db1a-40ff-904d-2dc817f7c7b4');
insert into sponsors (event_id, sponsor_id) values ('be00a9f8-3592-4f7e-ad07-28ea1274dffe', 'ca9291e4-fa36-4758-96fe-8da7922bc8f6');
insert into sponsors (event_id, sponsor_id) values ('ce85bebd-84e9-4892-a4b2-669f554f8196', 'ca9291e4-fa36-4758-96fe-8da7922bc8f6');
insert into sponsors (event_id, sponsor_id) values ('f241b190-76e0-415a-84ac-1bf30320f555', '0bab94ae-5aa6-4874-b44e-ed7102b44f71');
insert into sponsors (event_id, sponsor_id) values ('f8edf4a7-c0dc-49e1-b6a8-f209d42a2def', '0bab94ae-5aa6-4874-b44e-ed7102b44f71');
insert into sponsors (event_id, sponsor_id) values ('f8edf4a7-c0dc-49e1-b6a8-f209d42a2def', '4538dec7-db1a-40ff-904d-2dc817f7c7b4');


insert into multimedia_descriptions (resource_id, media_object_id) values ('033c8038-f91f-4105-9551-4724fd3bf760', '707148d7-8ec6-400f-8f55-51fb407ff1ff');
insert into multimedia_descriptions (resource_id, media_object_id) values ('2ab478f8-1c4a-4260-bcc5-1c197cc47816', '707148d7-8ec6-400f-8f55-51fb407ff1ff');
insert into multimedia_descriptions (resource_id, media_object_id) values ('758dd262-c69d-403b-bf47-9d578585258d', '28ccc2a0-1def-4f43-838e-004f2ee91238');
insert into multimedia_descriptions (resource_id, media_object_id) values ('8d656990-8368-4754-9b0e-d70fda3be330', '27241229-d5a1-452e-a7cd-2b27b173d6bf');
insert into multimedia_descriptions (resource_id, media_object_id) values ('8d656990-8368-4754-9b0e-d70fda3be330', '2854b9aa-429a-4e15-99d7-8df80878f602');
insert into multimedia_descriptions (resource_id, media_object_id) values ('a9039fcd-3911-47df-8e90-1d47c427bda7', '8d5c8f13-08ec-43b2-9eca-81ad0b2f1e8f');
insert into multimedia_descriptions (resource_id, media_object_id) values ('a9039fcd-3911-47df-8e90-1d47c427bda7', 'a05ac8dc-831f-46ee-a0a8-82e62c63e60c');
insert into multimedia_descriptions (resource_id, media_object_id) values ('a9039fcd-3911-47df-8e90-1d47c427bda7', 'dcc2962f-81e8-4af6-b045-b6dae6029f7b');
insert into multimedia_descriptions (resource_id, media_object_id) values ('a9ddc2a6-1b2c-4c20-8dc9-770d0765949a', '16bf051e-0a22-4344-a172-60c797d3b54b');
insert into multimedia_descriptions (resource_id, media_object_id) values ('ae7db4b9-5fcd-4b8d-b0b9-95c206b95fed', '050ca176-865f-40de-be5c-0611134f2a1a');
insert into multimedia_descriptions (resource_id, media_object_id) values ('be00a9f8-3592-4f7e-ad07-28ea1274dffe', '38771778-0835-43a6-90fd-584b016d5a58');
insert into multimedia_descriptions (resource_id, media_object_id) values ('be00a9f8-3592-4f7e-ad07-28ea1274dffe', 'dcc2962f-81e8-4af6-b045-b6dae6029f7b');
insert into multimedia_descriptions (resource_id, media_object_id) values ('ce85bebd-84e9-4892-a4b2-669f554f8196', 'b9824277-5ba2-4361-bed3-9abfe40a40e6');
insert into multimedia_descriptions (resource_id, media_object_id) values ('e5aabe44-931d-4fc8-8123-41821ec84afe', '27241229-d5a1-452e-a7cd-2b27b173d6bf');
insert into multimedia_descriptions (resource_id, media_object_id) values ('e5aabe44-931d-4fc8-8123-41821ec84afe', '33935aa3-84df-4297-8408-f9a2b409eb9f');
insert into multimedia_descriptions (resource_id, media_object_id) values ('f241b190-76e0-415a-84ac-1bf30320f555', '7058fd04-e91f-4f99-a386-b8e6af6e13cc');
insert into multimedia_descriptions (resource_id, media_object_id) values ('f8edf4a7-c0dc-49e1-b6a8-f209d42a2def', '27241229-d5a1-452e-a7cd-2b27b173d6bf');
insert into multimedia_descriptions (resource_id, media_object_id) values ('f8edf4a7-c0dc-49e1-b6a8-f209d42a2def', '38771778-0835-43a6-90fd-584b016d5a58');
insert into multimedia_descriptions (resource_id, media_object_id) values ('f8edf4a7-c0dc-49e1-b6a8-f209d42a2def', 'dcc2962f-81e8-4af6-b045-b6dae6029f7b');


insert into event_venues (event_id, venue_id) values ('033c8038-f91f-4105-9551-4724fd3bf760', '5e341e64-1b63-48a7-b294-d3af9e29d94c');
insert into event_venues (event_id, venue_id) values ('0988ae88-4c00-4cc1-906e-5aff5b6f9661', '02155ec7-0b53-4e9a-8f57-b6fb6222483e');
insert into event_venues (event_id, venue_id) values ('27153043-e3d7-406f-a103-f99113fca039', '4bebcaad-5369-410e-9c23-6ac39d620429');
insert into event_venues (event_id, venue_id) values ('27153043-e3d7-406f-a103-f99113fca039', 'bb25546f-c159-4316-8e94-ab2018ab1ced');
insert into event_venues (event_id, venue_id) values ('3888dd39-3d75-4e98-aceb-a36bf4367cdc', '6e081226-510e-479e-abbd-087256172104');
insert into event_venues (event_id, venue_id) values ('3888dd39-3d75-4e98-aceb-a36bf4367cdc', 'bb25546f-c159-4316-8e94-ab2018ab1ced');
insert into event_venues (event_id, venue_id) values ('758dd262-c69d-403b-bf47-9d578585258d', '7dce9792-d80a-48f0-aaf7-e5e2f22b01ea');
insert into event_venues (event_id, venue_id) values ('76ecd268-10c4-423f-bf20-190837499af8', '04b5d92a-b094-418e-9e06-44cbbebe28c4');
insert into event_venues (event_id, venue_id) values ('8d656990-8368-4754-9b0e-d70fda3be330', '02155ec7-0b53-4e9a-8f57-b6fb6222483e');
insert into event_venues (event_id, venue_id) values ('9eb823c7-a44b-42cb-8f53-6997d7b5e6a7', '1ce7a7d3-726e-4151-b05d-8ee74bd71880');
insert into event_venues (event_id, venue_id) values ('a0c97082-2806-4196-8503-a2a4ca48626c', '7dce9792-d80a-48f0-aaf7-e5e2f22b01ea');
insert into event_venues (event_id, venue_id) values ('a0c97082-2806-4196-8503-a2a4ca48626c', 'bb25546f-c159-4316-8e94-ab2018ab1ced');
insert into event_venues (event_id, venue_id) values ('a9039fcd-3911-47df-8e90-1d47c427bda7', '4bebcaad-5369-410e-9c23-6ac39d620429');
insert into event_venues (event_id, venue_id) values ('a9039fcd-3911-47df-8e90-1d47c427bda7', '7dce9792-d80a-48f0-aaf7-e5e2f22b01ea');
insert into event_venues (event_id, venue_id) values ('ae7db4b9-5fcd-4b8d-b0b9-95c206b95fed', 'b866db8c-4ad4-4fba-9b28-bd0dc36f4a22');
insert into event_venues (event_id, venue_id) values ('ce85bebd-84e9-4892-a4b2-669f554f8196', 'ec8dc018-8710-47b6-9a31-0e3393eeda8d');
insert into event_venues (event_id, venue_id) values ('f241b190-76e0-415a-84ac-1bf30320f555', '84c41ebb-7649-4ea3-b27a-84650480e936');
insert into event_venues (event_id, venue_id) values ('f8edf4a7-c0dc-49e1-b6a8-f209d42a2def', '1ce7a7d3-726e-4151-b05d-8ee74bd71880');
insert into event_venues (event_id, venue_id) values ('f8edf4a7-c0dc-49e1-b6a8-f209d42a2def', '5e341e64-1b63-48a7-b294-d3af9e29d94c');


insert into names (lang, resource_id, content) values ('deu', '27153043-e3d7-406f-a103-f99113fca039', 'The Beatles - Concert');
insert into names (lang, resource_id, content) values ('deu', '8d656990-8368-4754-9b0e-d70fda3be330', 'Led Zeppelin - Concert');
insert into names (lang, resource_id, content) values ('deu', 'a9ddc2a6-1b2c-4c20-8dc9-770d0765949a', 'Pink Floyd - Concert');
insert into names (lang, resource_id, content) values ('deu', 'ae7db4b9-5fcd-4b8d-b0b9-95c206b95fed', 'The Rolling Stones - Concert');
insert into names (lang, resource_id, content) values ('deu', 'f8edf4a7-c0dc-49e1-b6a8-f209d42a2def', 'Queen - Concert');
insert into names (lang, resource_id, content) values ('eng', '27153043-e3d7-406f-a103-f99113fca039', 'The Who - Concert');
insert into names (lang, resource_id, content) values ('eng', '2ab478f8-1c4a-4260-bcc5-1c197cc47816', 'Fleetwood Mac - Concert');
insert into names (lang, resource_id, content) values ('eng', '758dd262-c69d-403b-bf47-9d578585258d', 'The Byrds - Concert');
insert into names (lang, resource_id, content) values ('eng', 'a0c97082-2806-4196-8503-a2a4ca48626c', 'The Doors - Concert');
insert into names (lang, resource_id, content) values ('eng', 'a9039fcd-3911-47df-8e90-1d47c427bda7', 'The Grateful Dead - Concert');
insert into names (lang, resource_id, content) values ('eng', 'be00a9f8-3592-4f7e-ad07-28ea1274dffe', 'The Jimi Hendrix Experience - Concert');
insert into names (lang, resource_id, content) values ('eng', 'ce85bebd-84e9-4892-a4b2-669f554f8196', 'The Kinks - Concert');
insert into names (lang, resource_id, content) values ('eng', 'e5aabe44-931d-4fc8-8123-41821ec84afe', 'The Police - Concert');
insert into names (lang, resource_id, content) values ('fra', '033c8038-f91f-4105-9551-4724fd3bf760', 'The Pretenders - Concert');
insert into names (lang, resource_id, content) values ('fra', '3888dd39-3d75-4e98-aceb-a36bf4367cdc', 'The Talking Heads - Concert');
insert into names (lang, resource_id, content) values ('fra', '712641ac-c9cb-4ac1-bec8-beada6c95e8a', 'The Velvet Underground - Concert');
insert into names (lang, resource_id, content) values ('fra', '76ecd268-10c4-423f-bf20-190837499af8', 'The White Stripes - Concert');
insert into names (lang, resource_id, content) values ('fra', '9eb823c7-a44b-42cb-8f53-6997d7b5e6a7', 'The Black Keys - Concert');
insert into names (lang, resource_id, content) values ('fra', 'a0c97082-2806-4196-8503-a2a4ca48626c', 'Led Zeppelin - Concert');
insert into names (lang, resource_id, content) values ('fra', 'a9039fcd-3911-47df-8e90-1d47c427bda7', 'The Rolling Stones - Concert');
insert into names (lang, resource_id, content) values ('fra', 'a9ddc2a6-1b2c-4c20-8dc9-770d0765949a', 'Queen - Concert');
insert into names (lang, resource_id, content) values ('fra', 'ae7db4b9-5fcd-4b8d-b0b9-95c206b95fed', 'The Who - Concert');
insert into names (lang, resource_id, content) values ('fra', 'be00a9f8-3592-4f7e-ad07-28ea1274dffe', 'The Eagles - Concert');
insert into names (lang, resource_id, content) values ('fra', 'ce85bebd-84e9-4892-a4b2-669f554f8196', 'The Byrds - Concert');
insert into names (lang, resource_id, content) values ('fra', 'e5aabe44-931d-4fc8-8123-41821ec84afe', 'The Jimi Hendrix Experience - Concert');
insert into names (lang, resource_id, content) values ('fra', 'f8edf4a7-c0dc-49e1-b6a8-f209d42a2def', 'The Kinks - Concert');
insert into names (lang, resource_id, content) values ('ita', '0988ae88-4c00-4cc1-906e-5aff5b6f9661', 'The Police - Concert');
insert into names (lang, resource_id, content) values ('ita', '3888dd39-3d75-4e98-aceb-a36bf4367cdc', 'The Pretenders - Concert');
insert into names (lang, resource_id, content) values ('ita', '9eb823c7-a44b-42cb-8f53-6997d7b5e6a7', 'The Talking Heads - Concert');
insert into names (lang, resource_id, content) values ('ita', 'a0c97082-2806-4196-8503-a2a4ca48626c', 'The Velvet Underground - Concert');
insert into names (lang, resource_id, content) values ('ita', 'ae7db4b9-5fcd-4b8d-b0b9-95c206b95fed', 'The White Stripes - Concert');
insert into names (lang, resource_id, content) values ('ita', 'f241b190-76e0-415a-84ac-1bf30320f555', 'The Black Keys - Concert');
insert into names (lang, resource_id, content) values ('por', '712641ac-c9cb-4ac1-bec8-beada6c95e8a', 'The Beatles - Concert');
insert into names (lang, resource_id, content) values ('por', '758dd262-c69d-403b-bf47-9d578585258d', 'Led Zeppelin - Concert');
insert into names (lang, resource_id, content) values ('por', 'a9ddc2a6-1b2c-4c20-8dc9-770d0765949a', 'Pink Floyd - Concert');
insert into names (lang, resource_id, content) values ('por', 'ae7db4b9-5fcd-4b8d-b0b9-95c206b95fed', 'The Rolling Stones - Concert');
insert into names (lang, resource_id, content) values ('por', 'f241b190-76e0-415a-84ac-1bf30320f555', 'The Who - Concert');
insert into names (lang, resource_id, content) values ('spa', '033c8038-f91f-4105-9551-4724fd3bf760', 'The Eagles - Concert');
insert into names (lang, resource_id, content) values ('spa', '3888dd39-3d75-4e98-aceb-a36bf4367cdc', 'Fleetwood Mac - Concert');
insert into names (lang, resource_id, content) values ('spa', '758dd262-c69d-403b-bf47-9d578585258d', 'The Doors - Concert');
insert into names (lang, resource_id, content) values ('spa', '9eb823c7-a44b-42cb-8f53-6997d7b5e6a7', 'The Kinks - Concert');
insert into names (lang, resource_id, content) values ('spa', 'a8d4f960-87e1-408c-a0f9-227e282bc930', 'The Police - Concert');
insert into names (lang, resource_id, content) values ('spa', 'a9039fcd-3911-47df-8e90-1d47c427bda7', 'The Pretenders - Concert');
insert into names (lang, resource_id, content) values ('spa', 'ae7db4b9-5fcd-4b8d-b0b9-95c206b95fed', 'The Smiths - Concert');
insert into names (lang, resource_id, content) values ('spa', 'be00a9f8-3592-4f7e-ad07-28ea1274dffe', 'The Talking Heads - Concert');
insert into names (lang, resource_id, content) values ('spa', 'ce85bebd-84e9-4892-a4b2-669f554f8196', 'The White Stripes - Concert');
insert into names (lang, resource_id, content) values ('spa', 'f8edf4a7-c0dc-49e1-b6a8-f209d42a2def', 'The Black Keys - Concert');


insert into short_names (lang, resource_id, content) values ('deu', '27153043-e3d7-406f-a103-f99113fca039', 'The Beatles');
insert into short_names (lang, resource_id, content) values ('deu', '8d656990-8368-4754-9b0e-d70fda3be330', 'Led Zeppelin');
insert into short_names (lang, resource_id, content) values ('deu', 'a9ddc2a6-1b2c-4c20-8dc9-770d0765949a', 'Pink Floyd');
insert into short_names (lang, resource_id, content) values ('deu', 'ae7db4b9-5fcd-4b8d-b0b9-95c206b95fed', 'The Rolling Stones');
insert into short_names (lang, resource_id, content) values ('deu', 'f8edf4a7-c0dc-49e1-b6a8-f209d42a2def', 'Queen');
insert into short_names (lang, resource_id, content) values ('eng', '27153043-e3d7-406f-a103-f99113fca039', 'The Who');
insert into short_names (lang, resource_id, content) values ('eng', '2ab478f8-1c4a-4260-bcc5-1c197cc47816', 'Fleetwood Mac');
insert into short_names (lang, resource_id, content) values ('eng', '758dd262-c69d-403b-bf47-9d578585258d', 'The Byrds');
insert into short_names (lang, resource_id, content) values ('eng', 'a0c97082-2806-4196-8503-a2a4ca48626c', 'The Doors');
insert into short_names (lang, resource_id, content) values ('eng', 'a9039fcd-3911-47df-8e90-1d47c427bda7', 'The Grateful Dead');
insert into short_names (lang, resource_id, content) values ('eng', 'be00a9f8-3592-4f7e-ad07-28ea1274dffe', 'The Jimi Hendrix Experience');
insert into short_names (lang, resource_id, content) values ('eng', 'ce85bebd-84e9-4892-a4b2-669f554f8196', 'The Kinks');
insert into short_names (lang, resource_id, content) values ('eng', 'e5aabe44-931d-4fc8-8123-41821ec84afe', 'The Police');
insert into short_names (lang, resource_id, content) values ('fra', '033c8038-f91f-4105-9551-4724fd3bf760', 'The Pretenders');
insert into short_names (lang, resource_id, content) values ('fra', '3888dd39-3d75-4e98-aceb-a36bf4367cdc', 'The Talking Heads');
insert into short_names (lang, resource_id, content) values ('fra', '712641ac-c9cb-4ac1-bec8-beada6c95e8a', 'The Velvet Underground');
insert into short_names (lang, resource_id, content) values ('fra', '76ecd268-10c4-423f-bf20-190837499af8', 'The White Stripes');
insert into short_names (lang, resource_id, content) values ('fra', '9eb823c7-a44b-42cb-8f53-6997d7b5e6a7', 'The Black Keys');
insert into short_names (lang, resource_id, content) values ('fra', 'a0c97082-2806-4196-8503-a2a4ca48626c', 'Led Zeppelin');
insert into short_names (lang, resource_id, content) values ('fra', 'a9039fcd-3911-47df-8e90-1d47c427bda7', 'The Rolling Stones');
insert into short_names (lang, resource_id, content) values ('fra', 'a9ddc2a6-1b2c-4c20-8dc9-770d0765949a', 'Queen');
insert into short_names (lang, resource_id, content) values ('fra', 'ae7db4b9-5fcd-4b8d-b0b9-95c206b95fed', 'The Who');
insert into short_names (lang, resource_id, content) values ('fra', 'be00a9f8-3592-4f7e-ad07-28ea1274dffe', 'The Eagles');
insert into short_names (lang, resource_id, content) values ('fra', 'ce85bebd-84e9-4892-a4b2-669f554f8196', 'The Byrds');
insert into short_names (lang, resource_id, content) values ('fra', 'e5aabe44-931d-4fc8-8123-41821ec84afe', 'The Jimi Hendrix Experience');
insert into short_names (lang, resource_id, content) values ('fra', 'f8edf4a7-c0dc-49e1-b6a8-f209d42a2def', 'The Kinks');
insert into short_names (lang, resource_id, content) values ('ita', '0988ae88-4c00-4cc1-906e-5aff5b6f9661', 'The Police');
insert into short_names (lang, resource_id, content) values ('ita', '3888dd39-3d75-4e98-aceb-a36bf4367cdc', 'The Pretenders');
insert into short_names (lang, resource_id, content) values ('ita', '9eb823c7-a44b-42cb-8f53-6997d7b5e6a7', 'The Talking Heads');
insert into short_names (lang, resource_id, content) values ('ita', 'a0c97082-2806-4196-8503-a2a4ca48626c', 'The Velvet Underground');
insert into short_names (lang, resource_id, content) values ('ita', 'ae7db4b9-5fcd-4b8d-b0b9-95c206b95fed', 'The White Stripes');
insert into short_names (lang, resource_id, content) values ('ita', 'f241b190-76e0-415a-84ac-1bf30320f555', 'The Black Keys');
insert into short_names (lang, resource_id, content) values ('por', '712641ac-c9cb-4ac1-bec8-beada6c95e8a', 'The Beatles');
insert into short_names (lang, resource_id, content) values ('por', '758dd262-c69d-403b-bf47-9d578585258d', 'Led Zeppelin');
insert into short_names (lang, resource_id, content) values ('por', 'a9ddc2a6-1b2c-4c20-8dc9-770d0765949a', 'Pink Floyd');
insert into short_names (lang, resource_id, content) values ('por', 'ae7db4b9-5fcd-4b8d-b0b9-95c206b95fed', 'The Rolling Stones');
insert into short_names (lang, resource_id, content) values ('por', 'f241b190-76e0-415a-84ac-1bf30320f555', 'The Who');
insert into short_names (lang, resource_id, content) values ('spa', '033c8038-f91f-4105-9551-4724fd3bf760', 'The Eagles');
insert into short_names (lang, resource_id, content) values ('spa', '3888dd39-3d75-4e98-aceb-a36bf4367cdc', 'Fleetwood Mac');
insert into short_names (lang, resource_id, content) values ('spa', '758dd262-c69d-403b-bf47-9d578585258d', 'The Doors');
insert into short_names (lang, resource_id, content) values ('spa', '9eb823c7-a44b-42cb-8f53-6997d7b5e6a7', 'The Kinks');
insert into short_names (lang, resource_id, content) values ('spa', 'a8d4f960-87e1-408c-a0f9-227e282bc930', 'The Police');
insert into short_names (lang, resource_id, content) values ('spa', 'a9039fcd-3911-47df-8e90-1d47c427bda7', 'The Pretenders');
insert into short_names (lang, resource_id, content) values ('spa', 'ae7db4b9-5fcd-4b8d-b0b9-95c206b95fed', 'The Smiths');
insert into short_names (lang, resource_id, content) values ('spa', 'be00a9f8-3592-4f7e-ad07-28ea1274dffe', 'The Talking Heads');
insert into short_names (lang, resource_id, content) values ('spa', 'ce85bebd-84e9-4892-a4b2-669f554f8196', 'The White Stripes');
insert into short_names (lang, resource_id, content) values ('spa', 'f8edf4a7-c0dc-49e1-b6a8-f209d42a2def', 'The Black Keys');


insert into descriptions (lang, resource_id, content) values ('deu', '76ecd268-10c4-423f-bf20-190837499af8', 'Praesent lectus. Vestibulum quam sapien, varius ut, blandit non, interdum in, ante. Vestibulum ante ipsum primis in faucibus orci luctus et ultrices posuere cubilia Curae; Duis faucibus accumsan odio. Curabitur convallis. Duis consequat dui nec nisi volutpat eleifend. Donec ut dolor. Morbi vel lectus in quam fringilla rhoncus. Mauris enim leo, rhoncus sed, vestibulum sit amet, cursus id, turpis. Integer aliquet, massa id lobortis convallis, tortor risus dapibus augue, vel accumsan tellus nisi eu orci. Mauris lacinia sapien quis libero. Nullam sit amet turpis elementum ligula vehicula consequat. Morbi a ipsum. Integer a nibh. In quis justo. Maecenas rhoncus aliquam lacus. Morbi quis tortor id nulla ultrices aliquet. Maecenas leo odio, condimentum id, luctus nec, molestie sed, justo. Pellentesque viverra pede ac diam. Cras pellentesque volutpat dui. Maecenas tristique, est et tempus semper, est quam pharetra magna, ac consequat metus sapien ut nunc. Vestibulum ante ipsum primis in faucibus orci luctus et ultrices posuere cubilia Curae; Mauris viverra diam vitae quam. Suspendisse potenti. Nullam porttitor lacus at turpis. Donec posuere metus vitae ipsum. Aliquam non mauris. Morbi non lectus. Aliquam sit amet diam in magna bibendum imperdiet. Nullam orci pede, venenatis non, sodales sed, tincidunt eu, felis. Fusce posuere felis sed lacus. Morbi sem mauris, laoreet ut, rhoncus aliquet, pulvinar sed, nisl. Nunc rhoncus dui vel sem. Sed sagittis. Nam congue, risus semper porta volutpat, quam pede lobortis ligula, sit amet eleifend pede libero quis orci.');
insert into descriptions (lang, resource_id, content) values ('deu', 'ce85bebd-84e9-4892-a4b2-669f554f8196', 'In hac habitasse platea dictumst. Morbi vestibulum, velit id pretium iaculis, diam erat fermentum justo, nec condimentum neque sapien placerat ante. Nulla justo. Aliquam quis turpis eget elit sodales scelerisque. Mauris sit amet eros. Suspendisse accumsan tortor quis turpis. Sed ante. Vivamus tortor. Duis mattis egestas metus. Aenean fermentum. Donec ut mauris eget massa tempor convallis. Nulla neque libero, convallis eget, eleifend luctus, ultricies eu, nibh. Quisque id justo sit amet sapien dignissim vestibulum. Vestibulum ante ipsum primis in faucibus orci luctus et ultrices posuere cubilia Curae; Nulla dapibus dolor vel est. Donec odio justo, sollicitudin ut, suscipit a, feugiat et, eros. Vestibulum ac est lacinia nisi venenatis tristique. Fusce congue, diam id ornare imperdiet, sapien urna pretium nisl, ut volutpat sapien arcu sed augue. Aliquam erat volutpat. In congue. Etiam justo. Etiam pretium iaculis justo. In hac habitasse platea dictumst. Etiam faucibus cursus urna. Ut tellus. Nulla ut erat id mauris vulputate elementum. Nullam varius. Nulla facilisi. Cras non velit nec nisi vulputate nonummy. Maecenas tincidunt lacus at velit. Vivamus vel nulla eget eros elementum pellentesque. Quisque porta volutpat erat. Quisque erat eros, viverra eget, congue eget, semper rutrum, nulla. Nunc purus. Phasellus in felis. Donec semper sapien a libero. Nam dui. Proin leo odio, porttitor id, consequat in, consequat ut, nulla. Sed accumsan felis. Ut at dolor quis odio consequat varius. Integer ac leo. Pellentesque ultrices mattis odio. Donec vitae nisi. Nam ultrices, libero non mattis pulvinar, nulla pede ullamcorper augue, a suscipit nulla elit ac nulla. Sed vel enim sit amet nunc viverra dapibus. Nulla suscipit ligula in lacus. Curabitur at ipsum ac tellus semper interdum. Mauris ullamcorper purus sit amet nulla. Quisque arcu libero, rutrum ac, lobortis vel, dapibus at, diam.');
insert into descriptions (lang, resource_id, content) values ('deu', 'f8edf4a7-c0dc-49e1-b6a8-f209d42a2def', 'Vivamus in felis eu sapien cursus vestibulum. Proin eu mi. Nulla ac enim. In tempor, turpis nec euismod scelerisque, quam turpis adipiscing lorem, vitae mattis nibh ligula nec sem. Duis aliquam convallis nunc. Proin at turpis a pede posuere nonummy. Integer non velit. Donec diam neque, vestibulum eget, vulputate ut, ultrices vel, augue. Vestibulum ante ipsum primis in faucibus orci luctus et ultrices posuere cubilia Curae; Donec pharetra, magna vestibulum aliquet ultrices, erat tortor sollicitudin mi, sit amet lobortis sapien sapien non mi. Integer ac neque. Duis bibendum. Morbi non quam nec dui luctus rutrum. Nulla tellus. In sagittis dui vel nisl. Duis ac nibh. Fusce lacus purus, aliquet at, feugiat non, pretium quis, lectus. Suspendisse potenti. In eleifend quam a odio. In hac habitasse platea dictumst. Maecenas ut massa quis augue luctus tincidunt. Nulla mollis molestie lorem. Quisque ut erat. Curabitur gravida nisi at nibh. In hac habitasse platea dictumst. Aliquam augue quam, sollicitudin vitae, consectetuer eget, rutrum at, lorem. Integer tincidunt ante vel ipsum. Praesent blandit lacinia erat. Vestibulum sed magna at nunc commodo placerat. Praesent blandit. Nam nulla. Integer pede justo, lacinia eget, tincidunt eget, tempus vel, pede. Morbi porttitor lorem id ligula. Suspendisse ornare consequat lectus. In est risus, auctor sed, tristique in, tempus sit amet, sem. Fusce consequat.');
insert into descriptions (lang, resource_id, content) values ('eng', '033c8038-f91f-4105-9551-4724fd3bf760', 'Aliquam erat volutpat. In congue. Etiam justo. Etiam pretium iaculis justo. In hac habitasse platea dictumst. Etiam faucibus cursus urna. Ut tellus. Nulla ut erat id mauris vulputate elementum. Nullam varius. Nulla facilisi. Cras non velit nec nisi vulputate nonummy. Maecenas tincidunt lacus at velit. Vivamus vel nulla eget eros elementum pellentesque. Quisque porta volutpat erat. Quisque erat eros, viverra eget, congue eget, semper rutrum, nulla. Nunc purus. Phasellus in felis. Donec semper sapien a libero. Nam dui. Proin leo odio, porttitor id, consequat in, consequat ut, nulla. Sed accumsan felis. Ut at dolor quis odio consequat varius. Integer ac leo. Pellentesque ultrices mattis odio. Donec vitae nisi. Nam ultrices, libero non mattis pulvinar, nulla pede ullamcorper augue, a suscipit nulla elit ac nulla. Sed vel enim sit amet nunc viverra dapibus.');
insert into descriptions (lang, resource_id, content) values ('eng', '2ab478f8-1c4a-4260-bcc5-1c197cc47816', 'Vestibulum quam sapien, varius ut, blandit non, interdum in, ante. Vestibulum ante ipsum primis in faucibus orci luctus et ultrices posuere cubilia Curae; Duis faucibus accumsan odio. Curabitur convallis. Duis consequat dui nec nisi volutpat eleifend. Donec ut dolor. Morbi vel lectus in quam fringilla rhoncus. Mauris enim leo, rhoncus sed, vestibulum sit amet, cursus id, turpis. Integer aliquet, massa id lobortis convallis, tortor risus dapibus augue, vel accumsan tellus nisi eu orci. Mauris lacinia sapien quis libero. Nullam sit amet turpis elementum ligula vehicula consequat. Morbi a ipsum. Integer a nibh. In quis justo. Maecenas rhoncus aliquam lacus. Morbi quis tortor id nulla ultrices aliquet. Maecenas leo odio, condimentum id, luctus nec, molestie sed, justo. Pellentesque viverra pede ac diam. Cras pellentesque volutpat dui. Maecenas tristique, est et tempus semper, est quam pharetra magna, ac consequat metus sapien ut nunc. Vestibulum ante ipsum primis in faucibus orci luctus et ultrices posuere cubilia Curae; Mauris viverra diam vitae quam. Suspendisse potenti. Nullam porttitor lacus at turpis. Donec posuere metus vitae ipsum. Aliquam non mauris. Morbi non lectus. Aliquam sit amet diam in magna bibendum imperdiet. Nullam orci pede, venenatis non, sodales sed, tincidunt eu, felis. Fusce posuere felis sed lacus. Morbi sem mauris, laoreet ut, rhoncus aliquet, pulvinar sed, nisl. Nunc rhoncus dui vel sem. Sed sagittis. Nam congue, risus semper porta volutpat, quam pede lobortis ligula, sit amet eleifend pede libero quis orci. Nullam molestie nibh in lectus. Pellentesque at nulla.');
insert into descriptions (lang, resource_id, content) values ('eng', '712641ac-c9cb-4ac1-bec8-beada6c95e8a', 'Nulla ut erat id mauris vulputate elementum. Nullam varius. Nulla facilisi. Cras non velit nec nisi vulputate nonummy. Maecenas tincidunt lacus at velit. Vivamus vel nulla eget eros elementum pellentesque. Quisque porta volutpat erat. Quisque erat eros, viverra eget, congue eget, semper rutrum, nulla. Nunc purus. Phasellus in felis. Donec semper sapien a libero. Nam dui. Proin leo odio, porttitor id, consequat in, consequat ut, nulla. Sed accumsan felis. Ut at dolor quis odio consequat varius. Integer ac leo. Pellentesque ultrices mattis odio. Donec vitae nisi. Nam ultrices, libero non mattis pulvinar, nulla pede ullamcorper augue, a suscipit nulla elit ac nulla. Sed vel enim sit amet nunc viverra dapibus. Nulla suscipit ligula in lacus. Curabitur at ipsum ac tellus semper interdum. Mauris ullamcorper purus sit amet nulla.');
insert into descriptions (lang, resource_id, content) values ('eng', 'a0c97082-2806-4196-8503-a2a4ca48626c', 'Donec ut dolor. Morbi vel lectus in quam fringilla rhoncus. Mauris enim leo, rhoncus sed, vestibulum sit amet, cursus id, turpis. Integer aliquet, massa id lobortis convallis, tortor risus dapibus augue, vel accumsan tellus nisi eu orci. Mauris lacinia sapien quis libero. Nullam sit amet turpis elementum ligula vehicula consequat. Morbi a ipsum. Integer a nibh. In quis justo. Maecenas rhoncus aliquam lacus. Morbi quis tortor id nulla ultrices aliquet. Maecenas leo odio, condimentum id, luctus nec, molestie sed, justo. Pellentesque viverra pede ac diam. Cras pellentesque volutpat dui. Maecenas tristique, est et tempus semper, est quam pharetra magna, ac consequat metus sapien ut nunc. Vestibulum ante ipsum primis in faucibus orci luctus et ultrices posuere cubilia Curae; Mauris viverra diam vitae quam. Suspendisse potenti. Nullam porttitor lacus at turpis. Donec posuere metus vitae ipsum. Aliquam non mauris. Morbi non lectus. Aliquam sit amet diam in magna bibendum imperdiet. Nullam orci pede, venenatis non, sodales sed, tincidunt eu, felis. Fusce posuere felis sed lacus. Morbi sem mauris, laoreet ut, rhoncus aliquet, pulvinar sed, nisl. Nunc rhoncus dui vel sem. Sed sagittis. Nam congue, risus semper porta volutpat, quam pede lobortis ligula, sit amet eleifend pede libero quis orci. Nullam molestie nibh in lectus. Pellentesque at nulla. Suspendisse potenti. Cras in purus eu magna vulputate luctus. Cum sociis natoque penatibus et magnis dis parturient montes, nascetur ridiculus mus. Vivamus vestibulum sagittis sapien. Cum sociis natoque penatibus et magnis dis parturient montes, nascetur ridiculus mus.');
insert into descriptions (lang, resource_id, content) values ('eng', 'ae7db4b9-5fcd-4b8d-b0b9-95c206b95fed', 'Nulla tellus. In sagittis dui vel nisl. Duis ac nibh. Fusce lacus purus, aliquet at, feugiat non, pretium quis, lectus. Suspendisse potenti. In eleifend quam a odio. In hac habitasse platea dictumst. Maecenas ut massa quis augue luctus tincidunt. Nulla mollis molestie lorem. Quisque ut erat. Curabitur gravida nisi at nibh. In hac habitasse platea dictumst. Aliquam augue quam, sollicitudin vitae, consectetuer eget, rutrum at, lorem. Integer tincidunt ante vel ipsum. Praesent blandit lacinia erat. Vestibulum sed magna at nunc commodo placerat. Praesent blandit. Nam nulla. Integer pede justo, lacinia eget, tincidunt eget, tempus vel, pede. Morbi porttitor lorem id ligula. Suspendisse ornare consequat lectus. In est risus, auctor sed, tristique in, tempus sit amet, sem. Fusce consequat. Nulla nisl. Nunc nisl. Duis bibendum, felis sed interdum venenatis, turpis enim blandit mi, in porttitor pede justo eu massa. Donec dapibus. Duis at velit eu est congue elementum. In hac habitasse platea dictumst. Morbi vestibulum, velit id pretium iaculis, diam erat fermentum justo, nec condimentum neque sapien placerat ante. Nulla justo. Aliquam quis turpis eget elit sodales scelerisque. Mauris sit amet eros. Suspendisse accumsan tortor quis turpis. Sed ante. Vivamus tortor. Duis mattis egestas metus. Aenean fermentum. Donec ut mauris eget massa tempor convallis. Nulla neque libero, convallis eget, eleifend luctus, ultricies eu, nibh. Quisque id justo sit amet sapien dignissim vestibulum. Vestibulum ante ipsum primis in faucibus orci luctus et ultrices posuere cubilia Curae; Nulla dapibus dolor vel est. Donec odio justo, sollicitudin ut, suscipit a, feugiat et, eros. Vestibulum ac est lacinia nisi venenatis tristique. Fusce congue, diam id ornare imperdiet, sapien urna pretium nisl, ut volutpat sapien arcu sed augue. Aliquam erat volutpat. In congue. Etiam justo. Etiam pretium iaculis justo.');
insert into descriptions (lang, resource_id, content) values ('eng', 'ce85bebd-84e9-4892-a4b2-669f554f8196', 'Integer non velit. Donec diam neque, vestibulum eget, vulputate ut, ultrices vel, augue. Vestibulum ante ipsum primis in faucibus orci luctus et ultrices posuere cubilia Curae; Donec pharetra, magna vestibulum aliquet ultrices, erat tortor sollicitudin mi, sit amet lobortis sapien sapien non mi. Integer ac neque. Duis bibendum. Morbi non quam nec dui luctus rutrum. Nulla tellus. In sagittis dui vel nisl. Duis ac nibh. Fusce lacus purus, aliquet at, feugiat non, pretium quis, lectus. Suspendisse potenti. In eleifend quam a odio. In hac habitasse platea dictumst. Maecenas ut massa quis augue luctus tincidunt. Nulla mollis molestie lorem. Quisque ut erat. Curabitur gravida nisi at nibh. In hac habitasse platea dictumst. Aliquam augue quam, sollicitudin vitae, consectetuer eget, rutrum at, lorem. Integer tincidunt ante vel ipsum. Praesent blandit lacinia erat. Vestibulum sed magna at nunc commodo placerat. Praesent blandit. Nam nulla. Integer pede justo, lacinia eget, tincidunt eget, tempus vel, pede. Morbi porttitor lorem id ligula. Suspendisse ornare consequat lectus. In est risus, auctor sed, tristique in, tempus sit amet, sem. Fusce consequat. Nulla nisl. Nunc nisl.');
insert into descriptions (lang, resource_id, content) values ('eng', 'f241b190-76e0-415a-84ac-1bf30320f555', 'Mauris enim leo, rhoncus sed, vestibulum sit amet, cursus id, turpis. Integer aliquet, massa id lobortis convallis, tortor risus dapibus augue, vel accumsan tellus nisi eu orci. Mauris lacinia sapien quis libero. Nullam sit amet turpis elementum ligula vehicula consequat. Morbi a ipsum. Integer a nibh. In quis justo. Maecenas rhoncus aliquam lacus. Morbi quis tortor id nulla ultrices aliquet. Maecenas leo odio, condimentum id, luctus nec, molestie sed, justo. Pellentesque viverra pede ac diam. Cras pellentesque volutpat dui. Maecenas tristique, est et tempus semper, est quam pharetra magna, ac consequat metus sapien ut nunc. Vestibulum ante ipsum primis in faucibus orci luctus et ultrices posuere cubilia Curae; Mauris viverra diam vitae quam. Suspendisse potenti. Nullam porttitor lacus at turpis. Donec posuere metus vitae ipsum. Aliquam non mauris. Morbi non lectus. Aliquam sit amet diam in magna bibendum imperdiet. Nullam orci pede, venenatis non, sodales sed, tincidunt eu, felis. Fusce posuere felis sed lacus. Morbi sem mauris, laoreet ut, rhoncus aliquet, pulvinar sed, nisl. Nunc rhoncus dui vel sem. Sed sagittis. Nam congue, risus semper porta volutpat, quam pede lobortis ligula, sit amet eleifend pede libero quis orci. Nullam molestie nibh in lectus. Pellentesque at nulla. Suspendisse potenti. Cras in purus eu magna vulputate luctus. Cum sociis natoque penatibus et magnis dis parturient montes, nascetur ridiculus mus. Vivamus vestibulum sagittis sapien. Cum sociis natoque penatibus et magnis dis parturient montes, nascetur ridiculus mus.');
insert into descriptions (lang, resource_id, content) values ('eng', 'f8edf4a7-c0dc-49e1-b6a8-f209d42a2def', 'Nulla justo. Aliquam quis turpis eget elit sodales scelerisque. Mauris sit amet eros. Suspendisse accumsan tortor quis turpis. Sed ante. Vivamus tortor. Duis mattis egestas metus. Aenean fermentum. Donec ut mauris eget massa tempor convallis. Nulla neque libero, convallis eget, eleifend luctus, ultricies eu, nibh. Quisque id justo sit amet sapien dignissim vestibulum. Vestibulum ante ipsum primis in faucibus orci luctus et ultrices posuere cubilia Curae; Nulla dapibus dolor vel est. Donec odio justo, sollicitudin ut, suscipit a, feugiat et, eros. Vestibulum ac est lacinia nisi venenatis tristique. Fusce congue, diam id ornare imperdiet, sapien urna pretium nisl, ut volutpat sapien arcu sed augue. Aliquam erat volutpat. In congue. Etiam justo. Etiam pretium iaculis justo. In hac habitasse platea dictumst. Etiam faucibus cursus urna. Ut tellus. Nulla ut erat id mauris vulputate elementum. Nullam varius. Nulla facilisi. Cras non velit nec nisi vulputate nonummy.');
insert into descriptions (lang, resource_id, content) values ('fra', '2ab478f8-1c4a-4260-bcc5-1c197cc47816', 'Vestibulum ante ipsum primis in faucibus orci luctus et ultrices posuere cubilia Curae; Mauris viverra diam vitae quam. Suspendisse potenti. Nullam porttitor lacus at turpis. Donec posuere metus vitae ipsum. Aliquam non mauris. Morbi non lectus. Aliquam sit amet diam in magna bibendum imperdiet. Nullam orci pede, venenatis non, sodales sed, tincidunt eu, felis. Fusce posuere felis sed lacus. Morbi sem mauris, laoreet ut, rhoncus aliquet, pulvinar sed, nisl. Nunc rhoncus dui vel sem. Sed sagittis. Nam congue, risus semper porta volutpat, quam pede lobortis ligula, sit amet eleifend pede libero quis orci. Nullam molestie nibh in lectus. Pellentesque at nulla. Suspendisse potenti. Cras in purus eu magna vulputate luctus. Cum sociis natoque penatibus et magnis dis parturient montes, nascetur ridiculus mus. Vivamus vestibulum sagittis sapien. Cum sociis natoque penatibus et magnis dis parturient montes, nascetur ridiculus mus. Etiam vel augue. Vestibulum rutrum rutrum neque. Aenean auctor gravida sem. Praesent id massa id nisl venenatis lacinia. Aenean sit amet justo. Morbi ut odio. Cras mi pede, malesuada in, imperdiet et, commodo vulputate, justo. In blandit ultrices enim. Lorem ipsum dolor sit amet, consectetuer adipiscing elit.');
insert into descriptions (lang, resource_id, content) values ('fra', '76ecd268-10c4-423f-bf20-190837499af8', 'Aenean auctor gravida sem. Praesent id massa id nisl venenatis lacinia. Aenean sit amet justo. Morbi ut odio. Cras mi pede, malesuada in, imperdiet et, commodo vulputate, justo. In blandit ultrices enim. Lorem ipsum dolor sit amet, consectetuer adipiscing elit. Proin interdum mauris non ligula pellentesque ultrices. Phasellus id sapien in sapien iaculis congue. Vivamus metus arcu, adipiscing molestie, hendrerit at, vulputate vitae, nisl. Aenean lectus. Pellentesque eget nunc. Donec quis orci eget orci vehicula condimentum. Curabitur in libero ut massa volutpat convallis. Morbi odio odio, elementum eu, interdum eu, tincidunt in, leo. Maecenas pulvinar lobortis est. Phasellus sit amet erat. Nulla tempus. Vivamus in felis eu sapien cursus vestibulum. Proin eu mi. Nulla ac enim. In tempor, turpis nec euismod scelerisque, quam turpis adipiscing lorem, vitae mattis nibh ligula nec sem. Duis aliquam convallis nunc. Proin at turpis a pede posuere nonummy. Integer non velit. Donec diam neque, vestibulum eget, vulputate ut, ultrices vel, augue. Vestibulum ante ipsum primis in faucibus orci luctus et ultrices posuere cubilia Curae; Donec pharetra, magna vestibulum aliquet ultrices, erat tortor sollicitudin mi, sit amet lobortis sapien sapien non mi. Integer ac neque. Duis bibendum. Morbi non quam nec dui luctus rutrum. Nulla tellus. In sagittis dui vel nisl. Duis ac nibh. Fusce lacus purus, aliquet at, feugiat non, pretium quis, lectus. Suspendisse potenti. In eleifend quam a odio. In hac habitasse platea dictumst. Maecenas ut massa quis augue luctus tincidunt. Nulla mollis molestie lorem. Quisque ut erat. Curabitur gravida nisi at nibh. In hac habitasse platea dictumst. Aliquam augue quam, sollicitudin vitae, consectetuer eget, rutrum at, lorem. Integer tincidunt ante vel ipsum. Praesent blandit lacinia erat. Vestibulum sed magna at nunc commodo placerat. Praesent blandit.');
insert into descriptions (lang, resource_id, content) values ('fra', '9eb823c7-a44b-42cb-8f53-6997d7b5e6a7', 'Pellentesque viverra pede ac diam. Cras pellentesque volutpat dui. Maecenas tristique, est et tempus semper, est quam pharetra magna, ac consequat metus sapien ut nunc. Vestibulum ante ipsum primis in faucibus orci luctus et ultrices posuere cubilia Curae; Mauris viverra diam vitae quam. Suspendisse potenti. Nullam porttitor lacus at turpis. Donec posuere metus vitae ipsum. Aliquam non mauris. Morbi non lectus. Aliquam sit amet diam in magna bibendum imperdiet. Nullam orci pede, venenatis non, sodales sed, tincidunt eu, felis. Fusce posuere felis sed lacus. Morbi sem mauris, laoreet ut, rhoncus aliquet, pulvinar sed, nisl. Nunc rhoncus dui vel sem. Sed sagittis. Nam congue, risus semper porta volutpat, quam pede lobortis ligula, sit amet eleifend pede libero quis orci. Nullam molestie nibh in lectus. Pellentesque at nulla. Suspendisse potenti. Cras in purus eu magna vulputate luctus.');
insert into descriptions (lang, resource_id, content) values ('fra', 'ae7db4b9-5fcd-4b8d-b0b9-95c206b95fed', 'Etiam vel augue. Vestibulum rutrum rutrum neque. Aenean auctor gravida sem. Praesent id massa id nisl venenatis lacinia. Aenean sit amet justo. Morbi ut odio. Cras mi pede, malesuada in, imperdiet et, commodo vulputate, justo. In blandit ultrices enim. Lorem ipsum dolor sit amet, consectetuer adipiscing elit. Proin interdum mauris non ligula pellentesque ultrices. Phasellus id sapien in sapien iaculis congue. Vivamus metus arcu, adipiscing molestie, hendrerit at, vulputate vitae, nisl. Aenean lectus. Pellentesque eget nunc. Donec quis orci eget orci vehicula condimentum. Curabitur in libero ut massa volutpat convallis. Morbi odio odio, elementum eu, interdum eu, tincidunt in, leo. Maecenas pulvinar lobortis est. Phasellus sit amet erat. Nulla tempus. Vivamus in felis eu sapien cursus vestibulum. Proin eu mi. Nulla ac enim. In tempor, turpis nec euismod scelerisque, quam turpis adipiscing lorem, vitae mattis nibh ligula nec sem. Duis aliquam convallis nunc. Proin at turpis a pede posuere nonummy. Integer non velit. Donec diam neque, vestibulum eget, vulputate ut, ultrices vel, augue. Vestibulum ante ipsum primis in faucibus orci luctus et ultrices posuere cubilia Curae; Donec pharetra, magna vestibulum aliquet ultrices, erat tortor sollicitudin mi, sit amet lobortis sapien sapien non mi. Integer ac neque. Duis bibendum. Morbi non quam nec dui luctus rutrum. Nulla tellus. In sagittis dui vel nisl. Duis ac nibh. Fusce lacus purus, aliquet at, feugiat non, pretium quis, lectus.');
insert into descriptions (lang, resource_id, content) values ('ita', '712641ac-c9cb-4ac1-bec8-beada6c95e8a', 'Vivamus in felis eu sapien cursus vestibulum. Proin eu mi. Nulla ac enim. In tempor, turpis nec euismod scelerisque, quam turpis adipiscing lorem, vitae mattis nibh ligula nec sem. Duis aliquam convallis nunc. Proin at turpis a pede posuere nonummy. Integer non velit. Donec diam neque, vestibulum eget, vulputate ut, ultrices vel, augue. Vestibulum ante ipsum primis in faucibus orci luctus et ultrices posuere cubilia Curae; Donec pharetra, magna vestibulum aliquet ultrices, erat tortor sollicitudin mi, sit amet lobortis sapien sapien non mi. Integer ac neque. Duis bibendum. Morbi non quam nec dui luctus rutrum. Nulla tellus. In sagittis dui vel nisl. Duis ac nibh. Fusce lacus purus, aliquet at, feugiat non, pretium quis, lectus. Suspendisse potenti. In eleifend quam a odio. In hac habitasse platea dictumst. Maecenas ut massa quis augue luctus tincidunt. Nulla mollis molestie lorem. Quisque ut erat. Curabitur gravida nisi at nibh. In hac habitasse platea dictumst. Aliquam augue quam, sollicitudin vitae, consectetuer eget, rutrum at, lorem. Integer tincidunt ante vel ipsum. Praesent blandit lacinia erat. Vestibulum sed magna at nunc commodo placerat.');
insert into descriptions (lang, resource_id, content) values ('ita', '8d656990-8368-4754-9b0e-d70fda3be330', 'Proin risus. Praesent lectus. Vestibulum quam sapien, varius ut, blandit non, interdum in, ante. Vestibulum ante ipsum primis in faucibus orci luctus et ultrices posuere cubilia Curae; Duis faucibus accumsan odio. Curabitur convallis. Duis consequat dui nec nisi volutpat eleifend. Donec ut dolor. Morbi vel lectus in quam fringilla rhoncus. Mauris enim leo, rhoncus sed, vestibulum sit amet, cursus id, turpis. Integer aliquet, massa id lobortis convallis, tortor risus dapibus augue, vel accumsan tellus nisi eu orci. Mauris lacinia sapien quis libero. Nullam sit amet turpis elementum ligula vehicula consequat. Morbi a ipsum. Integer a nibh. In quis justo. Maecenas rhoncus aliquam lacus. Morbi quis tortor id nulla ultrices aliquet. Maecenas leo odio, condimentum id, luctus nec, molestie sed, justo. Pellentesque viverra pede ac diam. Cras pellentesque volutpat dui. Maecenas tristique, est et tempus semper, est quam pharetra magna, ac consequat metus sapien ut nunc. Vestibulum ante ipsum primis in faucibus orci luctus et ultrices posuere cubilia Curae; Mauris viverra diam vitae quam. Suspendisse potenti. Nullam porttitor lacus at turpis. Donec posuere metus vitae ipsum. Aliquam non mauris. Morbi non lectus. Aliquam sit amet diam in magna bibendum imperdiet. Nullam orci pede, venenatis non, sodales sed, tincidunt eu, felis. Fusce posuere felis sed lacus. Morbi sem mauris, laoreet ut, rhoncus aliquet, pulvinar sed, nisl. Nunc rhoncus dui vel sem. Sed sagittis. Nam congue, risus semper porta volutpat, quam pede lobortis ligula, sit amet eleifend pede libero quis orci. Nullam molestie nibh in lectus.');
insert into descriptions (lang, resource_id, content) values ('ita', '9eb823c7-a44b-42cb-8f53-6997d7b5e6a7', 'Sed sagittis. Nam congue, risus semper porta volutpat, quam pede lobortis ligula, sit amet eleifend pede libero quis orci. Nullam molestie nibh in lectus. Pellentesque at nulla. Suspendisse potenti. Cras in purus eu magna vulputate luctus. Cum sociis natoque penatibus et magnis dis parturient montes, nascetur ridiculus mus. Vivamus vestibulum sagittis sapien. Cum sociis natoque penatibus et magnis dis parturient montes, nascetur ridiculus mus. Etiam vel augue. Vestibulum rutrum rutrum neque. Aenean auctor gravida sem. Praesent id massa id nisl venenatis lacinia. Aenean sit amet justo. Morbi ut odio. Cras mi pede, malesuada in, imperdiet et, commodo vulputate, justo. In blandit ultrices enim. Lorem ipsum dolor sit amet, consectetuer adipiscing elit. Proin interdum mauris non ligula pellentesque ultrices. Phasellus id sapien in sapien iaculis congue. Vivamus metus arcu, adipiscing molestie, hendrerit at, vulputate vitae, nisl. Aenean lectus. Pellentesque eget nunc. Donec quis orci eget orci vehicula condimentum. Curabitur in libero ut massa volutpat convallis. Morbi odio odio, elementum eu, interdum eu, tincidunt in, leo. Maecenas pulvinar lobortis est. Phasellus sit amet erat. Nulla tempus. Vivamus in felis eu sapien cursus vestibulum. Proin eu mi. Nulla ac enim. In tempor, turpis nec euismod scelerisque, quam turpis adipiscing lorem, vitae mattis nibh ligula nec sem. Duis aliquam convallis nunc. Proin at turpis a pede posuere nonummy. Integer non velit. Donec diam neque, vestibulum eget, vulputate ut, ultrices vel, augue. Vestibulum ante ipsum primis in faucibus orci luctus et ultrices posuere cubilia Curae; Donec pharetra, magna vestibulum aliquet ultrices, erat tortor sollicitudin mi, sit amet lobortis sapien sapien non mi. Integer ac neque. Duis bibendum. Morbi non quam nec dui luctus rutrum. Nulla tellus. In sagittis dui vel nisl. Duis ac nibh. Fusce lacus purus, aliquet at, feugiat non, pretium quis, lectus. Suspendisse potenti. In eleifend quam a odio.');
insert into descriptions (lang, resource_id, content) values ('ita', 'a8d4f960-87e1-408c-a0f9-227e282bc930', 'Aenean sit amet justo. Morbi ut odio. Cras mi pede, malesuada in, imperdiet et, commodo vulputate, justo. In blandit ultrices enim. Lorem ipsum dolor sit amet, consectetuer adipiscing elit. Proin interdum mauris non ligula pellentesque ultrices. Phasellus id sapien in sapien iaculis congue. Vivamus metus arcu, adipiscing molestie, hendrerit at, vulputate vitae, nisl. Aenean lectus. Pellentesque eget nunc. Donec quis orci eget orci vehicula condimentum. Curabitur in libero ut massa volutpat convallis. Morbi odio odio, elementum eu, interdum eu, tincidunt in, leo. Maecenas pulvinar lobortis est. Phasellus sit amet erat. Nulla tempus. Vivamus in felis eu sapien cursus vestibulum. Proin eu mi. Nulla ac enim. In tempor, turpis nec euismod scelerisque, quam turpis adipiscing lorem, vitae mattis nibh ligula nec sem. Duis aliquam convallis nunc. Proin at turpis a pede posuere nonummy. Integer non velit. Donec diam neque, vestibulum eget, vulputate ut, ultrices vel, augue. Vestibulum ante ipsum primis in faucibus orci luctus et ultrices posuere cubilia Curae; Donec pharetra, magna vestibulum aliquet ultrices, erat tortor sollicitudin mi, sit amet lobortis sapien sapien non mi. Integer ac neque. Duis bibendum. Morbi non quam nec dui luctus rutrum. Nulla tellus. In sagittis dui vel nisl. Duis ac nibh. Fusce lacus purus, aliquet at, feugiat non, pretium quis, lectus. Suspendisse potenti. In eleifend quam a odio. In hac habitasse platea dictumst. Maecenas ut massa quis augue luctus tincidunt. Nulla mollis molestie lorem. Quisque ut erat.');
insert into descriptions (lang, resource_id, content) values ('ita', 'a9039fcd-3911-47df-8e90-1d47c427bda7', 'Lorem ipsum dolor sit amet, consectetuer adipiscing elit. Proin interdum mauris non ligula pellentesque ultrices. Phasellus id sapien in sapien iaculis congue. Vivamus metus arcu, adipiscing molestie, hendrerit at, vulputate vitae, nisl. Aenean lectus. Pellentesque eget nunc. Donec quis orci eget orci vehicula condimentum. Curabitur in libero ut massa volutpat convallis. Morbi odio odio, elementum eu, interdum eu, tincidunt in, leo. Maecenas pulvinar lobortis est. Phasellus sit amet erat. Nulla tempus. Vivamus in felis eu sapien cursus vestibulum. Proin eu mi. Nulla ac enim. In tempor, turpis nec euismod scelerisque, quam turpis adipiscing lorem, vitae mattis nibh ligula nec sem. Duis aliquam convallis nunc. Proin at turpis a pede posuere nonummy. Integer non velit. Donec diam neque, vestibulum eget, vulputate ut, ultrices vel, augue. Vestibulum ante ipsum primis in faucibus orci luctus et ultrices posuere cubilia Curae; Donec pharetra, magna vestibulum aliquet ultrices, erat tortor sollicitudin mi, sit amet lobortis sapien sapien non mi. Integer ac neque. Duis bibendum. Morbi non quam nec dui luctus rutrum. Nulla tellus. In sagittis dui vel nisl. Duis ac nibh. Fusce lacus purus, aliquet at, feugiat non, pretium quis, lectus. Suspendisse potenti. In eleifend quam a odio. In hac habitasse platea dictumst. Maecenas ut massa quis augue luctus tincidunt. Nulla mollis molestie lorem. Quisque ut erat. Curabitur gravida nisi at nibh.');
insert into descriptions (lang, resource_id, content) values ('ita', 'a9ddc2a6-1b2c-4c20-8dc9-770d0765949a', 'In hac habitasse platea dictumst. Aliquam augue quam, sollicitudin vitae, consectetuer eget, rutrum at, lorem. Integer tincidunt ante vel ipsum. Praesent blandit lacinia erat. Vestibulum sed magna at nunc commodo placerat. Praesent blandit. Nam nulla. Integer pede justo, lacinia eget, tincidunt eget, tempus vel, pede. Morbi porttitor lorem id ligula. Suspendisse ornare consequat lectus. In est risus, auctor sed, tristique in, tempus sit amet, sem. Fusce consequat. Nulla nisl. Nunc nisl. Duis bibendum, felis sed interdum venenatis, turpis enim blandit mi, in porttitor pede justo eu massa. Donec dapibus. Duis at velit eu est congue elementum. In hac habitasse platea dictumst. Morbi vestibulum, velit id pretium iaculis, diam erat fermentum justo, nec condimentum neque sapien placerat ante. Nulla justo. Aliquam quis turpis eget elit sodales scelerisque. Mauris sit amet eros. Suspendisse accumsan tortor quis turpis. Sed ante. Vivamus tortor. Duis mattis egestas metus. Aenean fermentum. Donec ut mauris eget massa tempor convallis. Nulla neque libero, convallis eget, eleifend luctus, ultricies eu, nibh. Quisque id justo sit amet sapien dignissim vestibulum. Vestibulum ante ipsum primis in faucibus orci luctus et ultrices posuere cubilia Curae; Nulla dapibus dolor vel est. Donec odio justo, sollicitudin ut, suscipit a, feugiat et, eros. Vestibulum ac est lacinia nisi venenatis tristique. Fusce congue, diam id ornare imperdiet, sapien urna pretium nisl, ut volutpat sapien arcu sed augue. Aliquam erat volutpat. In congue. Etiam justo. Etiam pretium iaculis justo. In hac habitasse platea dictumst. Etiam faucibus cursus urna. Ut tellus.');
insert into descriptions (lang, resource_id, content) values ('ita', 'be00a9f8-3592-4f7e-ad07-28ea1274dffe', 'Duis aliquam convallis nunc. Proin at turpis a pede posuere nonummy. Integer non velit. Donec diam neque, vestibulum eget, vulputate ut, ultrices vel, augue. Vestibulum ante ipsum primis in faucibus orci luctus et ultrices posuere cubilia Curae; Donec pharetra, magna vestibulum aliquet ultrices, erat tortor sollicitudin mi, sit amet lobortis sapien sapien non mi. Integer ac neque. Duis bibendum. Morbi non quam nec dui luctus rutrum. Nulla tellus. In sagittis dui vel nisl. Duis ac nibh. Fusce lacus purus, aliquet at, feugiat non, pretium quis, lectus. Suspendisse potenti. In eleifend quam a odio. In hac habitasse platea dictumst. Maecenas ut massa quis augue luctus tincidunt. Nulla mollis molestie lorem. Quisque ut erat. Curabitur gravida nisi at nibh. In hac habitasse platea dictumst. Aliquam augue quam, sollicitudin vitae, consectetuer eget, rutrum at, lorem. Integer tincidunt ante vel ipsum. Praesent blandit lacinia erat. Vestibulum sed magna at nunc commodo placerat. Praesent blandit. Nam nulla. Integer pede justo, lacinia eget, tincidunt eget, tempus vel, pede. Morbi porttitor lorem id ligula. Suspendisse ornare consequat lectus. In est risus, auctor sed, tristique in, tempus sit amet, sem. Fusce consequat. Nulla nisl. Nunc nisl.');
insert into descriptions (lang, resource_id, content) values ('ita', 'e5aabe44-931d-4fc8-8123-41821ec84afe', 'Phasellus id sapien in sapien iaculis congue. Vivamus metus arcu, adipiscing molestie, hendrerit at, vulputate vitae, nisl. Aenean lectus. Pellentesque eget nunc. Donec quis orci eget orci vehicula condimentum. Curabitur in libero ut massa volutpat convallis. Morbi odio odio, elementum eu, interdum eu, tincidunt in, leo. Maecenas pulvinar lobortis est. Phasellus sit amet erat. Nulla tempus. Vivamus in felis eu sapien cursus vestibulum. Proin eu mi. Nulla ac enim. In tempor, turpis nec euismod scelerisque, quam turpis adipiscing lorem, vitae mattis nibh ligula nec sem. Duis aliquam convallis nunc. Proin at turpis a pede posuere nonummy. Integer non velit. Donec diam neque, vestibulum eget, vulputate ut, ultrices vel, augue. Vestibulum ante ipsum primis in faucibus orci luctus et ultrices posuere cubilia Curae; Donec pharetra, magna vestibulum aliquet ultrices, erat tortor sollicitudin mi, sit amet lobortis sapien sapien non mi. Integer ac neque. Duis bibendum. Morbi non quam nec dui luctus rutrum. Nulla tellus. In sagittis dui vel nisl. Duis ac nibh. Fusce lacus purus, aliquet at, feugiat non, pretium quis, lectus. Suspendisse potenti. In eleifend quam a odio. In hac habitasse platea dictumst. Maecenas ut massa quis augue luctus tincidunt. Nulla mollis molestie lorem. Quisque ut erat. Curabitur gravida nisi at nibh. In hac habitasse platea dictumst. Aliquam augue quam, sollicitudin vitae, consectetuer eget, rutrum at, lorem. Integer tincidunt ante vel ipsum. Praesent blandit lacinia erat. Vestibulum sed magna at nunc commodo placerat. Praesent blandit. Nam nulla. Integer pede justo, lacinia eget, tincidunt eget, tempus vel, pede. Morbi porttitor lorem id ligula. Suspendisse ornare consequat lectus. In est risus, auctor sed, tristique in, tempus sit amet, sem. Fusce consequat. Nulla nisl.');
insert into descriptions (lang, resource_id, content) values ('ita', 'f241b190-76e0-415a-84ac-1bf30320f555', 'In est risus, auctor sed, tristique in, tempus sit amet, sem. Fusce consequat. Nulla nisl. Nunc nisl. Duis bibendum, felis sed interdum venenatis, turpis enim blandit mi, in porttitor pede justo eu massa. Donec dapibus. Duis at velit eu est congue elementum. In hac habitasse platea dictumst. Morbi vestibulum, velit id pretium iaculis, diam erat fermentum justo, nec condimentum neque sapien placerat ante. Nulla justo. Aliquam quis turpis eget elit sodales scelerisque. Mauris sit amet eros. Suspendisse accumsan tortor quis turpis. Sed ante. Vivamus tortor. Duis mattis egestas metus. Aenean fermentum. Donec ut mauris eget massa tempor convallis. Nulla neque libero, convallis eget, eleifend luctus, ultricies eu, nibh. Quisque id justo sit amet sapien dignissim vestibulum. Vestibulum ante ipsum primis in faucibus orci luctus et ultrices posuere cubilia Curae; Nulla dapibus dolor vel est. Donec odio justo, sollicitudin ut, suscipit a, feugiat et, eros. Vestibulum ac est lacinia nisi venenatis tristique. Fusce congue, diam id ornare imperdiet, sapien urna pretium nisl, ut volutpat sapien arcu sed augue. Aliquam erat volutpat. In congue. Etiam justo. Etiam pretium iaculis justo. In hac habitasse platea dictumst. Etiam faucibus cursus urna. Ut tellus.');
insert into descriptions (lang, resource_id, content) values ('ita', 'f8edf4a7-c0dc-49e1-b6a8-f209d42a2def', 'In tempor, turpis nec euismod scelerisque, quam turpis adipiscing lorem, vitae mattis nibh ligula nec sem. Duis aliquam convallis nunc. Proin at turpis a pede posuere nonummy. Integer non velit. Donec diam neque, vestibulum eget, vulputate ut, ultrices vel, augue. Vestibulum ante ipsum primis in faucibus orci luctus et ultrices posuere cubilia Curae; Donec pharetra, magna vestibulum aliquet ultrices, erat tortor sollicitudin mi, sit amet lobortis sapien sapien non mi. Integer ac neque. Duis bibendum. Morbi non quam nec dui luctus rutrum. Nulla tellus. In sagittis dui vel nisl. Duis ac nibh. Fusce lacus purus, aliquet at, feugiat non, pretium quis, lectus. Suspendisse potenti. In eleifend quam a odio. In hac habitasse platea dictumst. Maecenas ut massa quis augue luctus tincidunt. Nulla mollis molestie lorem. Quisque ut erat. Curabitur gravida nisi at nibh. In hac habitasse platea dictumst. Aliquam augue quam, sollicitudin vitae, consectetuer eget, rutrum at, lorem. Integer tincidunt ante vel ipsum. Praesent blandit lacinia erat. Vestibulum sed magna at nunc commodo placerat. Praesent blandit. Nam nulla. Integer pede justo, lacinia eget, tincidunt eget, tempus vel, pede.');
insert into descriptions (lang, resource_id, content) values ('por', '033c8038-f91f-4105-9551-4724fd3bf760', 'Suspendisse ornare consequat lectus. In est risus, auctor sed, tristique in, tempus sit amet, sem. Fusce consequat. Nulla nisl. Nunc nisl. Duis bibendum, felis sed interdum venenatis, turpis enim blandit mi, in porttitor pede justo eu massa. Donec dapibus. Duis at velit eu est congue elementum. In hac habitasse platea dictumst. Morbi vestibulum, velit id pretium iaculis, diam erat fermentum justo, nec condimentum neque sapien placerat ante. Nulla justo. Aliquam quis turpis eget elit sodales scelerisque. Mauris sit amet eros. Suspendisse accumsan tortor quis turpis. Sed ante. Vivamus tortor. Duis mattis egestas metus. Aenean fermentum. Donec ut mauris eget massa tempor convallis. Nulla neque libero, convallis eget, eleifend luctus, ultricies eu, nibh. Quisque id justo sit amet sapien dignissim vestibulum. Vestibulum ante ipsum primis in faucibus orci luctus et ultrices posuere cubilia Curae; Nulla dapibus dolor vel est. Donec odio justo, sollicitudin ut, suscipit a, feugiat et, eros. Vestibulum ac est lacinia nisi venenatis tristique. Fusce congue, diam id ornare imperdiet, sapien urna pretium nisl, ut volutpat sapien arcu sed augue. Aliquam erat volutpat. In congue. Etiam justo. Etiam pretium iaculis justo. In hac habitasse platea dictumst. Etiam faucibus cursus urna.');
insert into descriptions (lang, resource_id, content) values ('por', '0988ae88-4c00-4cc1-906e-5aff5b6f9661', 'Vivamus in felis eu sapien cursus vestibulum. Proin eu mi. Nulla ac enim. In tempor, turpis nec euismod scelerisque, quam turpis adipiscing lorem, vitae mattis nibh ligula nec sem. Duis aliquam convallis nunc. Proin at turpis a pede posuere nonummy. Integer non velit. Donec diam neque, vestibulum eget, vulputate ut, ultrices vel, augue. Vestibulum ante ipsum primis in faucibus orci luctus et ultrices posuere cubilia Curae; Donec pharetra, magna vestibulum aliquet ultrices, erat tortor sollicitudin mi, sit amet lobortis sapien sapien non mi. Integer ac neque. Duis bibendum. Morbi non quam nec dui luctus rutrum. Nulla tellus. In sagittis dui vel nisl. Duis ac nibh. Fusce lacus purus, aliquet at, feugiat non, pretium quis, lectus. Suspendisse potenti. In eleifend quam a odio. In hac habitasse platea dictumst. Maecenas ut massa quis augue luctus tincidunt. Nulla mollis molestie lorem. Quisque ut erat. Curabitur gravida nisi at nibh.');
insert into descriptions (lang, resource_id, content) values ('por', '27153043-e3d7-406f-a103-f99113fca039', 'Cras mi pede, malesuada in, imperdiet et, commodo vulputate, justo. In blandit ultrices enim. Lorem ipsum dolor sit amet, consectetuer adipiscing elit. Proin interdum mauris non ligula pellentesque ultrices. Phasellus id sapien in sapien iaculis congue. Vivamus metus arcu, adipiscing molestie, hendrerit at, vulputate vitae, nisl. Aenean lectus. Pellentesque eget nunc. Donec quis orci eget orci vehicula condimentum. Curabitur in libero ut massa volutpat convallis. Morbi odio odio, elementum eu, interdum eu, tincidunt in, leo. Maecenas pulvinar lobortis est. Phasellus sit amet erat. Nulla tempus. Vivamus in felis eu sapien cursus vestibulum. Proin eu mi. Nulla ac enim. In tempor, turpis nec euismod scelerisque, quam turpis adipiscing lorem, vitae mattis nibh ligula nec sem. Duis aliquam convallis nunc. Proin at turpis a pede posuere nonummy. Integer non velit. Donec diam neque, vestibulum eget, vulputate ut, ultrices vel, augue. Vestibulum ante ipsum primis in faucibus orci luctus et ultrices posuere cubilia Curae; Donec pharetra, magna vestibulum aliquet ultrices, erat tortor sollicitudin mi, sit amet lobortis sapien sapien non mi. Integer ac neque. Duis bibendum. Morbi non quam nec dui luctus rutrum. Nulla tellus. In sagittis dui vel nisl. Duis ac nibh. Fusce lacus purus, aliquet at, feugiat non, pretium quis, lectus. Suspendisse potenti. In eleifend quam a odio. In hac habitasse platea dictumst. Maecenas ut massa quis augue luctus tincidunt. Nulla mollis molestie lorem. Quisque ut erat. Curabitur gravida nisi at nibh. In hac habitasse platea dictumst. Aliquam augue quam, sollicitudin vitae, consectetuer eget, rutrum at, lorem. Integer tincidunt ante vel ipsum.');
insert into descriptions (lang, resource_id, content) values ('por', '2ab478f8-1c4a-4260-bcc5-1c197cc47816', 'Cum sociis natoque penatibus et magnis dis parturient montes, nascetur ridiculus mus. Vivamus vestibulum sagittis sapien. Cum sociis natoque penatibus et magnis dis parturient montes, nascetur ridiculus mus. Etiam vel augue. Vestibulum rutrum rutrum neque. Aenean auctor gravida sem. Praesent id massa id nisl venenatis lacinia. Aenean sit amet justo. Morbi ut odio. Cras mi pede, malesuada in, imperdiet et, commodo vulputate, justo. In blandit ultrices enim. Lorem ipsum dolor sit amet, consectetuer adipiscing elit. Proin interdum mauris non ligula pellentesque ultrices. Phasellus id sapien in sapien iaculis congue. Vivamus metus arcu, adipiscing molestie, hendrerit at, vulputate vitae, nisl. Aenean lectus. Pellentesque eget nunc. Donec quis orci eget orci vehicula condimentum. Curabitur in libero ut massa volutpat convallis. Morbi odio odio, elementum eu, interdum eu, tincidunt in, leo. Maecenas pulvinar lobortis est. Phasellus sit amet erat. Nulla tempus. Vivamus in felis eu sapien cursus vestibulum. Proin eu mi. Nulla ac enim. In tempor, turpis nec euismod scelerisque, quam turpis adipiscing lorem, vitae mattis nibh ligula nec sem. Duis aliquam convallis nunc. Proin at turpis a pede posuere nonummy. Integer non velit. Donec diam neque, vestibulum eget, vulputate ut, ultrices vel, augue. Vestibulum ante ipsum primis in faucibus orci luctus et ultrices posuere cubilia Curae; Donec pharetra, magna vestibulum aliquet ultrices, erat tortor sollicitudin mi, sit amet lobortis sapien sapien non mi. Integer ac neque. Duis bibendum. Morbi non quam nec dui luctus rutrum. Nulla tellus. In sagittis dui vel nisl. Duis ac nibh. Fusce lacus purus, aliquet at, feugiat non, pretium quis, lectus. Suspendisse potenti. In eleifend quam a odio. In hac habitasse platea dictumst.');
insert into descriptions (lang, resource_id, content) values ('por', '3888dd39-3d75-4e98-aceb-a36bf4367cdc', 'Morbi vel lectus in quam fringilla rhoncus. Mauris enim leo, rhoncus sed, vestibulum sit amet, cursus id, turpis. Integer aliquet, massa id lobortis convallis, tortor risus dapibus augue, vel accumsan tellus nisi eu orci. Mauris lacinia sapien quis libero. Nullam sit amet turpis elementum ligula vehicula consequat. Morbi a ipsum. Integer a nibh. In quis justo. Maecenas rhoncus aliquam lacus. Morbi quis tortor id nulla ultrices aliquet. Maecenas leo odio, condimentum id, luctus nec, molestie sed, justo. Pellentesque viverra pede ac diam. Cras pellentesque volutpat dui. Maecenas tristique, est et tempus semper, est quam pharetra magna, ac consequat metus sapien ut nunc. Vestibulum ante ipsum primis in faucibus orci luctus et ultrices posuere cubilia Curae; Mauris viverra diam vitae quam. Suspendisse potenti. Nullam porttitor lacus at turpis. Donec posuere metus vitae ipsum. Aliquam non mauris. Morbi non lectus. Aliquam sit amet diam in magna bibendum imperdiet. Nullam orci pede, venenatis non, sodales sed, tincidunt eu, felis. Fusce posuere felis sed lacus. Morbi sem mauris, laoreet ut, rhoncus aliquet, pulvinar sed, nisl. Nunc rhoncus dui vel sem. Sed sagittis. Nam congue, risus semper porta volutpat, quam pede lobortis ligula, sit amet eleifend pede libero quis orci.');
insert into descriptions (lang, resource_id, content) values ('por', '76ecd268-10c4-423f-bf20-190837499af8', 'Morbi sem mauris, laoreet ut, rhoncus aliquet, pulvinar sed, nisl. Nunc rhoncus dui vel sem. Sed sagittis. Nam congue, risus semper porta volutpat, quam pede lobortis ligula, sit amet eleifend pede libero quis orci. Nullam molestie nibh in lectus. Pellentesque at nulla. Suspendisse potenti. Cras in purus eu magna vulputate luctus. Cum sociis natoque penatibus et magnis dis parturient montes, nascetur ridiculus mus. Vivamus vestibulum sagittis sapien. Cum sociis natoque penatibus et magnis dis parturient montes, nascetur ridiculus mus. Etiam vel augue. Vestibulum rutrum rutrum neque. Aenean auctor gravida sem. Praesent id massa id nisl venenatis lacinia. Aenean sit amet justo. Morbi ut odio. Cras mi pede, malesuada in, imperdiet et, commodo vulputate, justo. In blandit ultrices enim. Lorem ipsum dolor sit amet, consectetuer adipiscing elit. Proin interdum mauris non ligula pellentesque ultrices. Phasellus id sapien in sapien iaculis congue. Vivamus metus arcu, adipiscing molestie, hendrerit at, vulputate vitae, nisl. Aenean lectus. Pellentesque eget nunc. Donec quis orci eget orci vehicula condimentum. Curabitur in libero ut massa volutpat convallis. Morbi odio odio, elementum eu, interdum eu, tincidunt in, leo. Maecenas pulvinar lobortis est. Phasellus sit amet erat. Nulla tempus. Vivamus in felis eu sapien cursus vestibulum. Proin eu mi. Nulla ac enim. In tempor, turpis nec euismod scelerisque, quam turpis adipiscing lorem, vitae mattis nibh ligula nec sem. Duis aliquam convallis nunc. Proin at turpis a pede posuere nonummy. Integer non velit. Donec diam neque, vestibulum eget, vulputate ut, ultrices vel, augue. Vestibulum ante ipsum primis in faucibus orci luctus et ultrices posuere cubilia Curae; Donec pharetra, magna vestibulum aliquet ultrices, erat tortor sollicitudin mi, sit amet lobortis sapien sapien non mi. Integer ac neque. Duis bibendum. Morbi non quam nec dui luctus rutrum.');
insert into descriptions (lang, resource_id, content) values ('por', '8d656990-8368-4754-9b0e-d70fda3be330', 'Aliquam erat volutpat. In congue. Etiam justo. Etiam pretium iaculis justo. In hac habitasse platea dictumst. Etiam faucibus cursus urna. Ut tellus. Nulla ut erat id mauris vulputate elementum. Nullam varius. Nulla facilisi. Cras non velit nec nisi vulputate nonummy. Maecenas tincidunt lacus at velit. Vivamus vel nulla eget eros elementum pellentesque. Quisque porta volutpat erat. Quisque erat eros, viverra eget, congue eget, semper rutrum, nulla. Nunc purus. Phasellus in felis. Donec semper sapien a libero. Nam dui. Proin leo odio, porttitor id, consequat in, consequat ut, nulla. Sed accumsan felis. Ut at dolor quis odio consequat varius. Integer ac leo. Pellentesque ultrices mattis odio. Donec vitae nisi. Nam ultrices, libero non mattis pulvinar, nulla pede ullamcorper augue, a suscipit nulla elit ac nulla. Sed vel enim sit amet nunc viverra dapibus. Nulla suscipit ligula in lacus.');
insert into descriptions (lang, resource_id, content) values ('por', 'a0c97082-2806-4196-8503-a2a4ca48626c', 'In hac habitasse platea dictumst. Morbi vestibulum, velit id pretium iaculis, diam erat fermentum justo, nec condimentum neque sapien placerat ante. Nulla justo. Aliquam quis turpis eget elit sodales scelerisque. Mauris sit amet eros. Suspendisse accumsan tortor quis turpis. Sed ante. Vivamus tortor. Duis mattis egestas metus. Aenean fermentum. Donec ut mauris eget massa tempor convallis. Nulla neque libero, convallis eget, eleifend luctus, ultricies eu, nibh. Quisque id justo sit amet sapien dignissim vestibulum. Vestibulum ante ipsum primis in faucibus orci luctus et ultrices posuere cubilia Curae; Nulla dapibus dolor vel est. Donec odio justo, sollicitudin ut, suscipit a, feugiat et, eros. Vestibulum ac est lacinia nisi venenatis tristique. Fusce congue, diam id ornare imperdiet, sapien urna pretium nisl, ut volutpat sapien arcu sed augue. Aliquam erat volutpat. In congue. Etiam justo. Etiam pretium iaculis justo. In hac habitasse platea dictumst. Etiam faucibus cursus urna. Ut tellus. Nulla ut erat id mauris vulputate elementum. Nullam varius. Nulla facilisi. Cras non velit nec nisi vulputate nonummy.');
insert into descriptions (lang, resource_id, content) values ('por', 'a8d4f960-87e1-408c-a0f9-227e282bc930', 'Morbi non lectus. Aliquam sit amet diam in magna bibendum imperdiet. Nullam orci pede, venenatis non, sodales sed, tincidunt eu, felis. Fusce posuere felis sed lacus. Morbi sem mauris, laoreet ut, rhoncus aliquet, pulvinar sed, nisl. Nunc rhoncus dui vel sem. Sed sagittis. Nam congue, risus semper porta volutpat, quam pede lobortis ligula, sit amet eleifend pede libero quis orci. Nullam molestie nibh in lectus. Pellentesque at nulla. Suspendisse potenti. Cras in purus eu magna vulputate luctus. Cum sociis natoque penatibus et magnis dis parturient montes, nascetur ridiculus mus. Vivamus vestibulum sagittis sapien. Cum sociis natoque penatibus et magnis dis parturient montes, nascetur ridiculus mus. Etiam vel augue. Vestibulum rutrum rutrum neque. Aenean auctor gravida sem. Praesent id massa id nisl venenatis lacinia. Aenean sit amet justo. Morbi ut odio. Cras mi pede, malesuada in, imperdiet et, commodo vulputate, justo. In blandit ultrices enim. Lorem ipsum dolor sit amet, consectetuer adipiscing elit. Proin interdum mauris non ligula pellentesque ultrices. Phasellus id sapien in sapien iaculis congue.');
insert into descriptions (lang, resource_id, content) values ('por', 'a9039fcd-3911-47df-8e90-1d47c427bda7', 'Sed sagittis. Nam congue, risus semper porta volutpat, quam pede lobortis ligula, sit amet eleifend pede libero quis orci. Nullam molestie nibh in lectus. Pellentesque at nulla. Suspendisse potenti. Cras in purus eu magna vulputate luctus. Cum sociis natoque penatibus et magnis dis parturient montes, nascetur ridiculus mus. Vivamus vestibulum sagittis sapien. Cum sociis natoque penatibus et magnis dis parturient montes, nascetur ridiculus mus. Etiam vel augue. Vestibulum rutrum rutrum neque. Aenean auctor gravida sem. Praesent id massa id nisl venenatis lacinia. Aenean sit amet justo. Morbi ut odio. Cras mi pede, malesuada in, imperdiet et, commodo vulputate, justo. In blandit ultrices enim. Lorem ipsum dolor sit amet, consectetuer adipiscing elit. Proin interdum mauris non ligula pellentesque ultrices. Phasellus id sapien in sapien iaculis congue. Vivamus metus arcu, adipiscing molestie, hendrerit at, vulputate vitae, nisl. Aenean lectus. Pellentesque eget nunc. Donec quis orci eget orci vehicula condimentum. Curabitur in libero ut massa volutpat convallis. Morbi odio odio, elementum eu, interdum eu, tincidunt in, leo. Maecenas pulvinar lobortis est. Phasellus sit amet erat. Nulla tempus. Vivamus in felis eu sapien cursus vestibulum. Proin eu mi. Nulla ac enim. In tempor, turpis nec euismod scelerisque, quam turpis adipiscing lorem, vitae mattis nibh ligula nec sem. Duis aliquam convallis nunc. Proin at turpis a pede posuere nonummy. Integer non velit. Donec diam neque, vestibulum eget, vulputate ut, ultrices vel, augue. Vestibulum ante ipsum primis in faucibus orci luctus et ultrices posuere cubilia Curae; Donec pharetra, magna vestibulum aliquet ultrices, erat tortor sollicitudin mi, sit amet lobortis sapien sapien non mi. Integer ac neque. Duis bibendum. Morbi non quam nec dui luctus rutrum. Nulla tellus. In sagittis dui vel nisl. Duis ac nibh. Fusce lacus purus, aliquet at, feugiat non, pretium quis, lectus. Suspendisse potenti. In eleifend quam a odio. In hac habitasse platea dictumst. Maecenas ut massa quis augue luctus tincidunt.');
insert into descriptions (lang, resource_id, content) values ('por', 'ce85bebd-84e9-4892-a4b2-669f554f8196', 'Suspendisse potenti. Nullam porttitor lacus at turpis. Donec posuere metus vitae ipsum. Aliquam non mauris. Morbi non lectus. Aliquam sit amet diam in magna bibendum imperdiet. Nullam orci pede, venenatis non, sodales sed, tincidunt eu, felis. Fusce posuere felis sed lacus. Morbi sem mauris, laoreet ut, rhoncus aliquet, pulvinar sed, nisl. Nunc rhoncus dui vel sem. Sed sagittis. Nam congue, risus semper porta volutpat, quam pede lobortis ligula, sit amet eleifend pede libero quis orci. Nullam molestie nibh in lectus. Pellentesque at nulla. Suspendisse potenti. Cras in purus eu magna vulputate luctus. Cum sociis natoque penatibus et magnis dis parturient montes, nascetur ridiculus mus. Vivamus vestibulum sagittis sapien. Cum sociis natoque penatibus et magnis dis parturient montes, nascetur ridiculus mus. Etiam vel augue. Vestibulum rutrum rutrum neque. Aenean auctor gravida sem. Praesent id massa id nisl venenatis lacinia.');
insert into descriptions (lang, resource_id, content) values ('por', 'f241b190-76e0-415a-84ac-1bf30320f555', 'Vestibulum quam sapien, varius ut, blandit non, interdum in, ante. Vestibulum ante ipsum primis in faucibus orci luctus et ultrices posuere cubilia Curae; Duis faucibus accumsan odio. Curabitur convallis. Duis consequat dui nec nisi volutpat eleifend. Donec ut dolor. Morbi vel lectus in quam fringilla rhoncus. Mauris enim leo, rhoncus sed, vestibulum sit amet, cursus id, turpis. Integer aliquet, massa id lobortis convallis, tortor risus dapibus augue, vel accumsan tellus nisi eu orci. Mauris lacinia sapien quis libero. Nullam sit amet turpis elementum ligula vehicula consequat. Morbi a ipsum. Integer a nibh. In quis justo. Maecenas rhoncus aliquam lacus. Morbi quis tortor id nulla ultrices aliquet. Maecenas leo odio, condimentum id, luctus nec, molestie sed, justo. Pellentesque viverra pede ac diam. Cras pellentesque volutpat dui. Maecenas tristique, est et tempus semper, est quam pharetra magna, ac consequat metus sapien ut nunc. Vestibulum ante ipsum primis in faucibus orci luctus et ultrices posuere cubilia Curae; Mauris viverra diam vitae quam. Suspendisse potenti. Nullam porttitor lacus at turpis. Donec posuere metus vitae ipsum. Aliquam non mauris. Morbi non lectus. Aliquam sit amet diam in magna bibendum imperdiet. Nullam orci pede, venenatis non, sodales sed, tincidunt eu, felis. Fusce posuere felis sed lacus. Morbi sem mauris, laoreet ut, rhoncus aliquet, pulvinar sed, nisl. Nunc rhoncus dui vel sem. Sed sagittis. Nam congue, risus semper porta volutpat, quam pede lobortis ligula, sit amet eleifend pede libero quis orci. Nullam molestie nibh in lectus. Pellentesque at nulla. Suspendisse potenti. Cras in purus eu magna vulputate luctus. Cum sociis natoque penatibus et magnis dis parturient montes, nascetur ridiculus mus. Vivamus vestibulum sagittis sapien. Cum sociis natoque penatibus et magnis dis parturient montes, nascetur ridiculus mus. Etiam vel augue. Vestibulum rutrum rutrum neque. Aenean auctor gravida sem.');
insert into descriptions (lang, resource_id, content) values ('spa', '0988ae88-4c00-4cc1-906e-5aff5b6f9661', 'Proin risus. Praesent lectus. Vestibulum quam sapien, varius ut, blandit non, interdum in, ante. Vestibulum ante ipsum primis in faucibus orci luctus et ultrices posuere cubilia Curae; Duis faucibus accumsan odio. Curabitur convallis. Duis consequat dui nec nisi volutpat eleifend. Donec ut dolor. Morbi vel lectus in quam fringilla rhoncus. Mauris enim leo, rhoncus sed, vestibulum sit amet, cursus id, turpis. Integer aliquet, massa id lobortis convallis, tortor risus dapibus augue, vel accumsan tellus nisi eu orci. Mauris lacinia sapien quis libero. Nullam sit amet turpis elementum ligula vehicula consequat. Morbi a ipsum. Integer a nibh. In quis justo. Maecenas rhoncus aliquam lacus. Morbi quis tortor id nulla ultrices aliquet. Maecenas leo odio, condimentum id, luctus nec, molestie sed, justo. Pellentesque viverra pede ac diam. Cras pellentesque volutpat dui. Maecenas tristique, est et tempus semper, est quam pharetra magna, ac consequat metus sapien ut nunc. Vestibulum ante ipsum primis in faucibus orci luctus et ultrices posuere cubilia Curae; Mauris viverra diam vitae quam. Suspendisse potenti. Nullam porttitor lacus at turpis. Donec posuere metus vitae ipsum. Aliquam non mauris.');
insert into descriptions (lang, resource_id, content) values ('spa', '27153043-e3d7-406f-a103-f99113fca039', 'Vestibulum rutrum rutrum neque. Aenean auctor gravida sem. Praesent id massa id nisl venenatis lacinia. Aenean sit amet justo. Morbi ut odio. Cras mi pede, malesuada in, imperdiet et, commodo vulputate, justo. In blandit ultrices enim. Lorem ipsum dolor sit amet, consectetuer adipiscing elit. Proin interdum mauris non ligula pellentesque ultrices. Phasellus id sapien in sapien iaculis congue. Vivamus metus arcu, adipiscing molestie, hendrerit at, vulputate vitae, nisl. Aenean lectus. Pellentesque eget nunc. Donec quis orci eget orci vehicula condimentum. Curabitur in libero ut massa volutpat convallis. Morbi odio odio, elementum eu, interdum eu, tincidunt in, leo. Maecenas pulvinar lobortis est. Phasellus sit amet erat. Nulla tempus. Vivamus in felis eu sapien cursus vestibulum. Proin eu mi. Nulla ac enim. In tempor, turpis nec euismod scelerisque, quam turpis adipiscing lorem, vitae mattis nibh ligula nec sem. Duis aliquam convallis nunc. Proin at turpis a pede posuere nonummy. Integer non velit. Donec diam neque, vestibulum eget, vulputate ut, ultrices vel, augue. Vestibulum ante ipsum primis in faucibus orci luctus et ultrices posuere cubilia Curae; Donec pharetra, magna vestibulum aliquet ultrices, erat tortor sollicitudin mi, sit amet lobortis sapien sapien non mi. Integer ac neque. Duis bibendum.');
insert into descriptions (lang, resource_id, content) values ('spa', '712641ac-c9cb-4ac1-bec8-beada6c95e8a', 'Proin eu mi. Nulla ac enim. In tempor, turpis nec euismod scelerisque, quam turpis adipiscing lorem, vitae mattis nibh ligula nec sem. Duis aliquam convallis nunc. Proin at turpis a pede posuere nonummy. Integer non velit. Donec diam neque, vestibulum eget, vulputate ut, ultrices vel, augue. Vestibulum ante ipsum primis in faucibus orci luctus et ultrices posuere cubilia Curae; Donec pharetra, magna vestibulum aliquet ultrices, erat tortor sollicitudin mi, sit amet lobortis sapien sapien non mi. Integer ac neque. Duis bibendum. Morbi non quam nec dui luctus rutrum. Nulla tellus. In sagittis dui vel nisl. Duis ac nibh. Fusce lacus purus, aliquet at, feugiat non, pretium quis, lectus. Suspendisse potenti. In eleifend quam a odio. In hac habitasse platea dictumst. Maecenas ut massa quis augue luctus tincidunt. Nulla mollis molestie lorem. Quisque ut erat. Curabitur gravida nisi at nibh. In hac habitasse platea dictumst. Aliquam augue quam, sollicitudin vitae, consectetuer eget, rutrum at, lorem. Integer tincidunt ante vel ipsum. Praesent blandit lacinia erat. Vestibulum sed magna at nunc commodo placerat. Praesent blandit. Nam nulla. Integer pede justo, lacinia eget, tincidunt eget, tempus vel, pede. Morbi porttitor lorem id ligula. Suspendisse ornare consequat lectus. In est risus, auctor sed, tristique in, tempus sit amet, sem. Fusce consequat. Nulla nisl. Nunc nisl. Duis bibendum, felis sed interdum venenatis, turpis enim blandit mi, in porttitor pede justo eu massa. Donec dapibus. Duis at velit eu est congue elementum. In hac habitasse platea dictumst. Morbi vestibulum, velit id pretium iaculis, diam erat fermentum justo, nec condimentum neque sapien placerat ante. Nulla justo. Aliquam quis turpis eget elit sodales scelerisque. Mauris sit amet eros. Suspendisse accumsan tortor quis turpis. Sed ante. Vivamus tortor. Duis mattis egestas metus. Aenean fermentum.');
insert into descriptions (lang, resource_id, content) values ('spa', 'a0c97082-2806-4196-8503-a2a4ca48626c', 'Duis bibendum. Morbi non quam nec dui luctus rutrum. Nulla tellus. In sagittis dui vel nisl. Duis ac nibh. Fusce lacus purus, aliquet at, feugiat non, pretium quis, lectus. Suspendisse potenti. In eleifend quam a odio. In hac habitasse platea dictumst. Maecenas ut massa quis augue luctus tincidunt. Nulla mollis molestie lorem. Quisque ut erat. Curabitur gravida nisi at nibh. In hac habitasse platea dictumst. Aliquam augue quam, sollicitudin vitae, consectetuer eget, rutrum at, lorem. Integer tincidunt ante vel ipsum. Praesent blandit lacinia erat. Vestibulum sed magna at nunc commodo placerat. Praesent blandit. Nam nulla. Integer pede justo, lacinia eget, tincidunt eget, tempus vel, pede. Morbi porttitor lorem id ligula. Suspendisse ornare consequat lectus. In est risus, auctor sed, tristique in, tempus sit amet, sem. Fusce consequat. Nulla nisl. Nunc nisl. Duis bibendum, felis sed interdum venenatis, turpis enim blandit mi, in porttitor pede justo eu massa. Donec dapibus. Duis at velit eu est congue elementum. In hac habitasse platea dictumst. Morbi vestibulum, velit id pretium iaculis, diam erat fermentum justo, nec condimentum neque sapien placerat ante. Nulla justo. Aliquam quis turpis eget elit sodales scelerisque. Mauris sit amet eros. Suspendisse accumsan tortor quis turpis. Sed ante. Vivamus tortor. Duis mattis egestas metus.');
insert into descriptions (lang, resource_id, content) values ('spa', 'ae7db4b9-5fcd-4b8d-b0b9-95c206b95fed', 'In tempor, turpis nec euismod scelerisque, quam turpis adipiscing lorem, vitae mattis nibh ligula nec sem. Duis aliquam convallis nunc. Proin at turpis a pede posuere nonummy. Integer non velit. Donec diam neque, vestibulum eget, vulputate ut, ultrices vel, augue. Vestibulum ante ipsum primis in faucibus orci luctus et ultrices posuere cubilia Curae; Donec pharetra, magna vestibulum aliquet ultrices, erat tortor sollicitudin mi, sit amet lobortis sapien sapien non mi. Integer ac neque. Duis bibendum. Morbi non quam nec dui luctus rutrum. Nulla tellus. In sagittis dui vel nisl. Duis ac nibh. Fusce lacus purus, aliquet at, feugiat non, pretium quis, lectus. Suspendisse potenti. In eleifend quam a odio. In hac habitasse platea dictumst. Maecenas ut massa quis augue luctus tincidunt. Nulla mollis molestie lorem. Quisque ut erat. Curabitur gravida nisi at nibh. In hac habitasse platea dictumst. Aliquam augue quam, sollicitudin vitae, consectetuer eget, rutrum at, lorem. Integer tincidunt ante vel ipsum. Praesent blandit lacinia erat. Vestibulum sed magna at nunc commodo placerat. Praesent blandit. Nam nulla. Integer pede justo, lacinia eget, tincidunt eget, tempus vel, pede.');
insert into descriptions (lang, resource_id, content) values ('spa', 'ce85bebd-84e9-4892-a4b2-669f554f8196', 'Cras pellentesque volutpat dui. Maecenas tristique, est et tempus semper, est quam pharetra magna, ac consequat metus sapien ut nunc. Vestibulum ante ipsum primis in faucibus orci luctus et ultrices posuere cubilia Curae; Mauris viverra diam vitae quam. Suspendisse potenti. Nullam porttitor lacus at turpis. Donec posuere metus vitae ipsum. Aliquam non mauris. Morbi non lectus. Aliquam sit amet diam in magna bibendum imperdiet. Nullam orci pede, venenatis non, sodales sed, tincidunt eu, felis. Fusce posuere felis sed lacus. Morbi sem mauris, laoreet ut, rhoncus aliquet, pulvinar sed, nisl. Nunc rhoncus dui vel sem. Sed sagittis. Nam congue, risus semper porta volutpat, quam pede lobortis ligula, sit amet eleifend pede libero quis orci. Nullam molestie nibh in lectus. Pellentesque at nulla. Suspendisse potenti. Cras in purus eu magna vulputate luctus. Cum sociis natoque penatibus et magnis dis parturient montes, nascetur ridiculus mus. Vivamus vestibulum sagittis sapien. Cum sociis natoque penatibus et magnis dis parturient montes, nascetur ridiculus mus. Etiam vel augue.');
insert into descriptions (lang, resource_id, content) values ('spa', 'f241b190-76e0-415a-84ac-1bf30320f555', 'Morbi a ipsum. Integer a nibh. In quis justo. Maecenas rhoncus aliquam lacus. Morbi quis tortor id nulla ultrices aliquet. Maecenas leo odio, condimentum id, luctus nec, molestie sed, justo. Pellentesque viverra pede ac diam. Cras pellentesque volutpat dui. Maecenas tristique, est et tempus semper, est quam pharetra magna, ac consequat metus sapien ut nunc. Vestibulum ante ipsum primis in faucibus orci luctus et ultrices posuere cubilia Curae; Mauris viverra diam vitae quam. Suspendisse potenti. Nullam porttitor lacus at turpis. Donec posuere metus vitae ipsum. Aliquam non mauris. Morbi non lectus. Aliquam sit amet diam in magna bibendum imperdiet. Nullam orci pede, venenatis non, sodales sed, tincidunt eu, felis. Fusce posuere felis sed lacus. Morbi sem mauris, laoreet ut, rhoncus aliquet, pulvinar sed, nisl. Nunc rhoncus dui vel sem. Sed sagittis. Nam congue, risus semper porta volutpat, quam pede lobortis ligula, sit amet eleifend pede libero quis orci. Nullam molestie nibh in lectus. Pellentesque at nulla. Suspendisse potenti. Cras in purus eu magna vulputate luctus. Cum sociis natoque penatibus et magnis dis parturient montes, nascetur ridiculus mus. Vivamus vestibulum sagittis sapien. Cum sociis natoque penatibus et magnis dis parturient montes, nascetur ridiculus mus. Etiam vel augue. Vestibulum rutrum rutrum neque. Aenean auctor gravida sem. Praesent id massa id nisl venenatis lacinia. Aenean sit amet justo. Morbi ut odio. Cras mi pede, malesuada in, imperdiet et, commodo vulputate, justo. In blandit ultrices enim.');


insert into abstracts (lang, resource_id, content) values ('deu', '76ecd268-10c4-423f-bf20-190837499af8', 'Praesent lectus. Vestibulum quam sapien, varius ut, blandit non, interdum in, ante....');
insert into abstracts (lang, resource_id, content) values ('deu', 'ce85bebd-84e9-4892-a4b2-669f554f8196', 'In hac habitasse platea dictumst. Morbi vestibulum, velit id pretium iaculis, diam erat fermentum justo...');
insert into abstracts (lang, resource_id, content) values ('deu', 'f8edf4a7-c0dc-49e1-b6a8-f209d42a2def', 'Vivamus in felis eu sapien cursus vestibulum. Proin eu mi. Nulla ac enim. In tempor...');
insert into abstracts (lang, resource_id, content) values ('eng', '033c8038-f91f-4105-9551-4724fd3bf760', 'Aliquam erat volutpat. In congue. Etiam justo. Etiam pretium iaculis justo. In hac habitasse...');
insert into abstracts (lang, resource_id, content) values ('eng', '2ab478f8-1c4a-4260-bcc5-1c197cc47816', 'Vestibulum quam sapien, varius ut, blandit non, interdum in, ante. Vestibulum ante ipsum...');
insert into abstracts (lang, resource_id, content) values ('eng', '712641ac-c9cb-4ac1-bec8-beada6c95e8a', 'Nulla ut erat id mauris vulputate elementum. Nullam varius. Nulla facilisi. Cras non velit nec...');
insert into abstracts (lang, resource_id, content) values ('eng', 'a0c97082-2806-4196-8503-a2a4ca48626c', 'Donec ut dolor. Morbi vel lectus in quam fringilla rhoncus. Mauris enim leo, rhoncus sed...');
insert into abstracts (lang, resource_id, content) values ('eng', 'ae7db4b9-5fcd-4b8d-b0b9-95c206b95fed', 'Nulla tellus. In sagittis dui vel nisl. Duis ac nibh. Fusce lacus purus, aliquet...');
insert into abstracts (lang, resource_id, content) values ('eng', 'ce85bebd-84e9-4892-a4b2-669f554f8196', 'Integer non velit. Donec diam neque, vestibulum eget, vulputate ut, ultrices vel, augue...');
insert into abstracts (lang, resource_id, content) values ('eng', 'f241b190-76e0-415a-84ac-1bf30320f555', 'Mauris enim leo, rhoncus sed, vestibulum sit amet, cursus id, turpis. Integer aliquet...');
insert into abstracts (lang, resource_id, content) values ('eng', 'f8edf4a7-c0dc-49e1-b6a8-f209d42a2def', 'Nulla justo. Aliquam quis turpis eget elit sodales scelerisque. Mauris sit amet eros. Suspendisse accumsan...');
insert into abstracts (lang, resource_id, content) values ('fra', '2ab478f8-1c4a-4260-bcc5-1c197cc47816', 'Vestibulum ante ipsum primis in faucibus orci luctus et ultrices posuere cubilia Curae; Mauris viverra diam vitae...');
insert into abstracts (lang, resource_id, content) values ('fra', '76ecd268-10c4-423f-bf20-190837499af8', 'Aenean auctor gravida sem. Praesent id massa id nisl venenatis lacinia. Aenean sit amet justo....');
insert into abstracts (lang, resource_id, content) values ('fra', '9eb823c7-a44b-42cb-8f53-6997d7b5e6a7', 'Pellentesque viverra pede ac diam. Cras pellentesque volutpat dui. Maecenas tristique, est et tempus semper...');
insert into abstracts (lang, resource_id, content) values ('fra', 'ae7db4b9-5fcd-4b8d-b0b9-95c206b95fed', 'Etiam vel augue. Vestibulum rutrum rutrum neque. Aenean auctor gravida sem. Praesent id massa id...');
insert into abstracts (lang, resource_id, content) values ('ita', '712641ac-c9cb-4ac1-bec8-beada6c95e8a', 'Vivamus in felis eu sapien cursus vestibulum. Proin eu mi. Nulla ac enim. In tempor...');
insert into abstracts (lang, resource_id, content) values ('ita', '8d656990-8368-4754-9b0e-d70fda3be330', 'Proin risus. Praesent lectus. Vestibulum quam sapien, varius ut, blandit non, interdum in...');
insert into abstracts (lang, resource_id, content) values ('ita', '9eb823c7-a44b-42cb-8f53-6997d7b5e6a7', 'Sed sagittis. Nam congue, risus semper porta volutpat, quam pede lobortis ligula, sit amet...');
insert into abstracts (lang, resource_id, content) values ('ita', 'a8d4f960-87e1-408c-a0f9-227e282bc930', 'Aenean sit amet justo. Morbi ut odio. Cras mi pede, malesuada in, imperdiet et...');
insert into abstracts (lang, resource_id, content) values ('ita', 'a9039fcd-3911-47df-8e90-1d47c427bda7', 'Lorem ipsum dolor sit amet, consectetuer adipiscing elit. Proin interdum mauris non ligula pellentesque ultrices....');
insert into abstracts (lang, resource_id, content) values ('ita', 'a9ddc2a6-1b2c-4c20-8dc9-770d0765949a', 'In hac habitasse platea dictumst. Aliquam augue quam, sollicitudin vitae, consectetuer eget, rutrum at...');
insert into abstracts (lang, resource_id, content) values ('ita', 'be00a9f8-3592-4f7e-ad07-28ea1274dffe', 'Duis aliquam convallis nunc. Proin at turpis a pede posuere nonummy. Integer non velit. Donec...');
insert into abstracts (lang, resource_id, content) values ('ita', 'e5aabe44-931d-4fc8-8123-41821ec84afe', 'Phasellus id sapien in sapien iaculis congue. Vivamus metus arcu, adipiscing molestie, hendrerit at,...');
insert into abstracts (lang, resource_id, content) values ('ita', 'f241b190-76e0-415a-84ac-1bf30320f555', 'In est risus, auctor sed, tristique in, tempus sit amet, sem. Fusce consequat...');
insert into abstracts (lang, resource_id, content) values ('ita', 'f8edf4a7-c0dc-49e1-b6a8-f209d42a2def', 'In tempor, turpis nec euismod scelerisque, quam turpis adipiscing lorem, vitae mattis nibh ligula nec...');
insert into abstracts (lang, resource_id, content) values ('por', '033c8038-f91f-4105-9551-4724fd3bf760', 'Suspendisse ornare consequat lectus. In est risus, auctor sed, tristique in, tempus sit amet...');
insert into abstracts (lang, resource_id, content) values ('por', '0988ae88-4c00-4cc1-906e-5aff5b6f9661', 'Vivamus in felis eu sapien cursus vestibulum. Proin eu mi. Nulla ac enim. In tempor...');
insert into abstracts (lang, resource_id, content) values ('por', '27153043-e3d7-406f-a103-f99113fca039', 'Cras mi pede, malesuada in, imperdiet et, commodo vulputate, justo. In blandit ultrices...');
insert into abstracts (lang, resource_id, content) values ('por', '2ab478f8-1c4a-4260-bcc5-1c197cc47816', 'Cum sociis natoque penatibus et magnis dis parturient montes, nascetur ridiculus mus. Vivamus vestibulum sagittis sapien...');
insert into abstracts (lang, resource_id, content) values ('por', '3888dd39-3d75-4e98-aceb-a36bf4367cdc', 'Morbi vel lectus in quam fringilla rhoncus. Mauris enim leo, rhoncus sed, vestibulum sit amet...');
insert into abstracts (lang, resource_id, content) values ('por', '76ecd268-10c4-423f-bf20-190837499af8', 'Morbi sem mauris, laoreet ut, rhoncus aliquet, pulvinar sed, nisl. Nunc rhoncus dui...');
insert into abstracts (lang, resource_id, content) values ('por', '8d656990-8368-4754-9b0e-d70fda3be330', 'Aliquam erat volutpat. In congue. Etiam justo. Etiam pretium iaculis justo. In hac habitasse...');
insert into abstracts (lang, resource_id, content) values ('por', 'a0c97082-2806-4196-8503-a2a4ca48626c', 'In hac habitasse platea dictumst. Morbi vestibulum, velit id pretium iaculis, diam erat fermentum justo...');
insert into abstracts (lang, resource_id, content) values ('por', 'a8d4f960-87e1-408c-a0f9-227e282bc930', 'Morbi non lectus. Aliquam sit amet diam in magna bibendum imperdiet. Nullam orci pede, venenatis...');
insert into abstracts (lang, resource_id, content) values ('por', 'a9039fcd-3911-47df-8e90-1d47c427bda7', 'Sed sagittis. Nam congue, risus semper porta volutpat, quam pede lobortis ligula, sit amet...');
insert into abstracts (lang, resource_id, content) values ('por', 'ce85bebd-84e9-4892-a4b2-669f554f8196', 'Suspendisse potenti. Nullam porttitor lacus at turpis. Donec posuere metus vitae ipsum. Aliquam non mauris...');
insert into abstracts (lang, resource_id, content) values ('por', 'f241b190-76e0-415a-84ac-1bf30320f555', 'Vestibulum quam sapien, varius ut, blandit non, interdum in, ante. Vestibulum ante ipsum...');
insert into abstracts (lang, resource_id, content) values ('spa', '0988ae88-4c00-4cc1-906e-5aff5b6f9661', 'Proin risus. Praesent lectus. Vestibulum quam sapien, varius ut, blandit non, interdum in...');
insert into abstracts (lang, resource_id, content) values ('spa', '27153043-e3d7-406f-a103-f99113fca039', 'Vestibulum rutrum rutrum neque. Aenean auctor gravida sem. Praesent id massa id nisl venenatis lacinia....');
insert into abstracts (lang, resource_id, content) values ('spa', '712641ac-c9cb-4ac1-bec8-beada6c95e8a', 'Proin eu mi. Nulla ac enim. In tempor, turpis nec euismod scelerisque, quam turpis...');
insert into abstracts (lang, resource_id, content) values ('spa', 'a0c97082-2806-4196-8503-a2a4ca48626c', 'Duis bibendum. Morbi non quam nec dui luctus rutrum. Nulla tellus. In sagittis dui vel...');
insert into abstracts (lang, resource_id, content) values ('spa', 'ae7db4b9-5fcd-4b8d-b0b9-95c206b95fed', 'In tempor, turpis nec euismod scelerisque, quam turpis adipiscing lorem, vitae mattis nibh ligula nec...');
insert into abstracts (lang, resource_id, content) values ('spa', 'ce85bebd-84e9-4892-a4b2-669f554f8196', 'Cras pellentesque volutpat dui. Maecenas tristique, est et tempus semper, est quam pharetra magna,...');
insert into abstracts (lang, resource_id, content) values ('spa', 'f241b190-76e0-415a-84ac-1bf30320f555', 'Morbi a ipsum. Integer a nibh. In quis justo. Maecenas rhoncus aliquam lacus. Morbi...');


insert into urls (lang, resource_id, content) values ('deu', '033c8038-f91f-4105-9551-4724fd3bf760', 'http://hibu.com/diam/erat.png');
insert into urls (lang, resource_id, content) values ('deu', '27153043-e3d7-406f-a103-f99113fca039', 'http://macromedia.com/risus/semper/porta/volutpat.jsp');
insert into urls (lang, resource_id, content) values ('deu', '3888dd39-3d75-4e98-aceb-a36bf4367cdc', 'https://toplist.cz/nec/sem/duis.aspx');
insert into urls (lang, resource_id, content) values ('deu', '712641ac-c9cb-4ac1-bec8-beada6c95e8a', 'http://mashable.com/viverra/diam/vitae/quam/suspendisse/potenti/nullam.jsp');
insert into urls (lang, resource_id, content) values ('deu', '758dd262-c69d-403b-bf47-9d578585258d', 'https://wufoo.com/nisi.aspx');
insert into urls (lang, resource_id, content) values ('deu', 'a0c97082-2806-4196-8503-a2a4ca48626c', 'https://washington.edu/faucibus/orci/luctus/et/ultrices/posuere.json');
insert into urls (lang, resource_id, content) values ('deu', 'a8d4f960-87e1-408c-a0f9-227e282bc930', 'http://gnu.org/nisl/ut/volutpat/sapien/arcu/sed/augue.jpg');
insert into urls (lang, resource_id, content) values ('deu', 'a9ddc2a6-1b2c-4c20-8dc9-770d0765949a', 'https://theatlantic.com/pretium/quis/lectus.html');
insert into urls (lang, resource_id, content) values ('deu', 'ae7db4b9-5fcd-4b8d-b0b9-95c206b95fed', 'http://slashdot.org/ut/rhoncus/aliquet/pulvinar/sed.jpg');
insert into urls (lang, resource_id, content) values ('deu', 'e5aabe44-931d-4fc8-8123-41821ec84afe', 'http://adobe.com/quisque/erat/eros/viverra/eget.js');
insert into urls (lang, resource_id, content) values ('deu', 'f8edf4a7-c0dc-49e1-b6a8-f209d42a2def', 'http://rambler.ru/etiam/justo/etiam.jsp');
insert into urls (lang, resource_id, content) values ('eng', '0988ae88-4c00-4cc1-906e-5aff5b6f9661', 'https://printfriendly.com/accumsan.html');
insert into urls (lang, resource_id, content) values ('eng', '712641ac-c9cb-4ac1-bec8-beada6c95e8a', 'http://oracle.com/id/ornare/imperdiet/sapien/urna/pretium.jpg');
insert into urls (lang, resource_id, content) values ('eng', '76ecd268-10c4-423f-bf20-190837499af8', 'http://nydailynews.com/vehicula/consequat/morbi/a/ipsum/integer.jsp');
insert into urls (lang, resource_id, content) values ('eng', 'a0c97082-2806-4196-8503-a2a4ca48626c', 'http://amazon.co.uk/eleifend.json');
insert into urls (lang, resource_id, content) values ('eng', 'a9ddc2a6-1b2c-4c20-8dc9-770d0765949a', 'https://sphinn.com/volutpat.js');
insert into urls (lang, resource_id, content) values ('eng', 'e5aabe44-931d-4fc8-8123-41821ec84afe', 'http://hhs.gov/eget/orci/vehicula/condimentum/curabitur/in.jpg');
insert into urls (lang, resource_id, content) values ('fra', '033c8038-f91f-4105-9551-4724fd3bf760', 'http://xing.com/est.png');
insert into urls (lang, resource_id, content) values ('fra', '27153043-e3d7-406f-a103-f99113fca039', 'http://smugmug.com/dolor/quis/odio/consequat/varius/integer.js');
insert into urls (lang, resource_id, content) values ('fra', '76ecd268-10c4-423f-bf20-190837499af8', 'https://webmd.com/donec/posuere/metus.js');
insert into urls (lang, resource_id, content) values ('fra', '8d656990-8368-4754-9b0e-d70fda3be330', 'https://jalbum.net/eleifend/donec.jpg');
insert into urls (lang, resource_id, content) values ('fra', 'a0c97082-2806-4196-8503-a2a4ca48626c', 'https://china.com.cn/sapien/varius/ut/blandit/non/interdum/in.xml');
insert into urls (lang, resource_id, content) values ('fra', 'a8d4f960-87e1-408c-a0f9-227e282bc930', 'https://boston.com/sed/ante/vivamus.jsp');
insert into urls (lang, resource_id, content) values ('fra', 'a9039fcd-3911-47df-8e90-1d47c427bda7', 'http://weather.com/eu/orci/mauris/lacinia.json');
insert into urls (lang, resource_id, content) values ('fra', 'be00a9f8-3592-4f7e-ad07-28ea1274dffe', 'http://people.com.cn/morbi/a/ipsum/integer/a.html');
insert into urls (lang, resource_id, content) values ('fra', 'ce85bebd-84e9-4892-a4b2-669f554f8196', 'http://discuz.net/feugiat/et.js');
insert into urls (lang, resource_id, content) values ('ita', '3888dd39-3d75-4e98-aceb-a36bf4367cdc', 'https://thetimes.co.uk/natoque/penatibus.png');
insert into urls (lang, resource_id, content) values ('ita', '9eb823c7-a44b-42cb-8f53-6997d7b5e6a7', 'https://cnbc.com/ut/erat/id.png');
insert into urls (lang, resource_id, content) values ('ita', 'a9039fcd-3911-47df-8e90-1d47c427bda7', 'https://aboutads.info/sapien/sapien.jsp');
insert into urls (lang, resource_id, content) values ('ita', 'e5aabe44-931d-4fc8-8123-41821ec84afe', 'https://earthlink.net/libero/nam/dui/proin/leo/odio/porttitor.xml');
insert into urls (lang, resource_id, content) values ('ita', 'f241b190-76e0-415a-84ac-1bf30320f555', 'https://rediff.com/orci/nullam/molestie/nibh.xml');
insert into urls (lang, resource_id, content) values ('por', '712641ac-c9cb-4ac1-bec8-beada6c95e8a', 'http://wikia.com/nam/tristique.html');
insert into urls (lang, resource_id, content) values ('por', 'a0c97082-2806-4196-8503-a2a4ca48626c', 'http://facebook.com/ac/nibh/fusce/lacus/purus.aspx');
insert into urls (lang, resource_id, content) values ('por', 'a8d4f960-87e1-408c-a0f9-227e282bc930', 'https://symantec.com/nec/nisi/volutpat/eleifend/donec.jsp');
insert into urls (lang, resource_id, content) values ('por', 'a9039fcd-3911-47df-8e90-1d47c427bda7', 'https://omniture.com/augue.jsp');
insert into urls (lang, resource_id, content) values ('por', 'a9ddc2a6-1b2c-4c20-8dc9-770d0765949a', 'http://pbs.org/lacus/morbi/sem.js');
insert into urls (lang, resource_id, content) values ('por', 'ce85bebd-84e9-4892-a4b2-669f554f8196', 'https://google.fr/consequat.js');
insert into urls (lang, resource_id, content) values ('por', 'e5aabe44-931d-4fc8-8123-41821ec84afe', 'http://fda.gov/vestibulum.json');
insert into urls (lang, resource_id, content) values ('por', 'f8edf4a7-c0dc-49e1-b6a8-f209d42a2def', 'https://google.es/nulla/suspendisse/potenti.jsp');
insert into urls (lang, resource_id, content) values ('spa', '0988ae88-4c00-4cc1-906e-5aff5b6f9661', 'http://google.ca/fusce/consequat/nulla.jsp');
insert into urls (lang, resource_id, content) values ('spa', '27153043-e3d7-406f-a103-f99113fca039', 'https://altervista.org/dapibus/augue/vel/accumsan/tellus/nisi/eu.png');
insert into urls (lang, resource_id, content) values ('spa', '76ecd268-10c4-423f-bf20-190837499af8', 'https://ehow.com/id/pretium/iaculis.js');
insert into urls (lang, resource_id, content) values ('spa', '9eb823c7-a44b-42cb-8f53-6997d7b5e6a7', 'https://reddit.com/augue.xml');
insert into urls (lang, resource_id, content) values ('spa', 'ae7db4b9-5fcd-4b8d-b0b9-95c206b95fed', 'https://discovery.com/arcu/libero.js');
insert into urls (lang, resource_id, content) values ('spa', 'ce85bebd-84e9-4892-a4b2-669f554f8196', 'http://upenn.edu/quisque/id/justo/sit/amet.jsp');
insert into urls (lang, resource_id, content) values ('spa', 'e5aabe44-931d-4fc8-8123-41821ec84afe', 'https://europa.eu/sapien/urna.xml');
insert into urls (lang, resource_id, content) values ('spa', 'f241b190-76e0-415a-84ac-1bf30320f555', 'http://mit.edu/vestibulum.html');



---------------------- INSERT LIFTS ----------------------


insert into resources (id, type, data_provider, created_at, last_update) values ('02a05bd8-f299-477e-852b-6b69276dde24', 'lifts', 'http://desdev.cn', '2020-08-26T01:24:29Z', '2022-08-26T02:44:47Z');
insert into resources (id, type, data_provider, created_at, last_update) values ('387bca96-c9ca-4dd8-9b1d-53321d83b3d0', 'lifts', 'http://csmonitor.com', '2022-12-09T22:56:57Z', '2022-12-03T08:18:33Z');
insert into resources (id, type, data_provider, created_at, last_update) values ('765c9809-8767-40e0-9280-371944775206', 'lifts', 'https://acquirethisname.com', '2020-07-11T22:14:40Z', '2022-10-19T11:01:38Z');
insert into resources (id, type, data_provider, created_at, last_update) values ('be8b59ba-f9bb-4cb2-9643-72729abcce47', 'lifts', 'https://statcounter.com', '2018-09-05T10:13:50Z', '2022-08-13T08:24:34Z');
insert into resources (id, type, data_provider, created_at, last_update) values ('be3c4a4e-5075-413d-9d3d-e45fc65d87af', 'lifts', 'http://arstechnica.com', '2020-12-30T19:34:02Z', '2023-01-11T09:09:40Z');
insert into resources (id, type, data_provider, created_at, last_update) values ('2d6072bc-b757-4c34-a4ac-c0b0872b9d08', 'lifts', 'https://businesswire.com', '2020-01-19T01:38:31Z', '2022-11-13T16:30:47Z');
insert into resources (id, type, data_provider, created_at, last_update) values ('f3659754-d6f7-43d0-833b-1f9feef860b8', 'lifts', 'https://guardian.co.uk', '2017-10-07T21:30:32Z', '2022-12-05T06:33:00Z');
insert into resources (id, type, data_provider, created_at, last_update) values ('18c29fdd-e8f6-4815-b54a-b4a52cf76b67', 'lifts', 'http://nba.com', '2022-06-02T17:44:05Z', '2022-01-29T14:07:41Z');
insert into resources (id, type, data_provider, created_at, last_update) values ('3ccfbb52-9cf2-49fe-a933-f850b7b426d5', 'lifts', 'http://rediff.com', '2021-09-26T21:14:50Z', '2022-02-09T16:13:04Z');
insert into resources (id, type, data_provider, created_at, last_update) values ('da08bc14-5da0-4bd6-845e-caff02d6984e', 'lifts', 'http://hugedomains.com', '2020-10-20T08:47:29Z', '2022-04-09T17:03:12Z');
insert into resources (id, type, data_provider, created_at, last_update) values ('07e87291-4b67-4fba-a7e7-c59c1665a656', 'lifts', 'https://google.com.au', '2018-11-24T15:40:50Z', '2022-03-14T21:54:27Z');
insert into resources (id, type, data_provider, created_at, last_update) values ('5ad00f3f-a8f7-4e3a-ba5c-04dd8c57189c', 'lifts', 'https://etsy.com', '2020-03-07T00:26:46Z', '2022-07-19T14:13:24Z');
insert into resources (id, type, data_provider, created_at, last_update) values ('3f95e189-8f1a-4ea2-802f-df91fc4e38fb', 'lifts', 'https://nydailynews.com', '2022-06-12T13:25:00Z', '2022-06-21T02:03:18Z');
insert into resources (id, type, data_provider, created_at, last_update) values ('2dcb3964-7490-4d59-8386-755d932d6978', 'lifts', 'https://gmpg.org', '2020-02-08T05:21:37Z', '2022-07-31T00:20:01Z');
insert into resources (id, type, data_provider, created_at, last_update) values ('7dc3571f-88af-4c15-a32c-53fc5986b234', 'lifts', 'https://ning.com', '2018-01-15T22:29:09Z', '2022-07-26T04:37:13Z');
insert into resources (id, type, data_provider, created_at, last_update) values ('712d4108-bb3a-4a5d-bb22-fe23e0f7d27d', 'lifts', 'http://illinois.edu', '2020-06-07T09:51:30Z', '2022-07-13T07:19:22Z');
insert into resources (id, type, data_provider, created_at, last_update) values ('671ae232-82af-4524-acb8-aab29b756915', 'lifts', 'http://cbslocal.com', '2020-09-30T09:49:00Z', '2022-10-21T07:07:03Z');
insert into resources (id, type, data_provider, created_at, last_update) values ('c3028ce9-c167-4c08-8c3c-77fb826d94d3', 'lifts', 'https://mapquest.com', '2020-01-02T21:29:37Z', '2022-01-17T00:47:48Z');
insert into resources (id, type, data_provider, created_at, last_update) values ('cf6f6446-d964-4170-9344-5fe4937b7446', 'lifts', 'https://usnews.com', '2018-12-16T22:00:32Z', '2022-05-12T10:19:24Z');
insert into resources (id, type, data_provider, created_at, last_update) values ('e632e1c3-9270-4c18-9ba3-502f05dcd14d', 'lifts', 'http://blogtalkradio.com', '2018-10-23T16:23:06Z', '2022-01-14T08:56:01Z');


insert into lifts (id, capacity, persons_per_chair) values ('02a05bd8-f299-477e-852b-6b69276dde24', null, null);
insert into lifts (id, capacity, persons_per_chair) values ('387bca96-c9ca-4dd8-9b1d-53321d83b3d0', null, null);
insert into lifts (id, capacity, persons_per_chair) values ('765c9809-8767-40e0-9280-371944775206', 2261, 10);
insert into lifts (id, capacity, persons_per_chair) values ('be8b59ba-f9bb-4cb2-9643-72729abcce47', 1154, 8);
insert into lifts (id, capacity, persons_per_chair) values ('be3c4a4e-5075-413d-9d3d-e45fc65d87af', 329, 10);
insert into lifts (id, capacity, persons_per_chair) values ('2d6072bc-b757-4c34-a4ac-c0b0872b9d08', null, null);
insert into lifts (id, capacity, persons_per_chair) values ('f3659754-d6f7-43d0-833b-1f9feef860b8', null, null);
insert into lifts (id, capacity, persons_per_chair) values ('18c29fdd-e8f6-4815-b54a-b4a52cf76b67', null, null);
insert into lifts (id, capacity, persons_per_chair) values ('3ccfbb52-9cf2-49fe-a933-f850b7b426d5', 292, 3);
insert into lifts (id, capacity, persons_per_chair) values ('da08bc14-5da0-4bd6-845e-caff02d6984e', 728, 8);
insert into lifts (id, capacity, persons_per_chair) values ('07e87291-4b67-4fba-a7e7-c59c1665a656', 1368, 15);
insert into lifts (id, capacity, persons_per_chair) values ('5ad00f3f-a8f7-4e3a-ba5c-04dd8c57189c', 659, 1);
insert into lifts (id, capacity, persons_per_chair) values ('3f95e189-8f1a-4ea2-802f-df91fc4e38fb', null, null);
insert into lifts (id, capacity, persons_per_chair) values ('2dcb3964-7490-4d59-8386-755d932d6978', null, null);
insert into lifts (id, capacity, persons_per_chair) values ('7dc3571f-88af-4c15-a32c-53fc5986b234', 352, 3);
insert into lifts (id, capacity, persons_per_chair) values ('712d4108-bb3a-4a5d-bb22-fe23e0f7d27d', null, null);
insert into lifts (id, capacity, persons_per_chair) values ('671ae232-82af-4524-acb8-aab29b756915', 2064, 12);
insert into lifts (id, capacity, persons_per_chair) values ('c3028ce9-c167-4c08-8c3c-77fb826d94d3', null, null);
insert into lifts (id, capacity, persons_per_chair) values ('cf6f6446-d964-4170-9344-5fe4937b7446', 2008, 4);
insert into lifts (id, capacity, persons_per_chair) values ('e632e1c3-9270-4c18-9ba3-502f05dcd14d', null, null);


insert into addresses (country, zipcode, type) values ('PY', null, 'base station');
insert into addresses (country, zipcode, type) values ('RE', null, null);
insert into addresses (country, zipcode, type) values ('SN', 9607, null);
insert into addresses (country, zipcode, type) values ('CZ', null, null);
insert into addresses (country, zipcode, type) values ('BR', 5810, null);
insert into addresses (country, zipcode, type) values ('CN', 7939, null);
insert into addresses (country, zipcode, type) values ('LK', null, null);
insert into addresses (country, zipcode, type) values ('CN', null, null);
insert into addresses (country, zipcode, type) values ('GR', 3370, null);
insert into addresses (country, zipcode, type) values ('PH', 4080, 'base station');


insert into cities (lang, address_id, content) values ('ita', 21, 'Courmayeur');
insert into cities (lang, address_id, content) values ('eng', 22, 'Aosta');
insert into cities (lang, address_id, content) values ('eng', 23, 'Livigno');
insert into cities (lang, address_id, content) values ('ita', 24, 'Bormio');
insert into cities (lang, address_id, content) values ('ita', 25, 'Sestriere');
insert into cities (lang, address_id, content) values ('eng', 26, 'Cervinia');
insert into cities (lang, address_id, content) values ('eng', 27, 'Canazei');
insert into cities (lang, address_id, content) values ('eng', 28, 'Madonna di Campiglio');
insert into cities (lang, address_id, content) values ('eng', 29, 'Selva di Val Gardena');
insert into cities (lang, address_id, content) values ('eng', 30, 'Cortina d''Ampezzo');


insert into places (id, address_id, geometries, length, max_altitude, min_altitude, opening_hours) values ('02a05bd8-f299-477e-852b-6b69276dde24', 21, null, null, null, null, null);
insert into places (id, address_id, geometries, length, max_altitude, min_altitude, opening_hours) values ('387bca96-c9ca-4dd8-9b1d-53321d83b3d0', 22, '[ { "coordinates": [11.340390853744765, 46.49594590468075], "type": "Point" }, { "type": "LineString", "coordinates": [ [11.366146439005718, 46.49738918371284], [11.378038558869463, 46.50837506841455], [11.38774002507489, 46.51677454119826] ] } ]', 904, 2063, 1118, null);
insert into places (id, address_id, geometries, length, max_altitude, min_altitude, opening_hours) values ('765c9809-8767-40e0-9280-371944775206', 23, null, null, null, null, null);
insert into places (id, address_id, geometries, length, max_altitude, min_altitude, opening_hours) values ('be8b59ba-f9bb-4cb2-9643-72729abcce47', 24, '[ { "coordinates": [11.114639133127781, 46.06768026365765], "type": "Point" }, { "type": "LineString", "coordinates": [ [11.248822154739116, 46.530904282827606], [11.27908069318849, 46.54968137520757] ] } ]', 247, 2683, 1125, null);
insert into places (id, address_id, geometries, length, max_altitude, min_altitude, opening_hours) values ('be3c4a4e-5075-413d-9d3d-e45fc65d87af', 25, null, null, null, null, null);
insert into places (id, address_id, geometries, length, max_altitude, min_altitude, opening_hours) values ('2d6072bc-b757-4c34-a4ac-c0b0872b9d08', 26, '[ { "coordinates": [11.652503970839263, 46.718692496887485], "type": "Point" }, { "type": "LineString", "coordinates": [ [11.14489065311048, 46.6174962325787], [11.13009028104321, 46.62833873782159], [11.098516153964965, 46.63646919174295] ] } ]', 1175, 2831, 1419, null);
insert into places (id, address_id, geometries, length, max_altitude, min_altitude, opening_hours) values ('f3659754-d6f7-43d0-833b-1f9feef860b8', 27, null, null, null, null, null);
insert into places (id, address_id, geometries, length, max_altitude, min_altitude, opening_hours) values ('18c29fdd-e8f6-4815-b54a-b4a52cf76b67', 28, null, null, null, null, null);
insert into places (id, address_id, geometries, length, max_altitude, min_altitude, opening_hours) values ('3ccfbb52-9cf2-49fe-a933-f850b7b426d5', 29, null, null, null, null, null);
insert into places (id, address_id, geometries, length, max_altitude, min_altitude, opening_hours) values ('da08bc14-5da0-4bd6-845e-caff02d6984e', 30, '[ { "coordinates": [11.429598394455041, 46.889912693362646], "type": "Point" }, { "type": "LineString", "coordinates": [ [11.193160756674786, 46.690691366046764], [11.210260951001032, 46.689388056004674], [11.223941106460956, 46.69147333697589], [11.226601136688316, 46.70398333211608] ] } ]', 123, 2904, 1139, null);
insert into places (id, address_id, geometries, length, max_altitude, min_altitude, opening_hours) values ('07e87291-4b67-4fba-a7e7-c59c1665a656', null, '[ { "coordinates": [11.94347069352969, 46.789481257173634], "type": "Point" }, { "type": "LineString", "coordinates": [ [11.947728736013971, 46.78842066354278], [11.983724166611239, 46.80110454316639], [11.975254653529305, 46.81921918531813], [12.002251226477227, 46.82936072007081] ] } ]', 1424, 2720, 901, null);
insert into places (id, address_id, geometries, length, max_altitude, min_altitude, opening_hours) values ('5ad00f3f-a8f7-4e3a-ba5c-04dd8c57189c', null, null, null, null, null, null);
insert into places (id, address_id, geometries, length, max_altitude, min_altitude, opening_hours) values ('3f95e189-8f1a-4ea2-802f-df91fc4e38fb', null, '[ { "type": "LineString", "coordinates": [ [11.945082013176119, 46.78624598400066], [11.945611357743473, 46.76521955212041], [11.96255038390737, 46.73946912246754] ] } ]', 1206, 2522, 799, null);
insert into places (id, address_id, geometries, length, max_altitude, min_altitude, opening_hours) values ('2dcb3964-7490-4d59-8386-755d932d6978', null, null, null, null, null, null);
insert into places (id, address_id, geometries, length, max_altitude, min_altitude, opening_hours) values ('7dc3571f-88af-4c15-a32c-53fc5986b234', null, '[ { "type": "LineString", "coordinates": [ [11.659765291238813, 46.718424429402745], [11.687820553321501, 46.69773457596327], [11.706347613187575, 46.71298050001323] ] } ]', 183, 2669, 931, '{  "dailySchedules": {    "2020-04-06": [ { "opens": "08:00:00", "closes": "18:00:00" } ],    "2020-04-07": [ { "opens": "08:00:00", "closes": "18:00:00" } ],    "2020-04-08": null,    "2020-04-09": [ { "opens": "08:00:00", "closes": "18:00:00" } ],    "2020-04-10": [ { "opens": "08:00:00", "closes": "18:00:00" } ]  },  "weeklySchedules": [    {      "validFrom": "2020-01-01",      "validTo": "2020-12-31",      "monday": [ { "opens": "08:00:00", "closes": "20:00:00" } ],      "tuesday": [ { "opens": "08:00:00", "closes": "20:00:00" } ],      "wednesday": [ { "opens": "08:00:00", "closes": "20:00:00" } ],      "thursday": [ { "opens": "08:00:00", "closes": "20:00:00" } ],      "friday": [ { "opens": "08:00:00", "closes": "20:00:00" } ],      "saturday": null,      "sunday": null    },    {      "validFrom": "2021-01-01",      "validTo": "2024-12-31",      "monday": [ { "opens": "08:00:00", "closes": "20:00:00" } ],      "tuesday": [ { "opens": "08:00:00", "closes": "20:00:00" } ],      "wednesday": [ { "opens": "08:00:00", "closes": "20:00:00" } ],      "thursday": [ { "opens": "08:00:00", "closes": "20:00:00" } ],      "friday": [ { "opens": "08:00:00", "closes": "20:00:00" } ],      "saturday": [ { "opens": "08:00:00", "closes": "22:00:00" } ],      "sunday": null    }  ]}');
insert into places (id, address_id, geometries, length, max_altitude, min_altitude, opening_hours) values ('712d4108-bb3a-4a5d-bb22-fe23e0f7d27d', null, null, null, null, null, null);
insert into places (id, address_id, geometries, length, max_altitude, min_altitude, opening_hours) values ('671ae232-82af-4524-acb8-aab29b756915', null, '[ { "type": "LineString", "coordinates": [ [11.638062163967561, 46.74382217176807], [11.593067875721005, 46.736204104841676], [11.53907472982607, 46.729673476482304], [11.499903231823566, 46.706810049450894] ] } ]', 728, 2505, 623, '{  "dailySchedules": {    "2020-04-06": [ { "opens": "08:00:00", "closes": "18:00:00" } ],    "2020-04-07": [ { "opens": "08:00:00", "closes": "18:00:00" } ],    "2020-04-08": null,    "2020-04-09": [ { "opens": "08:00:00", "closes": "18:00:00" } ],    "2020-04-10": [ { "opens": "08:00:00", "closes": "18:00:00" } ]  },  "weeklySchedules": [    {      "validFrom": "2020-01-01",      "validTo": "2020-12-31",      "monday": [ { "opens": "08:00:00", "closes": "20:00:00" } ],      "tuesday": [ { "opens": "08:00:00", "closes": "20:00:00" } ],      "wednesday": [ { "opens": "08:00:00", "closes": "20:00:00" } ],      "thursday": [ { "opens": "08:00:00", "closes": "20:00:00" } ],      "friday": [ { "opens": "08:00:00", "closes": "20:00:00" } ],      "saturday": null,      "sunday": null    },    {      "validFrom": "2021-01-01",      "validTo": "2024-12-31",      "monday": [ { "opens": "08:00:00", "closes": "20:00:00" } ],      "tuesday": [ { "opens": "08:00:00", "closes": "20:00:00" } ],      "wednesday": [ { "opens": "08:00:00", "closes": "20:00:00" } ],      "thursday": [ { "opens": "08:00:00", "closes": "20:00:00" } ],      "friday": [ { "opens": "08:00:00", "closes": "20:00:00" } ],      "saturday": [ { "opens": "08:00:00", "closes": "22:00:00" } ],      "sunday": null    }  ]}');
insert into places (id, address_id, geometries, length, max_altitude, min_altitude, opening_hours) values ('c3028ce9-c167-4c08-8c3c-77fb826d94d3', null, null, null, null, null, null);
insert into places (id, address_id, geometries, length, max_altitude, min_altitude, opening_hours) values ('cf6f6446-d964-4170-9344-5fe4937b7446', null, '[ { "type": "LineString", "coordinates": [ [11.758134804377619, 46.553691342378244], [11.771783119089037, 46.53981520593524], [11.75338756447914, 46.52307750008708] ] } ]', 1352, 2467, 1712, '{  "dailySchedules": {    "2020-04-06": [ { "opens": "08:00:00", "closes": "18:00:00" } ],    "2020-04-07": [ { "opens": "08:00:00", "closes": "18:00:00" } ],    "2020-04-08": null,    "2020-04-09": [ { "opens": "08:00:00", "closes": "18:00:00" } ],    "2020-04-10": [ { "opens": "08:00:00", "closes": "18:00:00" } ]  },  "weeklySchedules": [    {      "validFrom": "2020-01-01",      "validTo": "2020-12-31",      "monday": [ { "opens": "08:00:00", "closes": "20:00:00" } ],      "tuesday": [ { "opens": "08:00:00", "closes": "20:00:00" } ],      "wednesday": [ { "opens": "08:00:00", "closes": "20:00:00" } ],      "thursday": [ { "opens": "08:00:00", "closes": "20:00:00" } ],      "friday": [ { "opens": "08:00:00", "closes": "20:00:00" } ],      "saturday": null,      "sunday": null    },    {      "validFrom": "2021-01-01",      "validTo": "2024-12-31",      "monday": [ { "opens": "08:00:00", "closes": "20:00:00" } ],      "tuesday": [ { "opens": "08:00:00", "closes": "20:00:00" } ],      "wednesday": [ { "opens": "08:00:00", "closes": "20:00:00" } ],      "thursday": [ { "opens": "08:00:00", "closes": "20:00:00" } ],      "friday": [ { "opens": "08:00:00", "closes": "20:00:00" } ],      "saturday": [ { "opens": "08:00:00", "closes": "22:00:00" } ],      "sunday": null    }  ]}');
insert into places (id, address_id, geometries, length, max_altitude, min_altitude, opening_hours) values ('e632e1c3-9270-4c18-9ba3-502f05dcd14d', null, '[ { "type": "LineString", "coordinates": [ [11.752794159490946, 46.555323595819175], [11.745673299642675, 46.58755054178246] ] } ]', 204, 2142, 974, null);


insert into names (lang, resource_id, content) values ('deu', '02a05bd8-f299-477e-852b-6b69276dde24', 'Cima di Jazzi');
insert into names (lang, resource_id, content) values ('deu', '18c29fdd-e8f6-4815-b54a-b4a52cf76b67', 'Piz Lagalb');
insert into names (lang, resource_id, content) values ('deu', '2d6072bc-b757-4c34-a4ac-c0b0872b9d08', 'Piz d''Err');
insert into names (lang, resource_id, content) values ('deu', '387bca96-c9ca-4dd8-9b1d-53321d83b3d0', 'Cima di Jazzi');
insert into names (lang, resource_id, content) values ('deu', '3ccfbb52-9cf2-49fe-a933-f850b7b426d5', 'Piz Palu');
insert into names (lang, resource_id, content) values ('deu', '765c9809-8767-40e0-9280-371944775206', 'Monte Bianco (Mont Blanc)');
insert into names (lang, resource_id, content) values ('deu', 'be8b59ba-f9bb-4cb2-9643-72729abcce47', 'Monviso');
insert into names (lang, resource_id, content) values ('deu', 'da08bc14-5da0-4bd6-845e-caff02d6984e', 'Punta Helbronner');
insert into names (lang, resource_id, content) values ('deu', 'f3659754-d6f7-43d0-833b-1f9feef860b8', 'Piz Grialetsch');
insert into names (lang, resource_id, content) values ('eng', '07e87291-4b67-4fba-a7e7-c59c1665a656', 'Cima Coppi');
insert into names (lang, resource_id, content) values ('eng', '2dcb3964-7490-4d59-8386-755d932d6978', 'Monte Rosa');
insert into names (lang, resource_id, content) values ('eng', '3f95e189-8f1a-4ea2-802f-df91fc4e38fb', 'Monte Bianco (Mont Blanc)');
insert into names (lang, resource_id, content) values ('eng', '5ad00f3f-a8f7-4e3a-ba5c-04dd8c57189c', 'Cima Dodici');
insert into names (lang, resource_id, content) values ('eng', '671ae232-82af-4524-acb8-aab29b756915', 'Piz d''Err');
insert into names (lang, resource_id, content) values ('eng', '712d4108-bb3a-4a5d-bb22-fe23e0f7d27d', 'Piz d''Aela');
insert into names (lang, resource_id, content) values ('eng', '7dc3571f-88af-4c15-a32c-53fc5986b234', 'Piz Corvatsch');
insert into names (lang, resource_id, content) values ('eng', 'c3028ce9-c167-4c08-8c3c-77fb826d94d3', 'Piz Lagalb');
insert into names (lang, resource_id, content) values ('eng', 'cf6f6446-d964-4170-9344-5fe4937b7446', 'Piz Scerscen');
insert into names (lang, resource_id, content) values ('eng', 'e632e1c3-9270-4c18-9ba3-502f05dcd14d', 'Pizzo Bernina');
insert into names (lang, resource_id, content) values ('fra', '02a05bd8-f299-477e-852b-6b69276dde24', 'Cima di Jazzi');
insert into names (lang, resource_id, content) values ('fra', '387bca96-c9ca-4dd8-9b1d-53321d83b3d0', 'Gran Paradiso');
insert into names (lang, resource_id, content) values ('fra', '765c9809-8767-40e0-9280-371944775206', 'Piz Corvatsch');
insert into names (lang, resource_id, content) values ('fra', 'be3c4a4e-5075-413d-9d3d-e45fc65d87af', 'Piz Scerscen');
insert into names (lang, resource_id, content) values ('fra', 'be8b59ba-f9bb-4cb2-9643-72729abcce47', 'Piz Grialetsch');
insert into names (lang, resource_id, content) values ('ita', '07e87291-4b67-4fba-a7e7-c59c1665a656', 'Piz Zupo');
insert into names (lang, resource_id, content) values ('ita', '18c29fdd-e8f6-4815-b54a-b4a52cf76b67', 'Piz Grialetsch');
insert into names (lang, resource_id, content) values ('ita', '2d6072bc-b757-4c34-a4ac-c0b0872b9d08', 'Monte Rosa');
insert into names (lang, resource_id, content) values ('ita', '2dcb3964-7490-4d59-8386-755d932d6978', 'Punta Helbronner');
insert into names (lang, resource_id, content) values ('ita', '3ccfbb52-9cf2-49fe-a933-f850b7b426d5', 'Piz Kesch');
insert into names (lang, resource_id, content) values ('ita', '3f95e189-8f1a-4ea2-802f-df91fc4e38fb', 'Pizzo Bernina');
insert into names (lang, resource_id, content) values ('ita', '5ad00f3f-a8f7-4e3a-ba5c-04dd8c57189c', 'Pizzo Bernina');
insert into names (lang, resource_id, content) values ('ita', 'da08bc14-5da0-4bd6-845e-caff02d6984e', 'Piz Lagalb');
insert into names (lang, resource_id, content) values ('ita', 'f3659754-d6f7-43d0-833b-1f9feef860b8', 'Piz Buin');
insert into names (lang, resource_id, content) values ('por', '02a05bd8-f299-477e-852b-6b69276dde24', 'Piz Corvatsch');
insert into names (lang, resource_id, content) values ('por', '18c29fdd-e8f6-4815-b54a-b4a52cf76b67', 'Piz Zupo');
insert into names (lang, resource_id, content) values ('por', '2d6072bc-b757-4c34-a4ac-c0b0872b9d08', 'Piz Kesch');
insert into names (lang, resource_id, content) values ('por', '387bca96-c9ca-4dd8-9b1d-53321d83b3d0', 'Piz d''Aela');
insert into names (lang, resource_id, content) values ('por', '3ccfbb52-9cf2-49fe-a933-f850b7b426d5', 'Pizzo Bernina');
insert into names (lang, resource_id, content) values ('por', '671ae232-82af-4524-acb8-aab29b756915', 'Cima Dodici');
insert into names (lang, resource_id, content) values ('por', '712d4108-bb3a-4a5d-bb22-fe23e0f7d27d', 'Cima di Jazzi');
insert into names (lang, resource_id, content) values ('por', '765c9809-8767-40e0-9280-371944775206', 'Piz d''Err');
insert into names (lang, resource_id, content) values ('por', '7dc3571f-88af-4c15-a32c-53fc5986b234', 'Cima Coppi');
insert into names (lang, resource_id, content) values ('por', 'be3c4a4e-5075-413d-9d3d-e45fc65d87af', 'Piz Kesch');
insert into names (lang, resource_id, content) values ('por', 'be8b59ba-f9bb-4cb2-9643-72729abcce47', 'Piz d''Err');
insert into names (lang, resource_id, content) values ('por', 'c3028ce9-c167-4c08-8c3c-77fb826d94d3', 'Monte Bianco (Mont Blanc)');
insert into names (lang, resource_id, content) values ('por', 'cf6f6446-d964-4170-9344-5fe4937b7446', 'Monte Bianco (Mont Blanc)');
insert into names (lang, resource_id, content) values ('por', 'da08bc14-5da0-4bd6-845e-caff02d6984e', 'Punta Helbronner');
insert into names (lang, resource_id, content) values ('por', 'e632e1c3-9270-4c18-9ba3-502f05dcd14d', 'Piz Buin');
insert into names (lang, resource_id, content) values ('por', 'f3659754-d6f7-43d0-833b-1f9feef860b8', 'Piz Tschierva');
insert into names (lang, resource_id, content) values ('spa', '07e87291-4b67-4fba-a7e7-c59c1665a656', 'Cima di Jazzi');
insert into names (lang, resource_id, content) values ('spa', '2dcb3964-7490-4d59-8386-755d932d6978', 'Monte Bianco (Mont Blanc)');
insert into names (lang, resource_id, content) values ('spa', '3f95e189-8f1a-4ea2-802f-df91fc4e38fb', 'Gran Paradiso');
insert into names (lang, resource_id, content) values ('spa', '5ad00f3f-a8f7-4e3a-ba5c-04dd8c57189c', 'Cima Dodici');
insert into names (lang, resource_id, content) values ('spa', '671ae232-82af-4524-acb8-aab29b756915', 'Piz d''Err');
insert into names (lang, resource_id, content) values ('spa', '712d4108-bb3a-4a5d-bb22-fe23e0f7d27d', 'Piz Corvatsch');
insert into names (lang, resource_id, content) values ('spa', '7dc3571f-88af-4c15-a32c-53fc5986b234', 'Piz Buin');
insert into names (lang, resource_id, content) values ('spa', 'c3028ce9-c167-4c08-8c3c-77fb826d94d3', 'Piz Palu');
insert into names (lang, resource_id, content) values ('spa', 'cf6f6446-d964-4170-9344-5fe4937b7446', 'Piz Zupo');
insert into names (lang, resource_id, content) values ('spa', 'e632e1c3-9270-4c18-9ba3-502f05dcd14d', 'Punta Helbronner');


insert into how_to_arrive (lang, place_id, content) values ('deu', '02a05bd8-f299-477e-852b-6b69276dde24', 'sollicitudin vitae consectetuer eget rutrum at lorem integer tincidunt ante vel ipsum praesent blandit lacinia erat');
insert into how_to_arrive (lang, place_id, content) values ('deu', '07e87291-4b67-4fba-a7e7-c59c1665a656', 'ut suscipit a feugiat et eros vestibulum ac est lacinia nisi venenatis tristique fusce congue diam id ornare imperdiet');
insert into how_to_arrive (lang, place_id, content) values ('deu', '2dcb3964-7490-4d59-8386-755d932d6978', 'lacus at turpis donec posuere metus vitae ipsum aliquam non mauris morbi');
insert into how_to_arrive (lang, place_id, content) values ('deu', '3f95e189-8f1a-4ea2-802f-df91fc4e38fb', 'nec dui luctus rutrum nulla tellus in sagittis dui vel nisl duis ac nibh fusce lacus purus');
insert into how_to_arrive (lang, place_id, content) values ('deu', '5ad00f3f-a8f7-4e3a-ba5c-04dd8c57189c', 'leo rhoncus sed vestibulum sit amet cursus id turpis integer aliquet massa id lobortis');
insert into how_to_arrive (lang, place_id, content) values ('deu', '712d4108-bb3a-4a5d-bb22-fe23e0f7d27d', 'at velit vivamus vel nulla eget eros elementum pellentesque quisque porta volutpat erat quisque erat eros viverra eget congue eget');
insert into how_to_arrive (lang, place_id, content) values ('deu', '7dc3571f-88af-4c15-a32c-53fc5986b234', 'dui nec nisi volutpat eleifend donec ut dolor morbi vel');
insert into how_to_arrive (lang, place_id, content) values ('deu', 'c3028ce9-c167-4c08-8c3c-77fb826d94d3', 'vestibulum velit id pretium iaculis diam erat fermentum justo nec condimentum neque sapien placerat ante nulla justo aliquam quis');
insert into how_to_arrive (lang, place_id, content) values ('deu', 'da08bc14-5da0-4bd6-845e-caff02d6984e', 'nulla suscipit ligula in lacus curabitur at ipsum ac tellus semper interdum mauris ullamcorper purus sit amet');
insert into how_to_arrive (lang, place_id, content) values ('eng', '07e87291-4b67-4fba-a7e7-c59c1665a656', 'ut tellus nulla ut erat id mauris vulputate elementum nullam varius nulla facilisi cras non');
insert into how_to_arrive (lang, place_id, content) values ('eng', '2d6072bc-b757-4c34-a4ac-c0b0872b9d08', 'sit amet eros suspendisse accumsan tortor quis turpis sed ante vivamus');
insert into how_to_arrive (lang, place_id, content) values ('eng', '3ccfbb52-9cf2-49fe-a933-f850b7b426d5', 'quam fringilla rhoncus mauris enim leo rhoncus sed vestibulum sit amet cursus id turpis integer');
insert into how_to_arrive (lang, place_id, content) values ('eng', '671ae232-82af-4524-acb8-aab29b756915', 'at lorem integer tincidunt ante vel ipsum praesent blandit lacinia erat vestibulum sed magna at nunc commodo');
insert into how_to_arrive (lang, place_id, content) values ('eng', 'be3c4a4e-5075-413d-9d3d-e45fc65d87af', 'ligula nec sem duis aliquam convallis nunc proin at turpis a pede posuere nonummy integer non velit donec');
insert into how_to_arrive (lang, place_id, content) values ('eng', 'be8b59ba-f9bb-4cb2-9643-72729abcce47', 'venenatis lacinia aenean sit amet justo morbi ut odio cras mi pede malesuada in imperdiet et commodo vulputate justo in');
insert into how_to_arrive (lang, place_id, content) values ('eng', 'da08bc14-5da0-4bd6-845e-caff02d6984e', 'sed nisl nunc rhoncus dui vel sem sed sagittis nam congue');
insert into how_to_arrive (lang, place_id, content) values ('eng', 'e632e1c3-9270-4c18-9ba3-502f05dcd14d', 'ut volutpat sapien arcu sed augue aliquam erat volutpat in');
insert into how_to_arrive (lang, place_id, content) values ('fra', '07e87291-4b67-4fba-a7e7-c59c1665a656', 'velit vivamus vel nulla eget eros elementum pellentesque quisque porta volutpat');
insert into how_to_arrive (lang, place_id, content) values ('fra', '18c29fdd-e8f6-4815-b54a-b4a52cf76b67', 'odio porttitor id consequat in consequat ut nulla sed accumsan felis ut at');
insert into how_to_arrive (lang, place_id, content) values ('fra', '2d6072bc-b757-4c34-a4ac-c0b0872b9d08', 'aliquet at feugiat non pretium quis lectus suspendisse potenti in eleifend quam a odio in hac habitasse platea dictumst');
insert into how_to_arrive (lang, place_id, content) values ('fra', '5ad00f3f-a8f7-4e3a-ba5c-04dd8c57189c', 'rutrum rutrum neque aenean auctor gravida sem praesent id massa id nisl venenatis lacinia aenean sit');
insert into how_to_arrive (lang, place_id, content) values ('fra', 'be3c4a4e-5075-413d-9d3d-e45fc65d87af', 'nulla pede ullamcorper augue a suscipit nulla elit ac nulla sed');
insert into how_to_arrive (lang, place_id, content) values ('fra', 'be8b59ba-f9bb-4cb2-9643-72729abcce47', 'porta volutpat erat quisque erat eros viverra eget congue eget semper rutrum nulla nunc purus phasellus in');
insert into how_to_arrive (lang, place_id, content) values ('ita', '2d6072bc-b757-4c34-a4ac-c0b0872b9d08', 'hac habitasse platea dictumst aliquam augue quam sollicitudin vitae consectetuer');
insert into how_to_arrive (lang, place_id, content) values ('ita', '387bca96-c9ca-4dd8-9b1d-53321d83b3d0', 'non lectus aliquam sit amet diam in magna bibendum imperdiet nullam orci pede');
insert into how_to_arrive (lang, place_id, content) values ('ita', '3f95e189-8f1a-4ea2-802f-df91fc4e38fb', 'ligula suspendisse ornare consequat lectus in est risus auctor sed tristique in tempus');
insert into how_to_arrive (lang, place_id, content) values ('ita', '7dc3571f-88af-4c15-a32c-53fc5986b234', 'in leo maecenas pulvinar lobortis est phasellus sit amet erat nulla tempus vivamus in');
insert into how_to_arrive (lang, place_id, content) values ('ita', 'be8b59ba-f9bb-4cb2-9643-72729abcce47', 'eleifend donec ut dolor morbi vel lectus in quam fringilla rhoncus mauris enim leo rhoncus sed');
insert into how_to_arrive (lang, place_id, content) values ('ita', 'c3028ce9-c167-4c08-8c3c-77fb826d94d3', 'libero nullam sit amet turpis elementum ligula vehicula consequat morbi a ipsum integer a nibh in quis');
insert into how_to_arrive (lang, place_id, content) values ('ita', 'da08bc14-5da0-4bd6-845e-caff02d6984e', 'orci eget orci vehicula condimentum curabitur in libero ut massa volutpat convallis morbi odio odio elementum eu interdum');
insert into how_to_arrive (lang, place_id, content) values ('ita', 'e632e1c3-9270-4c18-9ba3-502f05dcd14d', 'vestibulum sit amet cursus id turpis integer aliquet massa id lobortis convallis tortor risus dapibus');
insert into how_to_arrive (lang, place_id, content) values ('por', '02a05bd8-f299-477e-852b-6b69276dde24', 'nisl nunc rhoncus dui vel sem sed sagittis nam congue risus');
insert into how_to_arrive (lang, place_id, content) values ('por', '07e87291-4b67-4fba-a7e7-c59c1665a656', 'nibh quisque id justo sit amet sapien dignissim vestibulum vestibulum ante ipsum primis');
insert into how_to_arrive (lang, place_id, content) values ('por', '3f95e189-8f1a-4ea2-802f-df91fc4e38fb', 'a nibh in quis justo maecenas rhoncus aliquam lacus morbi');
insert into how_to_arrive (lang, place_id, content) values ('por', '5ad00f3f-a8f7-4e3a-ba5c-04dd8c57189c', 'pede venenatis non sodales sed tincidunt eu felis fusce posuere felis sed lacus morbi sem mauris laoreet ut rhoncus');
insert into how_to_arrive (lang, place_id, content) values ('por', '671ae232-82af-4524-acb8-aab29b756915', 'aliquam lacus morbi quis tortor id nulla ultrices aliquet maecenas leo odio condimentum id luctus nec molestie');
insert into how_to_arrive (lang, place_id, content) values ('por', '765c9809-8767-40e0-9280-371944775206', 'aliquam non mauris morbi non lectus aliquam sit amet diam in magna bibendum imperdiet nullam orci pede');
insert into how_to_arrive (lang, place_id, content) values ('por', '7dc3571f-88af-4c15-a32c-53fc5986b234', 'primis in faucibus orci luctus et ultrices posuere cubilia curae donec pharetra magna vestibulum aliquet ultrices erat tortor sollicitudin');
insert into how_to_arrive (lang, place_id, content) values ('por', 'c3028ce9-c167-4c08-8c3c-77fb826d94d3', 'mauris morbi non lectus aliquam sit amet diam in magna bibendum');
insert into how_to_arrive (lang, place_id, content) values ('por', 'cf6f6446-d964-4170-9344-5fe4937b7446', 'fusce congue diam id ornare imperdiet sapien urna pretium nisl ut volutpat sapien arcu sed');
insert into how_to_arrive (lang, place_id, content) values ('por', 'f3659754-d6f7-43d0-833b-1f9feef860b8', 'eget vulputate ut ultrices vel augue vestibulum ante ipsum primis in faucibus orci luctus');
insert into how_to_arrive (lang, place_id, content) values ('spa', '2d6072bc-b757-4c34-a4ac-c0b0872b9d08', 'donec diam neque vestibulum eget vulputate ut ultrices vel augue vestibulum ante ipsum primis in faucibus orci luctus et ultrices');
insert into how_to_arrive (lang, place_id, content) values ('spa', '387bca96-c9ca-4dd8-9b1d-53321d83b3d0', 'viverra dapibus nulla suscipit ligula in lacus curabitur at ipsum ac tellus semper interdum mauris ullamcorper purus');
insert into how_to_arrive (lang, place_id, content) values ('spa', '3f95e189-8f1a-4ea2-802f-df91fc4e38fb', 'tempus vel pede morbi porttitor lorem id ligula suspendisse ornare');
insert into how_to_arrive (lang, place_id, content) values ('spa', '765c9809-8767-40e0-9280-371944775206', 'ligula in lacus curabitur at ipsum ac tellus semper interdum mauris ullamcorper purus');
insert into how_to_arrive (lang, place_id, content) values ('spa', '7dc3571f-88af-4c15-a32c-53fc5986b234', 'gravida sem praesent id massa id nisl venenatis lacinia aenean sit amet');
insert into how_to_arrive (lang, place_id, content) values ('spa', 'be3c4a4e-5075-413d-9d3d-e45fc65d87af', 'sed justo pellentesque viverra pede ac diam cras pellentesque volutpat dui maecenas tristique est et tempus semper');
insert into how_to_arrive (lang, place_id, content) values ('spa', 'be8b59ba-f9bb-4cb2-9643-72729abcce47', 'vel augue vestibulum ante ipsum primis in faucibus orci luctus et ultrices posuere cubilia curae');
insert into how_to_arrive (lang, place_id, content) values ('spa', 'cf6f6446-d964-4170-9344-5fe4937b7446', 'potenti in eleifend quam a odio in hac habitasse platea dictumst maecenas');


insert into resource_categories (resource_id, category_id) values ('3ccfbb52-9cf2-49fe-a933-f850b7b426d5', 'example:DarkOrange');
insert into resource_categories (resource_id, category_id) values ('671ae232-82af-4524-acb8-aab29b756915', 'example:MediumOrchid');
insert into resource_categories (resource_id, category_id) values ('2dcb3964-7490-4d59-8386-755d932d6978', 'example:OrangeRed');
insert into resource_categories (resource_id, category_id) values ('387bca96-c9ca-4dd8-9b1d-53321d83b3d0', 'example:LightYellow');
insert into resource_categories (resource_id, category_id) values ('2dcb3964-7490-4d59-8386-755d932d6978', 'example:RebeccaPurple');
insert into resource_categories (resource_id, category_id) values ('671ae232-82af-4524-acb8-aab29b756915', 'example:Yellow');
insert into resource_categories (resource_id, category_id) values ('f3659754-d6f7-43d0-833b-1f9feef860b8', 'example:Gold');
insert into resource_categories (resource_id, category_id) values ('e632e1c3-9270-4c18-9ba3-502f05dcd14d', 'example:OrangeRed');
insert into resource_categories (resource_id, category_id) values ('da08bc14-5da0-4bd6-845e-caff02d6984e', 'example:LightYellow');
insert into resource_categories (resource_id, category_id) values ('671ae232-82af-4524-acb8-aab29b756915', 'example:Magenta');


insert into multimedia_descriptions (resource_id, media_object_id) values ('02a05bd8-f299-477e-852b-6b69276dde24', 'a05ac8dc-831f-46ee-a0a8-82e62c63e60c');
insert into multimedia_descriptions (resource_id, media_object_id) values ('07e87291-4b67-4fba-a7e7-c59c1665a656', 'baa72f08-5af6-4c7a-946a-6faf201defab');
insert into multimedia_descriptions (resource_id, media_object_id) values ('2d6072bc-b757-4c34-a4ac-c0b0872b9d08', '0ebb76a3-debb-42bd-96bd-a742f14047a3');
insert into multimedia_descriptions (resource_id, media_object_id) values ('2d6072bc-b757-4c34-a4ac-c0b0872b9d08', '9239fb0e-291a-46a1-9afb-298f0837ff1b');
insert into multimedia_descriptions (resource_id, media_object_id) values ('2dcb3964-7490-4d59-8386-755d932d6978', 'dcc2962f-81e8-4af6-b045-b6dae6029f7b');
insert into multimedia_descriptions (resource_id, media_object_id) values ('3ccfbb52-9cf2-49fe-a933-f850b7b426d5', 'a05ac8dc-831f-46ee-a0a8-82e62c63e60c');
insert into multimedia_descriptions (resource_id, media_object_id) values ('5ad00f3f-a8f7-4e3a-ba5c-04dd8c57189c', 'dcc2962f-81e8-4af6-b045-b6dae6029f7b');
insert into multimedia_descriptions (resource_id, media_object_id) values ('be8b59ba-f9bb-4cb2-9643-72729abcce47', '4c057967-17b0-41ca-b204-a8fc864730bc');
insert into multimedia_descriptions (resource_id, media_object_id) values ('c3028ce9-c167-4c08-8c3c-77fb826d94d3', 'baa72f08-5af6-4c7a-946a-6faf201defab');
insert into multimedia_descriptions (resource_id, media_object_id) values ('cf6f6446-d964-4170-9344-5fe4937b7446', 'baa72f08-5af6-4c7a-946a-6faf201defab');


insert into connections (a_id, b_id) values ('5ad00f3f-a8f7-4e3a-ba5c-04dd8c57189c', '765c9809-8767-40e0-9280-371944775206');
insert into connections (a_id, b_id) values ('02a05bd8-f299-477e-852b-6b69276dde24', '3f95e189-8f1a-4ea2-802f-df91fc4e38fb');
insert into connections (a_id, b_id) values ('f3659754-d6f7-43d0-833b-1f9feef860b8', '2dcb3964-7490-4d59-8386-755d932d6978');
insert into connections (a_id, b_id) values ('07e87291-4b67-4fba-a7e7-c59c1665a656', '5ad00f3f-a8f7-4e3a-ba5c-04dd8c57189c');
insert into connections (a_id, b_id) values ('cf6f6446-d964-4170-9344-5fe4937b7446', '02a05bd8-f299-477e-852b-6b69276dde24');
insert into connections (a_id, b_id) values ('cf6f6446-d964-4170-9344-5fe4937b7446', '7dc3571f-88af-4c15-a32c-53fc5986b234');
insert into connections (a_id, b_id) values ('7dc3571f-88af-4c15-a32c-53fc5986b234', 'e632e1c3-9270-4c18-9ba3-502f05dcd14d');



---------------------- INSERT SKI SLOPES ----------------------


insert into resources (id, type, data_provider, created_at, last_update) values ('284b9108-3134-4163-a992-e137fbd8fdaa', 'skiSlopes', 'http://etsy.com', '2021-12-16T00:26:29Z', '2022-06-21T21:01:04Z');
insert into resources (id, type, data_provider, created_at, last_update) values ('285b60f6-bfa0-403c-8dc4-0443d7ceee36', 'skiSlopes', 'http://de.vu', '2019-07-03T16:12:30Z', '2022-08-09T14:11:29Z');
insert into resources (id, type, data_provider, created_at, last_update) values ('86144bdd-002e-4173-b796-52022265fe26', 'skiSlopes', 'https://shinystat.com', '2018-05-05T04:07:19Z', '2022-12-04T05:46:47Z');
insert into resources (id, type, data_provider, created_at, last_update) values ('2dbc5abf-1d15-4af1-bb61-620fa962e9f5', 'skiSlopes', 'http://abc.net.au', '2017-02-01T19:07:22Z', '2023-01-01T11:54:07Z');
insert into resources (id, type, data_provider, created_at, last_update) values ('f467d091-1cc6-4924-8fdd-4ef8431e0a95', 'skiSlopes', 'http://surveymonkey.com', '2022-11-18T15:19:56Z', '2022-09-19T10:50:19Z');
insert into resources (id, type, data_provider, created_at, last_update) values ('12c63b62-1840-4c7c-a228-c0f2159268f8', 'skiSlopes', 'http://sphinn.com', '2017-02-21T18:50:32Z', '2022-11-10T02:32:13Z');
insert into resources (id, type, data_provider, created_at, last_update) values ('3cb15d3d-d441-46eb-abe1-afa18cf63830', 'skiSlopes', 'http://google.pl', '2018-12-14T05:45:44Z', '2022-12-28T06:40:04Z');
insert into resources (id, type, data_provider, created_at, last_update) values ('6e95b14f-834c-468a-95b7-7aa91d626f28', 'skiSlopes', 'https://plala.or.jp', '2017-08-17T22:48:13Z', '2022-03-25T16:52:59Z');
insert into resources (id, type, data_provider, created_at, last_update) values ('b5a41312-9856-4f6d-8b63-83106e46b456', 'skiSlopes', 'http://businessinsider.com', '2019-01-21T03:46:48Z', '2022-12-08T19:58:15Z');
insert into resources (id, type, data_provider, created_at, last_update) values ('e471954c-32ac-4508-a86b-901af02fa723', 'skiSlopes', 'http://cnn.com', '2019-10-25T18:45:02Z', '2022-06-11T09:46:54Z');
insert into resources (id, type, data_provider, created_at, last_update) values ('8e2511b8-d203-45d6-ae1b-642c9394fcda', 'skiSlopes', 'http://google.com', '2018-11-11T17:26:23Z', '2022-03-17T07:44:10Z');
insert into resources (id, type, data_provider, created_at, last_update) values ('caf50bd5-242e-4818-a4d5-977be1a83d61', 'skiSlopes', 'http://wordpress.com', '2022-11-05T20:54:56Z', '2022-09-24T00:26:55Z');
insert into resources (id, type, data_provider, created_at, last_update) values ('945489f7-e284-46e7-a883-f117563a9b70', 'skiSlopes', 'http://tripadvisor.com', '2019-11-21T08:01:20Z', '2022-12-26T08:18:31Z');
insert into resources (id, type, data_provider, created_at, last_update) values ('7ccdb37b-36c3-4839-b716-39fee06daf7a', 'skiSlopes', 'http://photobucket.com', '2020-12-10T11:03:02Z', '2022-08-27T21:13:31Z');
insert into resources (id, type, data_provider, created_at, last_update) values ('38812cdd-dc95-4ced-ab96-b4df8b2c0bd7', 'skiSlopes', 'http://edublogs.org', '2021-02-06T17:34:38Z', '2022-03-19T00:46:56Z');
insert into resources (id, type, data_provider, created_at, last_update) values ('951bb3f2-1005-4496-979e-a5df84e8f075', 'skiSlopes', 'https://cornell.edu', '2018-08-11T22:56:25Z', '2022-02-26T19:28:36Z');
insert into resources (id, type, data_provider, created_at, last_update) values ('dec47fc2-8b16-47c5-9f75-f72f06161537', 'skiSlopes', 'http://csmonitor.com', '2019-11-07T22:28:05Z', '2022-12-19T00:30:18Z');
insert into resources (id, type, data_provider, created_at, last_update) values ('d3a3adcf-ce81-44c7-bfe2-15656aa41a89', 'skiSlopes', 'https://aboutads.info', '2017-02-20T11:29:33Z', '2022-02-09T00:56:56Z');
insert into resources (id, type, data_provider, created_at, last_update) values ('269e8b19-c332-4dbc-a939-7e821498e3aa', 'skiSlopes', 'http://blogger.com', '2022-01-16T20:29:18Z', '2022-10-19T04:14:04Z');
insert into resources (id, type, data_provider, created_at, last_update) values ('fefb02a5-48a3-4f24-85e5-46e5fe90184b', 'skiSlopes', 'https://java.com', '2018-09-27T22:55:57Z', '2022-02-27T18:25:57Z');


insert into ski_slopes (id, difficulty_eu, difficulty_us) values ('284b9108-3134-4163-a992-e137fbd8fdaa', 'novice', 'intermediate');
insert into ski_slopes (id, difficulty_eu, difficulty_us) values ('285b60f6-bfa0-403c-8dc4-0443d7ceee36', null, null);
insert into ski_slopes (id, difficulty_eu, difficulty_us) values ('86144bdd-002e-4173-b796-52022265fe26', 'beginner', 'beginner');
insert into ski_slopes (id, difficulty_eu, difficulty_us) values ('2dbc5abf-1d15-4af1-bb61-620fa962e9f5', null, null);
insert into ski_slopes (id, difficulty_eu, difficulty_us) values ('f467d091-1cc6-4924-8fdd-4ef8431e0a95', 'expert', 'intermediate-advanced');
insert into ski_slopes (id, difficulty_eu, difficulty_us) values ('12c63b62-1840-4c7c-a228-c0f2159268f8', null, null);
insert into ski_slopes (id, difficulty_eu, difficulty_us) values ('3cb15d3d-d441-46eb-abe1-afa18cf63830', 'expert', 'intermediate-advanced');
insert into ski_slopes (id, difficulty_eu, difficulty_us) values ('6e95b14f-834c-468a-95b7-7aa91d626f28', 'intermediate', 'intermediate');
insert into ski_slopes (id, difficulty_eu, difficulty_us) values ('b5a41312-9856-4f6d-8b63-83106e46b456', null, null);
insert into ski_slopes (id, difficulty_eu, difficulty_us) values ('e471954c-32ac-4508-a86b-901af02fa723', 'novice', 'expert');
insert into ski_slopes (id, difficulty_eu, difficulty_us) values ('8e2511b8-d203-45d6-ae1b-642c9394fcda', 'expert', 'intermediate-advanced');
insert into ski_slopes (id, difficulty_eu, difficulty_us) values ('caf50bd5-242e-4818-a4d5-977be1a83d61', null, null);
insert into ski_slopes (id, difficulty_eu, difficulty_us) values ('945489f7-e284-46e7-a883-f117563a9b70', null, null);
insert into ski_slopes (id, difficulty_eu, difficulty_us) values ('7ccdb37b-36c3-4839-b716-39fee06daf7a', 'novice', 'intermediate-advanced');
insert into ski_slopes (id, difficulty_eu, difficulty_us) values ('38812cdd-dc95-4ced-ab96-b4df8b2c0bd7', null, null);
insert into ski_slopes (id, difficulty_eu, difficulty_us) values ('951bb3f2-1005-4496-979e-a5df84e8f075', null, null);
insert into ski_slopes (id, difficulty_eu, difficulty_us) values ('dec47fc2-8b16-47c5-9f75-f72f06161537', 'beginner', 'expert');
insert into ski_slopes (id, difficulty_eu, difficulty_us) values ('d3a3adcf-ce81-44c7-bfe2-15656aa41a89', 'novice', 'intermediate');
insert into ski_slopes (id, difficulty_eu, difficulty_us) values ('269e8b19-c332-4dbc-a939-7e821498e3aa', 'beginner', 'beginner-intermediate');
insert into ski_slopes (id, difficulty_eu, difficulty_us) values ('fefb02a5-48a3-4f24-85e5-46e5fe90184b', null, null);


insert into places (id, geometries, length, max_altitude, min_altitude) values ('284b9108-3134-4163-a992-e137fbd8fdaa', '[{ "type": "LineString", "coordinates": [ [11.366146439005718, 46.49738918371284], [11.378038558869463, 46.50837506841455], [11.38774002507489, 46.51677454119826] ] }]', 1091, 2801, 1340);
insert into places (id, geometries, length, max_altitude, min_altitude) values ('285b60f6-bfa0-403c-8dc4-0443d7ceee36', '[{ "type": "LineString", "coordinates": [ [11.248822154739116, 46.530904282827606], [11.27908069318849, 46.54968137520757] ] }]', 500, 2981, 636);
insert into places (id, geometries, length, max_altitude, min_altitude) values ('86144bdd-002e-4173-b796-52022265fe26', null, null, null, null);
insert into places (id, geometries, length, max_altitude, min_altitude) values ('2dbc5abf-1d15-4af1-bb61-620fa962e9f5', null, null, null, null);
insert into places (id, geometries, length, max_altitude, min_altitude) values ('f467d091-1cc6-4924-8fdd-4ef8431e0a95', '[{ "type": "LineString", "coordinates": [ [11.14489065311048, 46.6174962325787], [11.13009028104321, 46.62833873782159], [11.098516153964965, 46.63646919174295] ] }]', 691, 2824, 725);
insert into places (id, geometries, length, max_altitude, min_altitude) values ('12c63b62-1840-4c7c-a228-c0f2159268f8', '[{ "type": "LineString", "coordinates": [ [11.193160756674786, 46.690691366046764], [11.210260951001032, 46.689388056004674], [11.223941106460956, 46.69147333697589], [11.226601136688316, 46.70398333211608] ] }]', 328, 2274, 580);
insert into places (id, geometries, length, max_altitude, min_altitude) values ('3cb15d3d-d441-46eb-abe1-afa18cf63830', null, null, null, null);
insert into places (id, geometries, length, max_altitude, min_altitude) values ('6e95b14f-834c-468a-95b7-7aa91d626f28', null, null, null, null);
insert into places (id, geometries, length, max_altitude, min_altitude) values ('b5a41312-9856-4f6d-8b63-83106e46b456', null, null, null, null);
insert into places (id, geometries, length, max_altitude, min_altitude) values ('e471954c-32ac-4508-a86b-901af02fa723', null, null, null, null);
insert into places (id, geometries, length, max_altitude, min_altitude) values ('8e2511b8-d203-45d6-ae1b-642c9394fcda', null, null, null, null);
insert into places (id, geometries, length, max_altitude, min_altitude) values ('caf50bd5-242e-4818-a4d5-977be1a83d61', '[{ "type": "LineString", "coordinates": [ [11.947728736013971, 46.78842066354278], [11.983724166611239, 46.80110454316639], [11.975254653529305, 46.81921918531813], [12.002251226477227, 46.82936072007081] ] }]', 296, 2643, 923);
insert into places (id, geometries, length, max_altitude, min_altitude) values ('945489f7-e284-46e7-a883-f117563a9b70', '[{ "type": "LineString", "coordinates": [ [11.945082013176119, 46.78624598400066], [11.945611357743473, 46.76521955212041], [11.96255038390737, 46.73946912246754] ] }]', 998, 2207, 775);
insert into places (id, geometries, length, max_altitude, min_altitude) values ('7ccdb37b-36c3-4839-b716-39fee06daf7a', null, null, null, null);
insert into places (id, geometries, length, max_altitude, min_altitude) values ('38812cdd-dc95-4ced-ab96-b4df8b2c0bd7', null, null, null, null);
insert into places (id, geometries, length, max_altitude, min_altitude) values ('951bb3f2-1005-4496-979e-a5df84e8f075', '[{ "type": "LineString", "coordinates": [ [11.659765291238813, 46.718424429402745], [11.687820553321501, 46.69773457596327], [11.706347613187575, 46.71298050001323] ] }]', 1308, 2405, 1765);
insert into places (id, geometries, length, max_altitude, min_altitude) values ('dec47fc2-8b16-47c5-9f75-f72f06161537', '[{ "type": "LineString", "coordinates": [ [11.638062163967561, 46.74382217176807], [11.593067875721005, 46.736204104841676], [11.53907472982607, 46.729673476482304], [11.499903231823566, 46.706810049450894] ] }]', 1257, 2283, 708);
insert into places (id, geometries, length, max_altitude, min_altitude) values ('d3a3adcf-ce81-44c7-bfe2-15656aa41a89', null, null, null, null);
insert into places (id, geometries, length, max_altitude, min_altitude) values ('269e8b19-c332-4dbc-a939-7e821498e3aa', null, null, null, null);
insert into places (id, geometries, length, max_altitude, min_altitude) values ('fefb02a5-48a3-4f24-85e5-46e5fe90184b', '[{ "type": "LineString", "coordinates": [ [11.758134804377619, 46.553691342378244], [11.771783119089037, 46.53981520593524], [11.75338756447914, 46.52307750008708] ] }]', 1122, 2757, 1599);


insert into snow_conditions (id, base_snow, base_snow_range_lower, base_snow_range_upper, groomed, latest_storm, obtained_in, primary_surface, secondary_surface, snow_making, snow_over_night) values ('12c63b62-1840-4c7c-a228-c0f2159268f8', 78, 36, 31, false, 13, null, 'loose-granular', 'packed-powder', false, 9);
insert into snow_conditions (id, base_snow, base_snow_range_lower, base_snow_range_upper, groomed, latest_storm, obtained_in, primary_surface, secondary_surface, snow_making, snow_over_night) values ('285b60f6-bfa0-403c-8dc4-0443d7ceee36', 50, 59, 25, null, null, '10/1/2022', 'wet-packed', null, null, null);
insert into snow_conditions (id, base_snow, base_snow_range_lower, base_snow_range_upper, groomed, latest_storm, obtained_in, primary_surface, secondary_surface, snow_making, snow_over_night) values ('2dbc5abf-1d15-4af1-bb61-620fa962e9f5', 63, 21, 28, null, 13, null, 'corn-snow', null, null, null);
insert into snow_conditions (id, base_snow, base_snow_range_lower, base_snow_range_upper, groomed, latest_storm, obtained_in, primary_surface, secondary_surface, snow_making, snow_over_night) values ('3cb15d3d-d441-46eb-abe1-afa18cf63830', 44, 49, 32, null, null, '12/18/2022', 'powder', 'powder', null, 7);
insert into snow_conditions (id, base_snow, base_snow_range_lower, base_snow_range_upper, groomed, latest_storm, obtained_in, primary_surface, secondary_surface, snow_making, snow_over_night) values ('6e95b14f-834c-468a-95b7-7aa91d626f28', 72, 20, 27, true, null, '12/6/2022', 'wet-snow', null, false, null);
insert into snow_conditions (id, base_snow, base_snow_range_lower, base_snow_range_upper, groomed, latest_storm, obtained_in, primary_surface, secondary_surface, snow_making, snow_over_night) values ('86144bdd-002e-4173-b796-52022265fe26', 54, 26, 26, false, 16, '1/4/2023', 'wet-granular', 'corn-snow', true, 7);
insert into snow_conditions (id, base_snow, base_snow_range_lower, base_snow_range_upper, groomed, latest_storm, obtained_in, primary_surface, secondary_surface, snow_making, snow_over_night) values ('b5a41312-9856-4f6d-8b63-83106e46b456', 41, 32, 28, false, 11, '1/6/2023', 'packed-powder', 'packed-powder', false, 9);
insert into snow_conditions (id, base_snow, base_snow_range_lower, base_snow_range_upper, groomed, latest_storm, obtained_in, primary_surface, secondary_surface, snow_making, snow_over_night) values ('e471954c-32ac-4508-a86b-901af02fa723', 49, 37, 31, null, null, '10/24/2022', 'wet-granular', null, null, null);
insert into snow_conditions (id, base_snow, base_snow_range_lower, base_snow_range_upper, groomed, latest_storm, obtained_in, primary_surface, secondary_surface, snow_making, snow_over_night) values ('f467d091-1cc6-4924-8fdd-4ef8431e0a95', 68, null, null, false, null, '12/19/2022', 'wet-granular', 'powder', true, 8);


insert into names (lang, resource_id, content) values ('deu', '2dbc5abf-1d15-4af1-bb61-620fa962e9f5', 'Sestriere');
insert into names (lang, resource_id, content) values ('deu', '7ccdb37b-36c3-4839-b716-39fee06daf7a', 'Selva di Val Gardena');
insert into names (lang, resource_id, content) values ('deu', '945489f7-e284-46e7-a883-f117563a9b70', 'Breuil-Cervinia');
insert into names (lang, resource_id, content) values ('deu', 'dec47fc2-8b16-47c5-9f75-f72f06161537', 'Pejo');
insert into names (lang, resource_id, content) values ('deu', 'f467d091-1cc6-4924-8fdd-4ef8431e0a95', 'Sestriere');
insert into names (lang, resource_id, content) values ('eng', '12c63b62-1840-4c7c-a228-c0f2159268f8', 'Passo Tonale');
insert into names (lang, resource_id, content) values ('eng', '284b9108-3134-4163-a992-e137fbd8fdaa', 'Madonna di Campiglio');
insert into names (lang, resource_id, content) values ('eng', '285b60f6-bfa0-403c-8dc4-0443d7ceee36', 'Bormio 2000');
insert into names (lang, resource_id, content) values ('eng', '2dbc5abf-1d15-4af1-bb61-620fa962e9f5', 'Val di Fassa');
insert into names (lang, resource_id, content) values ('eng', '6e95b14f-834c-468a-95b7-7aa91d626f28', 'Sestriere');
insert into names (lang, resource_id, content) values ('eng', '86144bdd-002e-4173-b796-52022265fe26', 'Cervinia');
insert into names (lang, resource_id, content) values ('eng', '8e2511b8-d203-45d6-ae1b-642c9394fcda', 'Breuil-Cervinia');
insert into names (lang, resource_id, content) values ('eng', 'e471954c-32ac-4508-a86b-901af02fa723', 'Livigno');
insert into names (lang, resource_id, content) values ('eng', 'f467d091-1cc6-4924-8fdd-4ef8431e0a95', 'La Thuile');
insert into names (lang, resource_id, content) values ('fra', '12c63b62-1840-4c7c-a228-c0f2159268f8', 'Selva di Val Gardena');
insert into names (lang, resource_id, content) values ('fra', '269e8b19-c332-4dbc-a939-7e821498e3aa', 'Passo Tonale');
insert into names (lang, resource_id, content) values ('fra', '285b60f6-bfa0-403c-8dc4-0443d7ceee36', 'Madonna di Campiglio');
insert into names (lang, resource_id, content) values ('fra', '38812cdd-dc95-4ced-ab96-b4df8b2c0bd7', 'Gressoney-La-Trinité');
insert into names (lang, resource_id, content) values ('fra', '6e95b14f-834c-468a-95b7-7aa91d626f28', 'Selva di Val Gardena');
insert into names (lang, resource_id, content) values ('fra', '8e2511b8-d203-45d6-ae1b-642c9394fcda', 'San Martino di Castrozza');
insert into names (lang, resource_id, content) values ('fra', '951bb3f2-1005-4496-979e-a5df84e8f075', 'Passo Tonale');
insert into names (lang, resource_id, content) values ('fra', 'd3a3adcf-ce81-44c7-bfe2-15656aa41a89', 'La Thuile');
insert into names (lang, resource_id, content) values ('fra', 'dec47fc2-8b16-47c5-9f75-f72f06161537', 'Val di Fassa');
insert into names (lang, resource_id, content) values ('fra', 'fefb02a5-48a3-4f24-85e5-46e5fe90184b', 'Sestriere');
insert into names (lang, resource_id, content) values ('ita', '2dbc5abf-1d15-4af1-bb61-620fa962e9f5', 'Passo Tonale');
insert into names (lang, resource_id, content) values ('ita', '38812cdd-dc95-4ced-ab96-b4df8b2c0bd7', 'La Thuile');
insert into names (lang, resource_id, content) values ('ita', '945489f7-e284-46e7-a883-f117563a9b70', 'Alta Badia');
insert into names (lang, resource_id, content) values ('ita', 'b5a41312-9856-4f6d-8b63-83106e46b456', 'Arabba');
insert into names (lang, resource_id, content) values ('ita', 'caf50bd5-242e-4818-a4d5-977be1a83d61', 'San Martino di Castrozza');
insert into names (lang, resource_id, content) values ('ita', 'd3a3adcf-ce81-44c7-bfe2-15656aa41a89', 'Alta Badia');
insert into names (lang, resource_id, content) values ('ita', 'e471954c-32ac-4508-a86b-901af02fa723', 'Breuil-Cervinia');
insert into names (lang, resource_id, content) values ('por', '12c63b62-1840-4c7c-a228-c0f2159268f8', 'Bormio 2000');
insert into names (lang, resource_id, content) values ('por', '269e8b19-c332-4dbc-a939-7e821498e3aa', 'Pejo');
insert into names (lang, resource_id, content) values ('por', '3cb15d3d-d441-46eb-abe1-afa18cf63830', 'Val di Fassa');
insert into names (lang, resource_id, content) values ('por', '7ccdb37b-36c3-4839-b716-39fee06daf7a', 'San Martino di Castrozza');
insert into names (lang, resource_id, content) values ('por', '86144bdd-002e-4173-b796-52022265fe26', 'Champoluc');
insert into names (lang, resource_id, content) values ('por', 'e471954c-32ac-4508-a86b-901af02fa723', 'Cortina d''Ampezzo');
insert into names (lang, resource_id, content) values ('spa', '269e8b19-c332-4dbc-a939-7e821498e3aa', 'Livigno');
insert into names (lang, resource_id, content) values ('spa', '284b9108-3134-4163-a992-e137fbd8fdaa', 'Cortina d''Ampezzo');
insert into names (lang, resource_id, content) values ('spa', '3cb15d3d-d441-46eb-abe1-afa18cf63830', 'Bormio 2000');
insert into names (lang, resource_id, content) values ('spa', '945489f7-e284-46e7-a883-f117563a9b70', 'Gressoney-La-Trinité');
insert into names (lang, resource_id, content) values ('spa', '951bb3f2-1005-4496-979e-a5df84e8f075', 'Bormio');
insert into names (lang, resource_id, content) values ('spa', 'b5a41312-9856-4f6d-8b63-83106e46b456', 'Madonna di Campiglio');
insert into names (lang, resource_id, content) values ('spa', 'caf50bd5-242e-4818-a4d5-977be1a83d61', 'Val di Fassa');
insert into names (lang, resource_id, content) values ('spa', 'fefb02a5-48a3-4f24-85e5-46e5fe90184b', 'Val di Fassa');


insert into resource_categories (category_id, resource_id) values ('example:DarkOrange', 'fefb02a5-48a3-4f24-85e5-46e5fe90184b');
insert into resource_categories (category_id, resource_id) values ('example:IndianRed', '945489f7-e284-46e7-a883-f117563a9b70');
insert into resource_categories (category_id, resource_id) values ('example:LemonChiffon', '8e2511b8-d203-45d6-ae1b-642c9394fcda');
insert into resource_categories (category_id, resource_id) values ('example:LightSalmon', '6e95b14f-834c-468a-95b7-7aa91d626f28');
insert into resource_categories (category_id, resource_id) values ('example:LightSalmon', '86144bdd-002e-4173-b796-52022265fe26');
insert into resource_categories (category_id, resource_id) values ('example:Magenta', '8e2511b8-d203-45d6-ae1b-642c9394fcda');
insert into resource_categories (category_id, resource_id) values ('example:MediumAquamarine', '7ccdb37b-36c3-4839-b716-39fee06daf7a');
insert into resource_categories (category_id, resource_id) values ('example:MediumOrchid', '38812cdd-dc95-4ced-ab96-b4df8b2c0bd7');
insert into resource_categories (category_id, resource_id) values ('example:MediumPurple', '2dbc5abf-1d15-4af1-bb61-620fa962e9f5');
insert into resource_categories (category_id, resource_id) values ('example:MediumTurquoise', '6e95b14f-834c-468a-95b7-7aa91d626f28');
insert into resource_categories (category_id, resource_id) values ('example:MediumTurquoise', '7ccdb37b-36c3-4839-b716-39fee06daf7a');
insert into resource_categories (category_id, resource_id) values ('example:MediumTurquoise', '951bb3f2-1005-4496-979e-a5df84e8f075');
insert into resource_categories (category_id, resource_id) values ('example:RebeccaPurple', 'dec47fc2-8b16-47c5-9f75-f72f06161537');
insert into resource_categories (category_id, resource_id) values ('example:Yellow', '6e95b14f-834c-468a-95b7-7aa91d626f28');
insert into resource_categories (category_id, resource_id) values ('example:Yellow', 'fefb02a5-48a3-4f24-85e5-46e5fe90184b');


insert into multimedia_descriptions (media_object_id, resource_id) values ('16bf051e-0a22-4344-a172-60c797d3b54b', '86144bdd-002e-4173-b796-52022265fe26');
insert into multimedia_descriptions (media_object_id, resource_id) values ('33935aa3-84df-4297-8408-f9a2b409eb9f', '86144bdd-002e-4173-b796-52022265fe26');
insert into multimedia_descriptions (media_object_id, resource_id) values ('4c057967-17b0-41ca-b204-a8fc864730bc', 'e471954c-32ac-4508-a86b-901af02fa723');
insert into multimedia_descriptions (media_object_id, resource_id) values ('707148d7-8ec6-400f-8f55-51fb407ff1ff', '38812cdd-dc95-4ced-ab96-b4df8b2c0bd7');
insert into multimedia_descriptions (media_object_id, resource_id) values ('a05ac8dc-831f-46ee-a0a8-82e62c63e60c', 'dec47fc2-8b16-47c5-9f75-f72f06161537');


insert into connections (a_id, b_id) values ('284b9108-3134-4163-a992-e137fbd8fdaa', 'e471954c-32ac-4508-a86b-901af02fa723');
insert into connections (a_id, b_id) values ('3cb15d3d-d441-46eb-abe1-afa18cf63830', '02a05bd8-f299-477e-852b-6b69276dde24');
insert into connections (a_id, b_id) values ('7ccdb37b-36c3-4839-b716-39fee06daf7a', '945489f7-e284-46e7-a883-f117563a9b70');
insert into connections (a_id, b_id) values ('86144bdd-002e-4173-b796-52022265fe26', '671ae232-82af-4524-acb8-aab29b756915');
insert into connections (a_id, b_id) values ('8e2511b8-d203-45d6-ae1b-642c9394fcda', '18c29fdd-e8f6-4815-b54a-b4a52cf76b67');
insert into connections (a_id, b_id) values ('8e2511b8-d203-45d6-ae1b-642c9394fcda', '712d4108-bb3a-4a5d-bb22-fe23e0f7d27d');
insert into connections (a_id, b_id) values ('b5a41312-9856-4f6d-8b63-83106e46b456', '07e87291-4b67-4fba-a7e7-c59c1665a656');
insert into connections (a_id, b_id) values ('b5a41312-9856-4f6d-8b63-83106e46b456', 'fefb02a5-48a3-4f24-85e5-46e5fe90184b');
insert into connections (a_id, b_id) values ('caf50bd5-242e-4818-a4d5-977be1a83d61', 'be3c4a4e-5075-413d-9d3d-e45fc65d87af');
insert into connections (a_id, b_id) values ('d3a3adcf-ce81-44c7-bfe2-15656aa41a89', 'f3659754-d6f7-43d0-833b-1f9feef860b8');



---------------------- INSERT SNOWPARKS ----------------------


insert into resources (id, type, data_provider, created_at, last_update) values ('5e880f40-689c-48ae-80f2-f35bd2eda0c7', 'snowparks', 'https://admin.ch', '2019-06-17T10:59:22Z', '2022-10-18T13:04:01Z');
insert into resources (id, type, data_provider, created_at, last_update) values ('4d0d1b70-604b-42bd-8863-b76ee4485c61', 'snowparks', 'http://china.com.cn', '2017-02-27T23:04:14Z', '2022-05-03T06:01:44Z');
insert into resources (id, type, data_provider, created_at, last_update) values ('50682cab-1772-4cc8-9cdb-b457bf804221', 'snowparks', 'https://devhub.com', '2017-05-09T13:26:09Z', '2022-11-06T18:54:22Z');
insert into resources (id, type, data_provider, created_at, last_update) values ('80e1757b-8d18-4d9b-aa17-5918a7db9faf', 'snowparks', 'http://mit.edu', '2018-12-26T20:44:55Z', '2022-06-06T07:08:14Z');
insert into resources (id, type, data_provider, created_at, last_update) values ('eb559db3-9d30-4ad1-9ff7-30be73722fb5', 'snowparks', 'http://oaic.gov.au', '2018-09-25T20:56:19Z', '2022-12-29T21:26:48Z');
insert into resources (id, type, data_provider, created_at, last_update) values ('b1e79163-a66d-4fb6-a124-19880c72d7a3', 'snowparks', 'http://weather.com', '2019-11-16T05:16:58Z', '2022-08-14T04:31:29Z');
insert into resources (id, type, data_provider, created_at, last_update) values ('bbd43deb-442c-4a58-ace5-906744affaf1', 'snowparks', 'http://printfriendly.com', '2020-06-24T05:50:24Z', '2022-01-25T18:11:46Z');
insert into resources (id, type, data_provider, created_at, last_update) values ('b9184796-61c1-4e7e-86e3-9acaca5285e8', 'snowparks', 'https://examiner.com', '2019-06-25T18:40:09Z', '2022-01-20T01:05:41Z');
insert into resources (id, type, data_provider, created_at, last_update) values ('3925de71-4d76-4883-81af-3c0845608f43', 'snowparks', 'http://epa.gov', '2020-09-26T11:44:25Z', '2022-08-29T18:38:51Z');
insert into resources (id, type, data_provider, created_at, last_update) values ('0cc832e1-e589-4f2d-a0a3-d4f70b0ed6d0', 'snowparks', 'https://cyberchimps.com', '2019-12-29T14:50:22Z', '2022-03-08T13:23:03Z');
insert into resources (id, type, data_provider, created_at, last_update) values ('dc3f2f51-7960-4f28-b1bb-a5dcc1a30bdd', 'snowparks', 'https://bbb.org', '2022-12-02T01:24:51Z', '2022-02-17T21:07:12Z');
insert into resources (id, type, data_provider, created_at, last_update) values ('4126eed1-b190-475e-977c-da140b4f9fc4', 'snowparks', 'https://goo.gl', '2021-11-01T18:46:04Z', '2022-03-01T08:07:55Z');
insert into resources (id, type, data_provider, created_at, last_update) values ('b8b7bd68-2539-47d7-a20c-63bf870b9bd9', 'snowparks', 'http://imgur.com', '2018-06-17T04:37:18Z', '2022-03-28T18:11:47Z');
insert into resources (id, type, data_provider, created_at, last_update) values ('f8c8dbbe-2716-4f6f-a7dd-923935534545', 'snowparks', 'https://paginegialle.it', '2018-08-23T10:55:33Z', '2022-05-12T02:44:53Z');
insert into resources (id, type, data_provider, created_at, last_update) values ('9a46db45-d664-476c-bb77-d483beebbf83', 'snowparks', 'https://ca.gov', '2021-12-29T09:06:20Z', '2022-09-10T20:49:06Z');
insert into resources (id, type, data_provider, created_at, last_update) values ('17ff557e-bbb1-4bde-a88a-9b0be0962a53', 'snowparks', 'https://unicef.org', '2019-03-15T12:35:00Z', '2022-12-08T15:21:00Z');
insert into resources (id, type, data_provider, created_at, last_update) values ('2ad589e0-878e-49f4-aa99-c8d32b81c982', 'snowparks', 'https://symantec.com', '2020-11-22T23:01:23Z', '2022-02-10T02:08:08Z');
insert into resources (id, type, data_provider, created_at, last_update) values ('29e63cc9-8d4c-4088-8f97-36e1d031030c', 'snowparks', 'http://dedecms.com', '2017-11-07T22:23:11Z', '2022-12-08T02:45:34Z');
insert into resources (id, type, data_provider, created_at, last_update) values ('0d550007-de00-4954-a4c3-1455236a62c5', 'snowparks', 'http://yellowbook.com', '2021-11-06T23:25:57Z', '2022-09-20T06:05:44Z');
insert into resources (id, type, data_provider, created_at, last_update) values ('29dc6417-1b08-4cd0-bcb9-acb76f06e531', 'snowparks', 'http://nationalgeographic.com', '2017-04-26T01:51:49Z', '2022-02-18T17:15:07Z');


insert into snowparks (id, difficulty) values ('5e880f40-689c-48ae-80f2-f35bd2eda0c7', 'expert');
insert into snowparks (id, difficulty) values ('4d0d1b70-604b-42bd-8863-b76ee4485c61', 'beginner');
insert into snowparks (id, difficulty) values ('50682cab-1772-4cc8-9cdb-b457bf804221', 'expert');
insert into snowparks (id, difficulty) values ('80e1757b-8d18-4d9b-aa17-5918a7db9faf', 'intermediate');
insert into snowparks (id, difficulty) values ('eb559db3-9d30-4ad1-9ff7-30be73722fb5', 'beginner');
insert into snowparks (id, difficulty) values ('b1e79163-a66d-4fb6-a124-19880c72d7a3', 'expert');
insert into snowparks (id, difficulty) values ('bbd43deb-442c-4a58-ace5-906744affaf1', 'beginner');
insert into snowparks (id, difficulty) values ('b9184796-61c1-4e7e-86e3-9acaca5285e8', null);
insert into snowparks (id, difficulty) values ('3925de71-4d76-4883-81af-3c0845608f43', 'intermediate');
insert into snowparks (id, difficulty) values ('0cc832e1-e589-4f2d-a0a3-d4f70b0ed6d0', null);
insert into snowparks (id, difficulty) values ('dc3f2f51-7960-4f28-b1bb-a5dcc1a30bdd', 'intermediate');
insert into snowparks (id, difficulty) values ('4126eed1-b190-475e-977c-da140b4f9fc4', null);
insert into snowparks (id, difficulty) values ('b8b7bd68-2539-47d7-a20c-63bf870b9bd9', 'beginner');
insert into snowparks (id, difficulty) values ('f8c8dbbe-2716-4f6f-a7dd-923935534545', null);
insert into snowparks (id, difficulty) values ('9a46db45-d664-476c-bb77-d483beebbf83', 'advanced');
insert into snowparks (id, difficulty) values ('17ff557e-bbb1-4bde-a88a-9b0be0962a53', null);
insert into snowparks (id, difficulty) values ('2ad589e0-878e-49f4-aa99-c8d32b81c982', null);
insert into snowparks (id, difficulty) values ('29e63cc9-8d4c-4088-8f97-36e1d031030c', 'advanced');
insert into snowparks (id, difficulty) values ('0d550007-de00-4954-a4c3-1455236a62c5', 'intermediate');
insert into snowparks (id, difficulty) values ('29dc6417-1b08-4cd0-bcb9-acb76f06e531', 'advanced');


insert into places (id, geometries, length, max_altitude, min_altitude) values ('5e880f40-689c-48ae-80f2-f35bd2eda0c7', null, null, null, null);
insert into places (id, geometries, length, max_altitude, min_altitude) values ('4d0d1b70-604b-42bd-8863-b76ee4485c61', '[{ "type": "Polygon", "coordinates": [ [ [11.92385052056352, 46.86186868963833], [11.92385052056352, 46.81982140912666], [11.98730361643294, 46.81982140912666], [11.98730361643294, 46.86186868963833], [11.92385052056352, 46.86186868963833] ] ] }]', 731, 2975, 694);
insert into places (id, geometries, length, max_altitude, min_altitude) values ('50682cab-1772-4cc8-9cdb-b457bf804221', null, null, null, null);
insert into places (id, geometries, length, max_altitude, min_altitude) values ('80e1757b-8d18-4d9b-aa17-5918a7db9faf', '[{ "type": "Polygon", "coordinates": [ [ [11.657149226985553, 46.75668878518681], [11.657149226985553, 46.68055980548792], [11.748363052298117, 46.68055980548792], [11.748363052298117, 46.75668878518681], [11.657149226985553, 46.75668878518681] ] ] }]', 852, 2512, 973);
insert into places (id, geometries, length, max_altitude, min_altitude) values ('eb559db3-9d30-4ad1-9ff7-30be73722fb5', '[{ "type": "Polygon", "coordinates": [ [ [11.705730503511262, 46.600917491068344], [11.705730503511262, 46.49454535777912], [11.81677342128296, 46.49454535777912], [11.81677342128296, 46.600917491068344], [11.705730503511262, 46.600917491068344] ] ] }]', 841, 2449, 543);
insert into places (id, geometries, length, max_altitude, min_altitude) values ('b1e79163-a66d-4fb6-a124-19880c72d7a3', '[{ "type": "Polygon", "coordinates": [ [ [11.373593204817041, 46.9363877276096], [11.373593204817041, 46.85169897801089], [11.511405397409305, 46.85169897801089], [11.511405397409305, 46.9363877276096], [11.373593204817041, 46.9363877276096] ] ] }]', 1266, 2626, 533);
insert into places (id, geometries, length, max_altitude, min_altitude) values ('bbd43deb-442c-4a58-ace5-906744affaf1', '[{ "type": "Polygon", "coordinates": [ [ [11.048396088484196, 46.72951219406761], [11.048396088484196, 46.654705925442585], [11.180259553339283, 46.654705925442585], [11.180259553339283, 46.72951219406761], [11.048396088484196, 46.72951219406761] ] ] }]', 615, 2160, 1394);
insert into places (id, geometries, length, max_altitude, min_altitude) values ('b9184796-61c1-4e7e-86e3-9acaca5285e8', null, null, null, null);
insert into places (id, geometries, length, max_altitude, min_altitude) values ('3925de71-4d76-4883-81af-3c0845608f43', null, null, null, null);
insert into places (id, geometries, length, max_altitude, min_altitude) values ('0cc832e1-e589-4f2d-a0a3-d4f70b0ed6d0', '[{ "type": "Polygon", "coordinates": [ [ [11.156464642388158, 46.762122459477666], [11.156464642388158, 46.67035580374224], [11.266516105537278, 46.67035580374224], [11.266516105537278, 46.762122459477666], [11.156464642388158, 46.762122459477666] ] ] }]', 336, 2935, 1008);
insert into places (id, geometries, length, max_altitude, min_altitude) values ('dc3f2f51-7960-4f28-b1bb-a5dcc1a30bdd', '[{ "type": "Polygon", "coordinates": [ [ [11.056327725468208, 46.65334485236616], [11.056327725468208, 46.60500456422437], [11.25759301392992, 46.60500456422437], [11.25759301392992, 46.65334485236616], [11.056327725468208, 46.65334485236616] ] ] }]', 520, 2260, 1153);
insert into places (id, geometries, length, max_altitude, min_altitude) values ('4126eed1-b190-475e-977c-da140b4f9fc4', '[{ "type": "Polygon", "coordinates": [ [ [10.98727860284464, 46.063940714579445], [10.98727860284464, 45.97512694328398], [11.095347156747778, 45.97512694328398], [11.095347156747778, 46.063940714579445], [10.98727860284464, 46.063940714579445] ] ] }]', 201, 2366, 1635);
insert into places (id, geometries, length, max_altitude, min_altitude) values ('b8b7bd68-2539-47d7-a20c-63bf870b9bd9', null, null, null, null);
insert into places (id, geometries, length, max_altitude, min_altitude) values ('f8c8dbbe-2716-4f6f-a7dd-923935534545', null, null, null, null);
insert into places (id, geometries, length, max_altitude, min_altitude) values ('9a46db45-d664-476c-bb77-d483beebbf83', null, null, null, null);
insert into places (id, geometries, length, max_altitude, min_altitude) values ('17ff557e-bbb1-4bde-a88a-9b0be0962a53', '[{ "type": "Polygon", "coordinates": [ [ [11.323381720030028, 46.11894735756957], [11.323381720030028, 46.04329907950279], [11.410629726850601, 46.04329907950279], [11.410629726850601, 46.11894735756957], [11.323381720030028, 46.11894735756957] ] ] }]', 150, 2207, 1260);
insert into places (id, geometries, length, max_altitude, min_altitude) values ('2ad589e0-878e-49f4-aa99-c8d32b81c982', '[{ "type": "Polygon", "coordinates": [ [ [11.471359640073757, 46.38562219878594], [11.471359640073757, 46.278143253357484], [11.598265831813478, 46.278143253357484], [11.598265831813478, 46.38562219878594], [11.471359640073757, 46.38562219878594] ] ] }]', 648, 2131, 527);
insert into places (id, geometries, length, max_altitude, min_altitude) values ('29e63cc9-8d4c-4088-8f97-36e1d031030c', null, null, null, null);
insert into places (id, geometries, length, max_altitude, min_altitude) values ('0d550007-de00-4954-a4c3-1455236a62c5', '[{ "type": "Polygon", "coordinates": [ [ [10.662207047539766, 46.727066544814846], [10.662207047539766, 46.639324723578085], [10.853557789772339, 46.639324723578085], [10.853557789772339, 46.727066544814846], [10.662207047539766, 46.727066544814846] ] ] }]', 109, 2045, 1448);
insert into places (id, geometries, length, max_altitude, min_altitude) values ('29dc6417-1b08-4cd0-bcb9-acb76f06e531', '[{ "type": "Polygon", "coordinates": [ [ [10.889877083457378, 46.581175563443395], [10.889877083457378, 46.534816974949706], [11.065364551721927, 46.534816974949706], [11.065364551721927, 46.581175563443395], [10.889877083457378, 46.581175563443395] ] ] }]', 1076, 2493, 646);


insert into snow_conditions (id, base_snow, base_snow_range_lower, base_snow_range_upper, groomed, latest_storm, obtained_in, primary_surface, secondary_surface, snow_making, snow_over_night) values ('0cc832e1-e589-4f2d-a0a3-d4f70b0ed6d0', 68, 45, 32, null, null, '11/13/2022', 'windblown', 'wet-packed', null, 4);
insert into snow_conditions (id, base_snow, base_snow_range_lower, base_snow_range_upper, groomed, latest_storm, obtained_in, primary_surface, secondary_surface, snow_making, snow_over_night) values ('3925de71-4d76-4883-81af-3c0845608f43', 60, null, null, true, null, null, 'hard-pack', null, true, null);
insert into snow_conditions (id, base_snow, base_snow_range_lower, base_snow_range_upper, groomed, latest_storm, obtained_in, primary_surface, secondary_surface, snow_making, snow_over_night) values ('4d0d1b70-604b-42bd-8863-b76ee4485c61', 50, null, null, null, null, '1/3/2023', 'windblown', null, null, null);
insert into snow_conditions (id, base_snow, base_snow_range_lower, base_snow_range_upper, groomed, latest_storm, obtained_in, primary_surface, secondary_surface, snow_making, snow_over_night) values ('50682cab-1772-4cc8-9cdb-b457bf804221', 65, 23, 32, null, 12, '10/12/2022', 'spring-conditions', null, null, null);
insert into snow_conditions (id, base_snow, base_snow_range_lower, base_snow_range_upper, groomed, latest_storm, obtained_in, primary_surface, secondary_surface, snow_making, snow_over_night) values ('5e880f40-689c-48ae-80f2-f35bd2eda0c7', 66, 25, 29, null, null, null, 'corn-snow', null, null, null);
insert into snow_conditions (id, base_snow, base_snow_range_lower, base_snow_range_upper, groomed, latest_storm, obtained_in, primary_surface, secondary_surface, snow_making, snow_over_night) values ('80e1757b-8d18-4d9b-aa17-5918a7db9faf', 68, 22, 28, false, 18, '12/30/2022', 'packed-powder', null, false, null);
insert into snow_conditions (id, base_snow, base_snow_range_lower, base_snow_range_upper, groomed, latest_storm, obtained_in, primary_surface, secondary_surface, snow_making, snow_over_night) values ('b1e79163-a66d-4fb6-a124-19880c72d7a3', 51, 38, 25, null, 16, '11/21/2022', 'packed-powder', null, null, null);
insert into snow_conditions (id, base_snow, base_snow_range_lower, base_snow_range_upper, groomed, latest_storm, obtained_in, primary_surface, secondary_surface, snow_making, snow_over_night) values ('b9184796-61c1-4e7e-86e3-9acaca5285e8', 62, 51, 27, false, 15, null, 'wet-snow', 'wet-packed', true, 10);
insert into snow_conditions (id, base_snow, base_snow_range_lower, base_snow_range_upper, groomed, latest_storm, obtained_in, primary_surface, secondary_surface, snow_making, snow_over_night) values ('bbd43deb-442c-4a58-ace5-906744affaf1', 70, 23, 20, null, null, '1/10/2023', 'packed-powder', null, null, null);
insert into snow_conditions (id, base_snow, base_snow_range_lower, base_snow_range_upper, groomed, latest_storm, obtained_in, primary_surface, secondary_surface, snow_making, snow_over_night) values ('eb559db3-9d30-4ad1-9ff7-30be73722fb5', 64, 28, 31, null, 19, '12/7/2022', 'powder', null, null, null);


insert into names (lang, resource_id, content) values ('deu', '0cc832e1-e589-4f2d-a0a3-d4f70b0ed6d0', 'Sestriere Park');
insert into names (lang, resource_id, content) values ('deu', '2ad589e0-878e-49f4-aa99-c8d32b81c982', 'San Martino di Castrozza Park');
insert into names (lang, resource_id, content) values ('deu', '3925de71-4d76-4883-81af-3c0845608f43', 'Sestriere Park');
insert into names (lang, resource_id, content) values ('deu', '4d0d1b70-604b-42bd-8863-b76ee4485c61', 'La Thuile Park');
insert into names (lang, resource_id, content) values ('deu', '50682cab-1772-4cc8-9cdb-b457bf804221', 'Passo Tonale Park');
insert into names (lang, resource_id, content) values ('deu', '80e1757b-8d18-4d9b-aa17-5918a7db9faf', 'Gressoney-La-Trinité Park');
insert into names (lang, resource_id, content) values ('deu', '9a46db45-d664-476c-bb77-d483beebbf83', 'Alta Badia Park');
insert into names (lang, resource_id, content) values ('deu', 'b1e79163-a66d-4fb6-a124-19880c72d7a3', 'Pejo Park');
insert into names (lang, resource_id, content) values ('deu', 'b9184796-61c1-4e7e-86e3-9acaca5285e8', 'San Martino di Castrozza Park');
insert into names (lang, resource_id, content) values ('eng', '0d550007-de00-4954-a4c3-1455236a62c5', 'Sestriere Park');
insert into names (lang, resource_id, content) values ('eng', '29dc6417-1b08-4cd0-bcb9-acb76f06e531', 'Cervinia Park');
insert into names (lang, resource_id, content) values ('eng', '29e63cc9-8d4c-4088-8f97-36e1d031030c', 'La Thuile Park');
insert into names (lang, resource_id, content) values ('eng', '2ad589e0-878e-49f4-aa99-c8d32b81c982', 'Bormio 2000 Park');
insert into names (lang, resource_id, content) values ('eng', '3925de71-4d76-4883-81af-3c0845608f43', 'Bormio 2000 Park');
insert into names (lang, resource_id, content) values ('eng', 'bbd43deb-442c-4a58-ace5-906744affaf1', 'Madonna di Campiglio Park');
insert into names (lang, resource_id, content) values ('fra', '0cc832e1-e589-4f2d-a0a3-d4f70b0ed6d0', 'Sestriere Park');
insert into names (lang, resource_id, content) values ('fra', '0d550007-de00-4954-a4c3-1455236a62c5', 'Pejo Park');
insert into names (lang, resource_id, content) values ('fra', '17ff557e-bbb1-4bde-a88a-9b0be0962a53', 'Selva di Val Gardena Park');
insert into names (lang, resource_id, content) values ('fra', '29dc6417-1b08-4cd0-bcb9-acb76f06e531', 'La Thuile Park');
insert into names (lang, resource_id, content) values ('fra', '29e63cc9-8d4c-4088-8f97-36e1d031030c', 'Arabba Park');
insert into names (lang, resource_id, content) values ('fra', '3925de71-4d76-4883-81af-3c0845608f43', 'Bormio 2000 Park');
insert into names (lang, resource_id, content) values ('fra', '4126eed1-b190-475e-977c-da140b4f9fc4', 'Cervinia Park');
insert into names (lang, resource_id, content) values ('fra', '50682cab-1772-4cc8-9cdb-b457bf804221', 'Passo Tonale Park');
insert into names (lang, resource_id, content) values ('fra', '5e880f40-689c-48ae-80f2-f35bd2eda0c7', 'Arabba Park');
insert into names (lang, resource_id, content) values ('fra', 'b8b7bd68-2539-47d7-a20c-63bf870b9bd9', 'Sestriere Park');
insert into names (lang, resource_id, content) values ('fra', 'b9184796-61c1-4e7e-86e3-9acaca5285e8', 'Pejo Park');
insert into names (lang, resource_id, content) values ('fra', 'dc3f2f51-7960-4f28-b1bb-a5dcc1a30bdd', 'Passo Tonale Park');
insert into names (lang, resource_id, content) values ('fra', 'eb559db3-9d30-4ad1-9ff7-30be73722fb5', 'Gressoney-La-Trinité Park');
insert into names (lang, resource_id, content) values ('ita', '17ff557e-bbb1-4bde-a88a-9b0be0962a53', 'Val di Fassa Park');
insert into names (lang, resource_id, content) values ('ita', '29e63cc9-8d4c-4088-8f97-36e1d031030c', 'Livigno Park');
insert into names (lang, resource_id, content) values ('ita', '4126eed1-b190-475e-977c-da140b4f9fc4', 'Cervinia Park');
insert into names (lang, resource_id, content) values ('ita', '4d0d1b70-604b-42bd-8863-b76ee4485c61', 'Cervinia Park');
insert into names (lang, resource_id, content) values ('ita', '9a46db45-d664-476c-bb77-d483beebbf83', 'Cervinia Park');
insert into names (lang, resource_id, content) values ('ita', 'b8b7bd68-2539-47d7-a20c-63bf870b9bd9', 'San Martino di Castrozza Park');
insert into names (lang, resource_id, content) values ('ita', 'eb559db3-9d30-4ad1-9ff7-30be73722fb5', 'Arabba Park');
insert into names (lang, resource_id, content) values ('por', '29dc6417-1b08-4cd0-bcb9-acb76f06e531', 'Cervinia Park');
insert into names (lang, resource_id, content) values ('por', '50682cab-1772-4cc8-9cdb-b457bf804221', 'Cortina d''Ampezzo Park');
insert into names (lang, resource_id, content) values ('por', '80e1757b-8d18-4d9b-aa17-5918a7db9faf', 'Arabba Park');
insert into names (lang, resource_id, content) values ('por', '9a46db45-d664-476c-bb77-d483beebbf83', 'Cervinia Park');
insert into names (lang, resource_id, content) values ('por', 'b1e79163-a66d-4fb6-a124-19880c72d7a3', 'Val di Fassa Park');
insert into names (lang, resource_id, content) values ('por', 'b8b7bd68-2539-47d7-a20c-63bf870b9bd9', 'Breuil-Cervinia Park');
insert into names (lang, resource_id, content) values ('por', 'b9184796-61c1-4e7e-86e3-9acaca5285e8', 'Gressoney-La-Trinité Park');
insert into names (lang, resource_id, content) values ('por', 'bbd43deb-442c-4a58-ace5-906744affaf1', 'Gressoney-La-Trinité Park');
insert into names (lang, resource_id, content) values ('por', 'dc3f2f51-7960-4f28-b1bb-a5dcc1a30bdd', 'Pejo Park');
insert into names (lang, resource_id, content) values ('spa', '0cc832e1-e589-4f2d-a0a3-d4f70b0ed6d0', 'Courmayeur Park');
insert into names (lang, resource_id, content) values ('spa', '0d550007-de00-4954-a4c3-1455236a62c5', 'Arabba Park');
insert into names (lang, resource_id, content) values ('spa', '17ff557e-bbb1-4bde-a88a-9b0be0962a53', 'Breuil-Cervinia Park');
insert into names (lang, resource_id, content) values ('spa', '2ad589e0-878e-49f4-aa99-c8d32b81c982', 'Gressoney-La-Trinité Park');
insert into names (lang, resource_id, content) values ('spa', '4126eed1-b190-475e-977c-da140b4f9fc4', 'Passo Tonale Park');
insert into names (lang, resource_id, content) values ('spa', '5e880f40-689c-48ae-80f2-f35bd2eda0c7', 'Sestriere Park');
insert into names (lang, resource_id, content) values ('spa', 'eb559db3-9d30-4ad1-9ff7-30be73722fb5', 'Pejo Park');
insert into names (lang, resource_id, content) values ('spa', 'f8c8dbbe-2716-4f6f-a7dd-923935534545', 'Selva di Val Gardena Park');



insert into resource_categories (category_id, resource_id) values ('example:Coral', '0d550007-de00-4954-a4c3-1455236a62c5');
insert into resource_categories (category_id, resource_id) values ('example:Fuchsia', '17ff557e-bbb1-4bde-a88a-9b0be0962a53');
insert into resource_categories (category_id, resource_id) values ('example:Fuchsia', '29dc6417-1b08-4cd0-bcb9-acb76f06e531');
insert into resource_categories (category_id, resource_id) values ('example:Gold', 'eb559db3-9d30-4ad1-9ff7-30be73722fb5');
insert into resource_categories (category_id, resource_id) values ('example:LemonChiffon', 'b8b7bd68-2539-47d7-a20c-63bf870b9bd9');
insert into resource_categories (category_id, resource_id) values ('example:LightYellow', 'b1e79163-a66d-4fb6-a124-19880c72d7a3');
insert into resource_categories (category_id, resource_id) values ('example:MediumOrchid', '17ff557e-bbb1-4bde-a88a-9b0be0962a53');
insert into resource_categories (category_id, resource_id) values ('example:MediumOrchid', 'b8b7bd68-2539-47d7-a20c-63bf870b9bd9');
insert into resource_categories (category_id, resource_id) values ('example:MediumTurquoise', '17ff557e-bbb1-4bde-a88a-9b0be0962a53');
insert into resource_categories (category_id, resource_id) values ('example:OrangeRed', '17ff557e-bbb1-4bde-a88a-9b0be0962a53');
insert into resource_categories (category_id, resource_id) values ('example:OrangeRed', '3925de71-4d76-4883-81af-3c0845608f43');
insert into resource_categories (category_id, resource_id) values ('example:OrangeRed', '4126eed1-b190-475e-977c-da140b4f9fc4');
insert into resource_categories (category_id, resource_id) values ('example:Orchid', '29dc6417-1b08-4cd0-bcb9-acb76f06e531');
insert into resource_categories (category_id, resource_id) values ('example:Orchid', '3925de71-4d76-4883-81af-3c0845608f43');
insert into resource_categories (category_id, resource_id) values ('example:Yellow', 'bbd43deb-442c-4a58-ace5-906744affaf1');

insert into multimedia_descriptions (resource_id, media_object_id) values ('0d550007-de00-4954-a4c3-1455236a62c5', '9239fb0e-291a-46a1-9afb-298f0837ff1b');
insert into multimedia_descriptions (resource_id, media_object_id) values ('17ff557e-bbb1-4bde-a88a-9b0be0962a53', '38771778-0835-43a6-90fd-584b016d5a58');
insert into multimedia_descriptions (resource_id, media_object_id) values ('29dc6417-1b08-4cd0-bcb9-acb76f06e531', '0ebb76a3-debb-42bd-96bd-a742f14047a3');
insert into multimedia_descriptions (resource_id, media_object_id) values ('29e63cc9-8d4c-4088-8f97-36e1d031030c', '8d5c8f13-08ec-43b2-9eca-81ad0b2f1e8f');
insert into multimedia_descriptions (resource_id, media_object_id) values ('5e880f40-689c-48ae-80f2-f35bd2eda0c7', '707148d7-8ec6-400f-8f55-51fb407ff1ff');
insert into multimedia_descriptions (resource_id, media_object_id) values ('80e1757b-8d18-4d9b-aa17-5918a7db9faf', '075e240e-239a-488e-815c-b3dd927096e3');
insert into multimedia_descriptions (resource_id, media_object_id) values ('b9184796-61c1-4e7e-86e3-9acaca5285e8', 'bcb873b2-0a60-4b46-babf-2db9050eda88');


insert into connections (a_id, b_id) values ('0cc832e1-e589-4f2d-a0a3-d4f70b0ed6d0', 'd3a3adcf-ce81-44c7-bfe2-15656aa41a89');
insert into connections (a_id, b_id) values ('17ff557e-bbb1-4bde-a88a-9b0be0962a53', '17ff557e-bbb1-4bde-a88a-9b0be0962a53');
insert into connections (a_id, b_id) values ('2ad589e0-878e-49f4-aa99-c8d32b81c982', '285b60f6-bfa0-403c-8dc4-0443d7ceee36');
insert into connections (a_id, b_id) values ('2ad589e0-878e-49f4-aa99-c8d32b81c982', '6e95b14f-834c-468a-95b7-7aa91d626f28');
insert into connections (a_id, b_id) values ('4126eed1-b190-475e-977c-da140b4f9fc4', 'b1e79163-a66d-4fb6-a124-19880c72d7a3');
insert into connections (a_id, b_id) values ('4d0d1b70-604b-42bd-8863-b76ee4485c61', '7dc3571f-88af-4c15-a32c-53fc5986b234');
insert into connections (a_id, b_id) values ('4d0d1b70-604b-42bd-8863-b76ee4485c61', 'caf50bd5-242e-4818-a4d5-977be1a83d61');
insert into connections (a_id, b_id) values ('50682cab-1772-4cc8-9cdb-b457bf804221', '2d6072bc-b757-4c34-a4ac-c0b0872b9d08');
insert into connections (a_id, b_id) values ('50682cab-1772-4cc8-9cdb-b457bf804221', 'f467d091-1cc6-4924-8fdd-4ef8431e0a95');
insert into connections (a_id, b_id) values ('9a46db45-d664-476c-bb77-d483beebbf83', '2d6072bc-b757-4c34-a4ac-c0b0872b9d08');
insert into connections (a_id, b_id) values ('b9184796-61c1-4e7e-86e3-9acaca5285e8', '29dc6417-1b08-4cd0-bcb9-acb76f06e531');
insert into connections (a_id, b_id) values ('b9184796-61c1-4e7e-86e3-9acaca5285e8', '7dc3571f-88af-4c15-a32c-53fc5986b234');
insert into connections (a_id, b_id) values ('b9184796-61c1-4e7e-86e3-9acaca5285e8', 'da08bc14-5da0-4bd6-845e-caff02d6984e');
insert into connections (a_id, b_id) values ('bbd43deb-442c-4a58-ace5-906744affaf1', '3cb15d3d-d441-46eb-abe1-afa18cf63830');
insert into connections (a_id, b_id) values ('f8c8dbbe-2716-4f6f-a7dd-923935534545', '945489f7-e284-46e7-a883-f117563a9b70');



---------------------- INSERT MOUNTAIN AREAS ----------------------


insert into resources (id, type, data_provider, created_at, last_update) values ('85054aeb-c397-4c4c-9c6e-aa403509f794', 'mountainAreas', 'http://meetup.com', '2020-01-23T05:43:41Z', '2022-05-02T12:34:13Z');
insert into resources (id, type, data_provider, created_at, last_update) values ('5cb4c06d-1411-45f0-b0a4-ec10787eb946', 'mountainAreas', 'https://phoca.cz', '2019-10-15T20:05:51Z', '2022-09-02T17:12:45Z');
insert into resources (id, type, data_provider, created_at, last_update) values ('0a4bdd16-fdb4-49e0-a887-ce39cb846454', 'mountainAreas', 'http://clickbank.net', '2020-04-16T07:33:08Z', '2022-08-24T02:05:08Z');
insert into resources (id, type, data_provider, created_at, last_update) values ('c852ed89-a14b-475d-82e5-2767b4bd1b05', 'mountainAreas', 'https://huffingtonpost.com', '2021-08-17T17:49:41Z', '2022-03-10T19:26:24Z');
insert into resources (id, type, data_provider, created_at, last_update) values ('ef1e36aa-8c75-4a7b-84b5-0e513b8fb35b', 'mountainAreas', 'https://rambler.ru', '2022-03-13T03:30:48Z', '2022-08-18T04:42:25Z');
insert into resources (id, type, data_provider, created_at, last_update) values ('22d61385-54e1-49de-9c45-1f1ce89b9f06', 'mountainAreas', 'http://vistaprint.com', '2021-07-11T04:22:06Z', '2022-11-16T08:49:24Z');
insert into resources (id, type, data_provider, created_at, last_update) values ('e741da11-9721-41dd-b3f3-fa6ef0cd72b8', 'mountainAreas', 'https://alexa.com', '2019-10-02T08:02:00Z', '2022-03-17T23:08:50Z');
insert into resources (id, type, data_provider, created_at, last_update) values ('604b4923-0272-48c0-afba-1a5d0ac1781e', 'mountainAreas', 'http://cbslocal.com', '2017-09-19T19:10:18Z', '2022-04-21T23:00:24Z');
insert into resources (id, type, data_provider, created_at, last_update) values ('2f7e4108-56cb-47a0-8fe7-468f853fe473', 'mountainAreas', 'http://ucoz.ru', '2020-03-22T05:54:00Z', '2022-06-27T14:00:56Z');
insert into resources (id, type, data_provider, created_at, last_update) values ('fdb258f5-ffbf-47ff-93ba-db6796d9283e', 'mountainAreas', 'https://mashable.com', '2019-08-01T04:11:59Z', '2022-09-08T07:07:43Z');
insert into resources (id, type, data_provider, created_at, last_update) values ('2a049a5a-acfc-475a-b53c-15a22aaac394', 'mountainAreas', 'http://economist.com', '2022-07-25T12:48:57Z', '2022-07-09T17:31:04Z');
insert into resources (id, type, data_provider, created_at, last_update) values ('235f5757-0040-4672-a216-2a2b36f185c4', 'mountainAreas', 'https://ocn.ne.jp', '2019-06-22T02:20:41Z', '2022-04-24T12:04:30Z');
insert into resources (id, type, data_provider, created_at, last_update) values ('bd2d11c0-ea84-4a0e-8089-ae4906b8b538', 'mountainAreas', 'http://sciencedaily.com', '2022-09-02T16:43:52Z', '2022-07-06T23:16:05Z');
insert into resources (id, type, data_provider, created_at, last_update) values ('abb73862-0b8d-458f-a52e-019f0a894b2d', 'mountainAreas', 'https://microsoft.com', '2017-04-19T23:01:51Z', '2022-02-03T16:35:20Z');
insert into resources (id, type, data_provider, created_at, last_update) values ('96f2782f-aa31-47b8-ab58-ada44843af88', 'mountainAreas', 'https://omniture.com', '2017-03-16T11:41:36Z', '2023-01-07T21:09:10Z');
insert into resources (id, type, data_provider, created_at, last_update) values ('0fef0d41-7379-493c-82dc-c731ca8b8226', 'mountainAreas', 'https://webs.com', '2021-09-19T04:41:04Z', '2022-11-11T13:24:04Z');
insert into resources (id, type, data_provider, created_at, last_update) values ('da8f9025-19d3-4e88-9dd3-383ffc7d85aa', 'mountainAreas', 'http://pinterest.com', '2018-09-18T00:09:12Z', '2022-02-09T09:37:01Z');
insert into resources (id, type, data_provider, created_at, last_update) values ('039fe2ef-9cf9-4d67-a53e-a038e02881af', 'mountainAreas', 'https://webs.com', '2017-03-02T14:45:36Z', '2022-04-11T03:16:08Z');
insert into resources (id, type, data_provider, created_at, last_update) values ('02107a77-3127-43b6-81db-043c1033eae4', 'mountainAreas', 'https://google.it', '2022-11-21T23:27:27Z', '2022-03-24T20:17:23Z');
insert into resources (id, type, data_provider, created_at, last_update) values ('986c3910-cc46-4c0f-b525-5c9deafb9979', 'mountainAreas', 'https://msn.com', '2021-11-20T22:56:10Z', '2022-09-29T00:04:45Z');


insert into mountain_areas (id, area_owner_id, area, total_park_area, total_slope_length) values ('85054aeb-c397-4c4c-9c6e-aa403509f794', '06637587-c9ee-43a8-b627-c2e20d7cc056', null, null, null);
insert into mountain_areas (id, area_owner_id, area, total_park_area, total_slope_length) values ('5cb4c06d-1411-45f0-b0a4-ec10787eb946', '5735e9a1-cc28-4824-b392-cedde26746fa', 58180234, 42822074, 24771);
insert into mountain_areas (id, area_owner_id, area, total_park_area, total_slope_length) values ('0a4bdd16-fdb4-49e0-a887-ce39cb846454', '01e075ae-b1ef-405b-b8f0-a9902e4d523b', null, null, null);
insert into mountain_areas (id, area_owner_id, area, total_park_area, total_slope_length) values ('c852ed89-a14b-475d-82e5-2767b4bd1b05', '01e075ae-b1ef-405b-b8f0-a9902e4d523b', null, null, null);
insert into mountain_areas (id, area_owner_id, area, total_park_area, total_slope_length) values ('ef1e36aa-8c75-4a7b-84b5-0e513b8fb35b', '38f4eb9c-8d00-4944-96c4-96f81bb1fc09', 64157006, 82549314, 27933);
insert into mountain_areas (id, area_owner_id, area, total_park_area, total_slope_length) values ('22d61385-54e1-49de-9c45-1f1ce89b9f06', '171d0947-7f17-4cd4-8a10-ac8969d640c4', 21097584, 35720743, 13518);
insert into mountain_areas (id, area_owner_id, area, total_park_area, total_slope_length) values ('e741da11-9721-41dd-b3f3-fa6ef0cd72b8', '06637587-c9ee-43a8-b627-c2e20d7cc056', 47854633, 23364394, 6606);
insert into mountain_areas (id, area_owner_id, area, total_park_area, total_slope_length) values ('604b4923-0272-48c0-afba-1a5d0ac1781e', 'a46e4b22-15a6-40cf-87ab-16d5ad7a0940', null, null, null);
insert into mountain_areas (id, area_owner_id, area, total_park_area, total_slope_length) values ('2f7e4108-56cb-47a0-8fe7-468f853fe473', '71f05b57-47a4-417e-ad81-f11364798073', 5821680, 26192149, 19269);
insert into mountain_areas (id, area_owner_id, area, total_park_area, total_slope_length) values ('fdb258f5-ffbf-47ff-93ba-db6796d9283e', 'a46e4b22-15a6-40cf-87ab-16d5ad7a0940', null, null, null);
insert into mountain_areas (id, area_owner_id, area, total_park_area, total_slope_length) values ('2a049a5a-acfc-475a-b53c-15a22aaac394', '06637587-c9ee-43a8-b627-c2e20d7cc056', null, null, null);
insert into mountain_areas (id, area_owner_id, area, total_park_area, total_slope_length) values ('235f5757-0040-4672-a216-2a2b36f185c4', '5735e9a1-cc28-4824-b392-cedde26746fa', 90373882, 42355944, 18387);
insert into mountain_areas (id, area_owner_id, area, total_park_area, total_slope_length) values ('bd2d11c0-ea84-4a0e-8089-ae4906b8b538', 'f868d2cc-7c69-439f-a3e5-cf667d07f016', 12192011, 22821538, 25774);
insert into mountain_areas (id, area_owner_id, area, total_park_area, total_slope_length) values ('abb73862-0b8d-458f-a52e-019f0a894b2d', '5735e9a1-cc28-4824-b392-cedde26746fa', null, null, null);
insert into mountain_areas (id, area_owner_id, area, total_park_area, total_slope_length) values ('96f2782f-aa31-47b8-ab58-ada44843af88', 'd8e65393-cb32-4f57-9c3c-0f095eec8e5d', null, null, null);
insert into mountain_areas (id, area_owner_id, area, total_park_area, total_slope_length) values ('0fef0d41-7379-493c-82dc-c731ca8b8226', '95166a13-1d79-4b6b-a57c-394976069182', 86885984, 85454458, 20169);
insert into mountain_areas (id, area_owner_id, area, total_park_area, total_slope_length) values ('da8f9025-19d3-4e88-9dd3-383ffc7d85aa', '5735e9a1-cc28-4824-b392-cedde26746fa', null, null, null);
insert into mountain_areas (id, area_owner_id, area, total_park_area, total_slope_length) values ('039fe2ef-9cf9-4d67-a53e-a038e02881af', '41891148-1713-46dc-9fdf-699194650a5a', 55409341, 81277085, 5490);
insert into mountain_areas (id, area_owner_id, area, total_park_area, total_slope_length) values ('02107a77-3127-43b6-81db-043c1033eae4', '95166a13-1d79-4b6b-a57c-394976069182', 19003757, 46142103, 10415);
insert into mountain_areas (id, area_owner_id, area, total_park_area, total_slope_length) values ('986c3910-cc46-4c0f-b525-5c9deafb9979', 'd48a2076-4c28-4100-af9c-ecb7a47b053b', null, null, null);


insert into places (id, max_altitude, min_altitude) values ('85054aeb-c397-4c4c-9c6e-aa403509f794', null, null);
insert into places (id, max_altitude, min_altitude) values ('5cb4c06d-1411-45f0-b0a4-ec10787eb946', null, null);
insert into places (id, max_altitude, min_altitude) values ('0a4bdd16-fdb4-49e0-a887-ce39cb846454', null, null);
insert into places (id, max_altitude, min_altitude) values ('c852ed89-a14b-475d-82e5-2767b4bd1b05', null, null);
insert into places (id, max_altitude, min_altitude) values ('ef1e36aa-8c75-4a7b-84b5-0e513b8fb35b', null, null);
insert into places (id, max_altitude, min_altitude) values ('22d61385-54e1-49de-9c45-1f1ce89b9f06', 2198, 574);
insert into places (id, max_altitude, min_altitude) values ('e741da11-9721-41dd-b3f3-fa6ef0cd72b8', 2487, 981);
insert into places (id, max_altitude, min_altitude) values ('604b4923-0272-48c0-afba-1a5d0ac1781e', null, null);
insert into places (id, max_altitude, min_altitude) values ('2f7e4108-56cb-47a0-8fe7-468f853fe473', null, null);
insert into places (id, max_altitude, min_altitude) values ('fdb258f5-ffbf-47ff-93ba-db6796d9283e', 2432, 952);
insert into places (id, max_altitude, min_altitude) values ('2a049a5a-acfc-475a-b53c-15a22aaac394', 2026, 1609);
insert into places (id, max_altitude, min_altitude) values ('235f5757-0040-4672-a216-2a2b36f185c4', 2549, 1408);
insert into places (id, max_altitude, min_altitude) values ('bd2d11c0-ea84-4a0e-8089-ae4906b8b538', null, null);
insert into places (id, max_altitude, min_altitude) values ('abb73862-0b8d-458f-a52e-019f0a894b2d', null, null);
insert into places (id, max_altitude, min_altitude) values ('96f2782f-aa31-47b8-ab58-ada44843af88', null, null);
insert into places (id, max_altitude, min_altitude) values ('0fef0d41-7379-493c-82dc-c731ca8b8226', null, null);
insert into places (id, max_altitude, min_altitude) values ('da8f9025-19d3-4e88-9dd3-383ffc7d85aa', null, null);
insert into places (id, max_altitude, min_altitude) values ('039fe2ef-9cf9-4d67-a53e-a038e02881af', null, null);
insert into places (id, max_altitude, min_altitude) values ('02107a77-3127-43b6-81db-043c1033eae4', 2767, 1270);
insert into places (id, max_altitude, min_altitude) values ('986c3910-cc46-4c0f-b525-5c9deafb9979', null, null);


insert into names (lang, resource_id, content) values ('deu', '0a4bdd16-fdb4-49e0-a887-ce39cb846454', 'Alta Badia Area');
insert into names (lang, resource_id, content) values ('deu', '22d61385-54e1-49de-9c45-1f1ce89b9f06', 'Arabba Area');
insert into names (lang, resource_id, content) values ('deu', '235f5757-0040-4672-a216-2a2b36f185c4', 'Breuil-Cervinia Area');
insert into names (lang, resource_id, content) values ('deu', '2a049a5a-acfc-475a-b53c-15a22aaac394', 'Breuil-Cervinia Area');
insert into names (lang, resource_id, content) values ('deu', '96f2782f-aa31-47b8-ab58-ada44843af88', 'Sestriere Area');
insert into names (lang, resource_id, content) values ('deu', '986c3910-cc46-4c0f-b525-5c9deafb9979', 'Madonna di Campiglio Area');
insert into names (lang, resource_id, content) values ('deu', 'da8f9025-19d3-4e88-9dd3-383ffc7d85aa', 'Livigno Area');
insert into names (lang, resource_id, content) values ('deu', 'fdb258f5-ffbf-47ff-93ba-db6796d9283e', 'Sestriere Area');
insert into names (lang, resource_id, content) values ('eng', '039fe2ef-9cf9-4d67-a53e-a038e02881af', 'Passo Tonale Area');
insert into names (lang, resource_id, content) values ('eng', '0fef0d41-7379-493c-82dc-c731ca8b8226', 'Cervinia Area');
insert into names (lang, resource_id, content) values ('eng', '5cb4c06d-1411-45f0-b0a4-ec10787eb946', 'Cortina d''Ampezzo Area');
insert into names (lang, resource_id, content) values ('eng', '85054aeb-c397-4c4c-9c6e-aa403509f794', 'Sestriere Area');
insert into names (lang, resource_id, content) values ('eng', 'abb73862-0b8d-458f-a52e-019f0a894b2d', 'Val di Fassa Area');
insert into names (lang, resource_id, content) values ('eng', 'c852ed89-a14b-475d-82e5-2767b4bd1b05', 'Selva di Val Gardena Area');
insert into names (lang, resource_id, content) values ('eng', 'fdb258f5-ffbf-47ff-93ba-db6796d9283e', 'Arabba Area');
insert into names (lang, resource_id, content) values ('fra', '2a049a5a-acfc-475a-b53c-15a22aaac394', 'Passo Tonale Area');
insert into names (lang, resource_id, content) values ('fra', '986c3910-cc46-4c0f-b525-5c9deafb9979', 'Arabba Area');
insert into names (lang, resource_id, content) values ('fra', 'bd2d11c0-ea84-4a0e-8089-ae4906b8b538', 'Champoluc Area');
insert into names (lang, resource_id, content) values ('fra', 'da8f9025-19d3-4e88-9dd3-383ffc7d85aa', 'Champoluc Area');
insert into names (lang, resource_id, content) values ('fra', 'e741da11-9721-41dd-b3f3-fa6ef0cd72b8', 'Selva di Val Gardena Area');
insert into names (lang, resource_id, content) values ('fra', 'ef1e36aa-8c75-4a7b-84b5-0e513b8fb35b', 'Val Gardena Area');
insert into names (lang, resource_id, content) values ('ita', '02107a77-3127-43b6-81db-043c1033eae4', 'Val Gardena Area');
insert into names (lang, resource_id, content) values ('ita', '0a4bdd16-fdb4-49e0-a887-ce39cb846454', 'Bormio Area');
insert into names (lang, resource_id, content) values ('ita', '0fef0d41-7379-493c-82dc-c731ca8b8226', 'Val di Fassa Area');
insert into names (lang, resource_id, content) values ('ita', '2a049a5a-acfc-475a-b53c-15a22aaac394', 'Livigno Area');
insert into names (lang, resource_id, content) values ('ita', '2f7e4108-56cb-47a0-8fe7-468f853fe473', 'Courmayeur Area');
insert into names (lang, resource_id, content) values ('ita', '5cb4c06d-1411-45f0-b0a4-ec10787eb946', 'San Martino di Castrozza Area');
insert into names (lang, resource_id, content) values ('ita', '96f2782f-aa31-47b8-ab58-ada44843af88', 'Livigno Area');
insert into names (lang, resource_id, content) values ('ita', 'c852ed89-a14b-475d-82e5-2767b4bd1b05', 'Val di Fassa Area');
insert into names (lang, resource_id, content) values ('ita', 'e741da11-9721-41dd-b3f3-fa6ef0cd72b8', 'Madonna di Campiglio Area');
insert into names (lang, resource_id, content) values ('por', '02107a77-3127-43b6-81db-043c1033eae4', 'Cortina d''Ampezzo Area');
insert into names (lang, resource_id, content) values ('por', '235f5757-0040-4672-a216-2a2b36f185c4', 'Sestriere Area');
insert into names (lang, resource_id, content) values ('por', '2f7e4108-56cb-47a0-8fe7-468f853fe473', 'Val di Fassa Area');
insert into names (lang, resource_id, content) values ('por', '5cb4c06d-1411-45f0-b0a4-ec10787eb946', 'Cervinia Area');
insert into names (lang, resource_id, content) values ('por', '604b4923-0272-48c0-afba-1a5d0ac1781e', 'Sestriere Area');
insert into names (lang, resource_id, content) values ('por', '85054aeb-c397-4c4c-9c6e-aa403509f794', 'Champoluc Area');
insert into names (lang, resource_id, content) values ('por', 'bd2d11c0-ea84-4a0e-8089-ae4906b8b538', 'Val di Fassa Area');
insert into names (lang, resource_id, content) values ('por', 'ef1e36aa-8c75-4a7b-84b5-0e513b8fb35b', 'Alta Badia Area');
insert into names (lang, resource_id, content) values ('spa', '039fe2ef-9cf9-4d67-a53e-a038e02881af', 'San Martino di Castrozza Area');
insert into names (lang, resource_id, content) values ('spa', '22d61385-54e1-49de-9c45-1f1ce89b9f06', 'San Martino di Castrozza Area');
insert into names (lang, resource_id, content) values ('spa', '96f2782f-aa31-47b8-ab58-ada44843af88', 'Passo Tonale Area');
insert into names (lang, resource_id, content) values ('spa', 'da8f9025-19d3-4e88-9dd3-383ffc7d85aa', 'Cortina d''Ampezzo Area');
insert into names (lang, resource_id, content) values ('spa', 'e741da11-9721-41dd-b3f3-fa6ef0cd72b8', 'Courmayeur Area');
insert into names (lang, resource_id, content) values ('spa', 'ef1e36aa-8c75-4a7b-84b5-0e513b8fb35b', 'Champoluc Area');
insert into names (lang, resource_id, content) values ('spa', 'fdb258f5-ffbf-47ff-93ba-db6796d9283e', 'Cervinia Area');


insert into resource_categories (category_id, resource_id) values ('example:BlueViolet', 'bd2d11c0-ea84-4a0e-8089-ae4906b8b538');
insert into resource_categories (category_id, resource_id) values ('example:Fuchsia', '604b4923-0272-48c0-afba-1a5d0ac1781e');
insert into resource_categories (category_id, resource_id) values ('example:Magenta', '2a049a5a-acfc-475a-b53c-15a22aaac394');
insert into resource_categories (category_id, resource_id) values ('example:MediumAquamarine', '235f5757-0040-4672-a216-2a2b36f185c4');
insert into resource_categories (category_id, resource_id) values ('example:MediumPurple', '85054aeb-c397-4c4c-9c6e-aa403509f794');
insert into resource_categories (category_id, resource_id) values ('example:MediumPurple', 'c852ed89-a14b-475d-82e5-2767b4bd1b05');
insert into resource_categories (category_id, resource_id) values ('example:Orange', '604b4923-0272-48c0-afba-1a5d0ac1781e');
insert into resource_categories (category_id, resource_id) values ('example:RebeccaPurple', 'da8f9025-19d3-4e88-9dd3-383ffc7d85aa');
insert into resource_categories (category_id, resource_id) values ('example:Yellow', '02107a77-3127-43b6-81db-043c1033eae4');


insert into multimedia_descriptions (resource_id, media_object_id) values ('22d61385-54e1-49de-9c45-1f1ce89b9f06', 'dcc2962f-81e8-4af6-b045-b6dae6029f7b');
insert into multimedia_descriptions (resource_id, media_object_id) values ('604b4923-0272-48c0-afba-1a5d0ac1781e', '2854b9aa-429a-4e15-99d7-8df80878f602');
insert into multimedia_descriptions (resource_id, media_object_id) values ('abb73862-0b8d-458f-a52e-019f0a894b2d', '075e240e-239a-488e-815c-b3dd927096e3');
insert into multimedia_descriptions (resource_id, media_object_id) values ('c852ed89-a14b-475d-82e5-2767b4bd1b05', '4c057967-17b0-41ca-b204-a8fc864730bc');
insert into multimedia_descriptions (resource_id, media_object_id) values ('c852ed89-a14b-475d-82e5-2767b4bd1b05', 'b9824277-5ba2-4361-bed3-9abfe40a40e6');
insert into multimedia_descriptions (resource_id, media_object_id) values ('da8f9025-19d3-4e88-9dd3-383ffc7d85aa', '33935aa3-84df-4297-8408-f9a2b409eb9f');
insert into multimedia_descriptions (resource_id, media_object_id) values ('da8f9025-19d3-4e88-9dd3-383ffc7d85aa', '4389c9a7-4edb-4438-9cd6-19c5d9cdb5c5');


insert into connections (a_id, b_id) values ('02107a77-3127-43b6-81db-043c1033eae4', 'cf6f6446-d964-4170-9344-5fe4937b7446');
insert into connections (a_id, b_id) values ('0a4bdd16-fdb4-49e0-a887-ce39cb846454', '50682cab-1772-4cc8-9cdb-b457bf804221');
insert into connections (a_id, b_id) values ('0fef0d41-7379-493c-82dc-c731ca8b8226', '0cc832e1-e589-4f2d-a0a3-d4f70b0ed6d0');
insert into connections (a_id, b_id) values ('22d61385-54e1-49de-9c45-1f1ce89b9f06', 'be8b59ba-f9bb-4cb2-9643-72729abcce47');
insert into connections (a_id, b_id) values ('2f7e4108-56cb-47a0-8fe7-468f853fe473', '285b60f6-bfa0-403c-8dc4-0443d7ceee36');
insert into connections (a_id, b_id) values ('2f7e4108-56cb-47a0-8fe7-468f853fe473', '2ad589e0-878e-49f4-aa99-c8d32b81c982');
insert into connections (a_id, b_id) values ('2f7e4108-56cb-47a0-8fe7-468f853fe473', 'eb559db3-9d30-4ad1-9ff7-30be73722fb5');
insert into connections (a_id, b_id) values ('5cb4c06d-1411-45f0-b0a4-ec10787eb946', '2f7e4108-56cb-47a0-8fe7-468f853fe473');
insert into connections (a_id, b_id) values ('5cb4c06d-1411-45f0-b0a4-ec10787eb946', '85054aeb-c397-4c4c-9c6e-aa403509f794');
insert into connections (a_id, b_id) values ('85054aeb-c397-4c4c-9c6e-aa403509f794', '3ccfbb52-9cf2-49fe-a933-f850b7b426d5');
insert into connections (a_id, b_id) values ('85054aeb-c397-4c4c-9c6e-aa403509f794', '50682cab-1772-4cc8-9cdb-b457bf804221');
insert into connections (a_id, b_id) values ('abb73862-0b8d-458f-a52e-019f0a894b2d', 'fefb02a5-48a3-4f24-85e5-46e5fe90184b');
insert into connections (a_id, b_id) values ('c852ed89-a14b-475d-82e5-2767b4bd1b05', 'be3c4a4e-5075-413d-9d3d-e45fc65d87af');
insert into connections (a_id, b_id) values ('fdb258f5-ffbf-47ff-93ba-db6796d9283e', '0fef0d41-7379-493c-82dc-c731ca8b8226');


insert into sub_areas (parent_id, child_id) values ('2f7e4108-56cb-47a0-8fe7-468f853fe473', '0a4bdd16-fdb4-49e0-a887-ce39cb846454');
insert into sub_areas (parent_id, child_id) values ('235f5757-0040-4672-a216-2a2b36f185c4', 'bd2d11c0-ea84-4a0e-8089-ae4906b8b538');
insert into sub_areas (parent_id, child_id) values ('0fef0d41-7379-493c-82dc-c731ca8b8226', '2f7e4108-56cb-47a0-8fe7-468f853fe473');
insert into sub_areas (parent_id, child_id) values ('fdb258f5-ffbf-47ff-93ba-db6796d9283e', 'abb73862-0b8d-458f-a52e-019f0a894b2d');
insert into sub_areas (parent_id, child_id) values ('5cb4c06d-1411-45f0-b0a4-ec10787eb946', '986c3910-cc46-4c0f-b525-5c9deafb9979');
insert into sub_areas (parent_id, child_id) values ('235f5757-0040-4672-a216-2a2b36f185c4', '0a4bdd16-fdb4-49e0-a887-ce39cb846454');
insert into sub_areas (parent_id, child_id) values ('c852ed89-a14b-475d-82e5-2767b4bd1b05', 'abb73862-0b8d-458f-a52e-019f0a894b2d');


insert into area_lifts (area_id, lift_id) values ('22d61385-54e1-49de-9c45-1f1ce89b9f06', 'be8b59ba-f9bb-4cb2-9643-72729abcce47');
insert into area_lifts (area_id, lift_id) values ('235f5757-0040-4672-a216-2a2b36f185c4', 'be8b59ba-f9bb-4cb2-9643-72729abcce47');
insert into area_lifts (area_id, lift_id) values ('2a049a5a-acfc-475a-b53c-15a22aaac394', '3ccfbb52-9cf2-49fe-a933-f850b7b426d5');
insert into area_lifts (area_id, lift_id) values ('ef1e36aa-8c75-4a7b-84b5-0e513b8fb35b', '18c29fdd-e8f6-4815-b54a-b4a52cf76b67');
insert into area_lifts (area_id, lift_id) values ('85054aeb-c397-4c4c-9c6e-aa403509f794', '3f95e189-8f1a-4ea2-802f-df91fc4e38fb');
insert into area_lifts (area_id, lift_id) values ('5cb4c06d-1411-45f0-b0a4-ec10787eb946', 'c3028ce9-c167-4c08-8c3c-77fb826d94d3');
insert into area_lifts (area_id, lift_id) values ('bd2d11c0-ea84-4a0e-8089-ae4906b8b538', '3ccfbb52-9cf2-49fe-a933-f850b7b426d5');
insert into area_lifts (area_id, lift_id) values ('da8f9025-19d3-4e88-9dd3-383ffc7d85aa', '712d4108-bb3a-4a5d-bb22-fe23e0f7d27d');
insert into area_lifts (area_id, lift_id) values ('039fe2ef-9cf9-4d67-a53e-a038e02881af', 'be8b59ba-f9bb-4cb2-9643-72729abcce47');
insert into area_lifts (area_id, lift_id) values ('02107a77-3127-43b6-81db-043c1033eae4', '5ad00f3f-a8f7-4e3a-ba5c-04dd8c57189c');
insert into area_lifts (area_id, lift_id) values ('ef1e36aa-8c75-4a7b-84b5-0e513b8fb35b', '7dc3571f-88af-4c15-a32c-53fc5986b234');
insert into area_lifts (area_id, lift_id) values ('5cb4c06d-1411-45f0-b0a4-ec10787eb946', '712d4108-bb3a-4a5d-bb22-fe23e0f7d27d');


insert into area_ski_slopes (area_id, ski_slope_id) values ('96f2782f-aa31-47b8-ab58-ada44843af88', '86144bdd-002e-4173-b796-52022265fe26');
insert into area_ski_slopes (area_id, ski_slope_id) values ('e741da11-9721-41dd-b3f3-fa6ef0cd72b8', '12c63b62-1840-4c7c-a228-c0f2159268f8');
insert into area_ski_slopes (area_id, ski_slope_id) values ('604b4923-0272-48c0-afba-1a5d0ac1781e', '86144bdd-002e-4173-b796-52022265fe26');
insert into area_ski_slopes (area_id, ski_slope_id) values ('2a049a5a-acfc-475a-b53c-15a22aaac394', '38812cdd-dc95-4ced-ab96-b4df8b2c0bd7');
insert into area_ski_slopes (area_id, ski_slope_id) values ('0fef0d41-7379-493c-82dc-c731ca8b8226', '6e95b14f-834c-468a-95b7-7aa91d626f28');
insert into area_ski_slopes (area_id, ski_slope_id) values ('bd2d11c0-ea84-4a0e-8089-ae4906b8b538', '285b60f6-bfa0-403c-8dc4-0443d7ceee36');
insert into area_ski_slopes (area_id, ski_slope_id) values ('0a4bdd16-fdb4-49e0-a887-ce39cb846454', 'b5a41312-9856-4f6d-8b63-83106e46b456');
insert into area_ski_slopes (area_id, ski_slope_id) values ('bd2d11c0-ea84-4a0e-8089-ae4906b8b538', '6e95b14f-834c-468a-95b7-7aa91d626f28');
insert into area_ski_slopes (area_id, ski_slope_id) values ('e741da11-9721-41dd-b3f3-fa6ef0cd72b8', '8e2511b8-d203-45d6-ae1b-642c9394fcda');
insert into area_ski_slopes (area_id, ski_slope_id) values ('0a4bdd16-fdb4-49e0-a887-ce39cb846454', '285b60f6-bfa0-403c-8dc4-0443d7ceee36');
insert into area_ski_slopes (area_id, ski_slope_id) values ('c852ed89-a14b-475d-82e5-2767b4bd1b05', '945489f7-e284-46e7-a883-f117563a9b70');
insert into area_ski_slopes (area_id, ski_slope_id) values ('0a4bdd16-fdb4-49e0-a887-ce39cb846454', '269e8b19-c332-4dbc-a939-7e821498e3aa');


insert into area_snowparks (area_id, snowpark_id) values ('96f2782f-aa31-47b8-ab58-ada44843af88', '9a46db45-d664-476c-bb77-d483beebbf83');
insert into area_snowparks (area_id, snowpark_id) values ('5cb4c06d-1411-45f0-b0a4-ec10787eb946', 'f8c8dbbe-2716-4f6f-a7dd-923935534545');
insert into area_snowparks (area_id, snowpark_id) values ('2f7e4108-56cb-47a0-8fe7-468f853fe473', 'eb559db3-9d30-4ad1-9ff7-30be73722fb5');
insert into area_snowparks (area_id, snowpark_id) values ('ef1e36aa-8c75-4a7b-84b5-0e513b8fb35b', '29dc6417-1b08-4cd0-bcb9-acb76f06e531');
insert into area_snowparks (area_id, snowpark_id) values ('039fe2ef-9cf9-4d67-a53e-a038e02881af', '9a46db45-d664-476c-bb77-d483beebbf83');
insert into area_snowparks (area_id, snowpark_id) values ('2a049a5a-acfc-475a-b53c-15a22aaac394', 'bbd43deb-442c-4a58-ace5-906744affaf1');
insert into area_snowparks (area_id, snowpark_id) values ('986c3910-cc46-4c0f-b525-5c9deafb9979', '0d550007-de00-4954-a4c3-1455236a62c5');
insert into area_snowparks (area_id, snowpark_id) values ('85054aeb-c397-4c4c-9c6e-aa403509f794', '29dc6417-1b08-4cd0-bcb9-acb76f06e531');
insert into area_snowparks (area_id, snowpark_id) values ('986c3910-cc46-4c0f-b525-5c9deafb9979', 'bbd43deb-442c-4a58-ace5-906744affaf1');
insert into area_snowparks (area_id, snowpark_id) values ('986c3910-cc46-4c0f-b525-5c9deafb9979', '2ad589e0-878e-49f4-aa99-c8d32b81c982');
insert into area_snowparks (area_id, snowpark_id) values ('0a4bdd16-fdb4-49e0-a887-ce39cb846454', '9a46db45-d664-476c-bb77-d483beebbf83');
insert into area_snowparks (area_id, snowpark_id) values ('235f5757-0040-4672-a216-2a2b36f185c4', '0cc832e1-e589-4f2d-a0a3-d4f70b0ed6d0');
