
> reference-server@0.0.1 generate-scripts /Users/claudenir/git/github/tgoprince/odh-alpinebits-destination-data-server
> node src/populate-db.js

--OpenDatahub migration
--Creating default Db Entries...
INSERT INTO resources (id,odh_id,type,data_provider,last_update,created_at,simple_url)
VALUES
('publisher','null','agents','http://tourism.opendatahub.bz.it/','2022-02-16 18:26:42.848','2022-02-16 18:26:42.848','https://lts.it');

INSERT INTO agents (id)
VALUES
('publisher');

INSERT INTO names (resource_id, lang, content)
VALUES
('publisher', 'deu', 'LTS - Landesverband der Tourismusorganisationen Südtirols'),
('publisher', 'eng', 'LTS - Landesverband der Tourismusorganisationen Südtirols'),
('publisher', 'ita', 'LTS - Landesverband der Tourismusorganisationen Südtirols');

--Creating default event series
INSERT INTO resources (id,odh_id,type,data_provider,last_update,created_at,simple_url)
VALUES
('default_series','null','eventSeries','http://tourism.opendatahub.bz.it/','2022-02-16 18:26:42.854','2022-02-16 18:26:42.854','null');

INSERT INTO event_series (id, frequency)
VALUES
('default_series', null);

--Extracting Events...
--Events - Insert at table resource
INSERT INTO resources (id,odh_id,type,data_provider,last_update,created_at,simple_url)
VALUES
('FD7DC58E68A9447FB987460138FB3C85','FD7DC58E68A9447FB987460138FB3C85','events','http://tourism.opendatahub.bz.it/','2017-05-23 00:05:21.5158375','2022-02-16 18:26:42.855','null'),
('4231E17139FA49D0BA4C0503DB34E86B','4231E17139FA49D0BA4C0503DB34E86B','events','http://tourism.opendatahub.bz.it/','2019-09-25 11:30:04.4242563','2022-02-16 18:26:42.855','null'),
('8F118C2CCB854FF7A9B77C3AC19BCAFC','8F118C2CCB854FF7A9B77C3AC19BCAFC','events','http://tourism.opendatahub.bz.it/','2018-06-26 00:05:12.1732568','2022-02-16 18:26:42.856','null'),
('377ADD10E0F14C78988B9A86DAD1462F','377ADD10E0F14C78988B9A86DAD1462F','events','http://tourism.opendatahub.bz.it/','2019-02-15 00:05:05.1702276','2022-02-16 18:26:42.856','null'),
('1A2B6A30FB6E46BDB2644B6984D06C29','1A2B6A30FB6E46BDB2644B6984D06C29','events','http://tourism.opendatahub.bz.it/','2021-08-26 00:01:25.7719342','2022-02-16 18:26:42.856','null'),
('FCDEB65BAF22402380F06B977C91A54B','FCDEB65BAF22402380F06B977C91A54B','events','http://tourism.opendatahub.bz.it/','2018-07-11 00:05:24.4782477','2022-02-16 18:26:42.856','null'),
('303E1B8404CD473483D9A37D8C521F62','303E1B8404CD473483D9A37D8C521F62','events','http://tourism.opendatahub.bz.it/','2021-09-26 00:02:41.6757374','2022-02-16 18:26:42.856','null'),
('9FA3C0F97FD84F12957E6F73FCBB0389','9FA3C0F97FD84F12957E6F73FCBB0389','events','http://tourism.opendatahub.bz.it/','2021-07-05 00:00:08.5876991','2022-02-16 18:26:42.856','null'),
('A8F3E3A8522143448672AD80435A38BE','A8F3E3A8522143448672AD80435A38BE','events','http://tourism.opendatahub.bz.it/','2015-11-27 10:02:39.533418','2022-02-16 18:26:42.856','null'),
('0465D969FB9642DB98F49ABE952CA66F','0465D969FB9642DB98F49ABE952CA66F','events','http://tourism.opendatahub.bz.it/','2019-05-16 00:05:03.7124629','2022-02-16 18:26:42.856','null'),
('20D8424667EF42ACAD390F6F6BD9AF42','20D8424667EF42ACAD390F6F6BD9AF42','events','http://tourism.opendatahub.bz.it/','2020-01-24 00:05:16.2769302','2022-02-16 18:26:42.856','null'),
('499783AA7CF34A0F86EC63FB706459CD','499783AA7CF34A0F86EC63FB706459CD','events','http://tourism.opendatahub.bz.it/','2018-05-25 00:05:06.6479456','2022-02-16 18:26:42.856','null'),
('39B9AFB528A0483E98BFDACE69AE43CD','39B9AFB528A0483E98BFDACE69AE43CD','events','http://tourism.opendatahub.bz.it/','2019-08-01 00:05:44.5665298','2022-02-16 18:26:42.856','null'),
('049E5F0AA3304BFCB42445C464952ACF','049E5F0AA3304BFCB42445C464952ACF','events','http://tourism.opendatahub.bz.it/','2018-05-23 00:05:02.3788779','2022-02-16 18:26:42.856','null'),
('40ADDFB1A5104A5A89EB123BF7A34CF5','40ADDFB1A5104A5A89EB123BF7A34CF5','events','http://tourism.opendatahub.bz.it/','2017-09-22 00:05:07.8692547','2022-02-16 18:26:42.856','null'),
('0DC1CF556A5C42B6A21451A2142484DF','0DC1CF556A5C42B6A21451A2142484DF','events','http://tourism.opendatahub.bz.it/','2021-09-11 00:00:14.2655562','2022-02-16 18:26:42.856','null'),
('9EE43BFB7DE841018148FEB5ED31B537','9EE43BFB7DE841018148FEB5ED31B537','events','http://tourism.opendatahub.bz.it/','2021-09-26 00:02:11.7586936','2022-02-16 18:26:42.856','null'),
('D5ED433CF94F40B9ACC797592C90BC98','D5ED433CF94F40B9ACC797592C90BC98','events','http://tourism.opendatahub.bz.it/','2019-04-06 00:05:58.4266867','2022-02-16 18:26:42.856','null'),
('82DAD121ED1F44E0884A688B87104885','82DAD121ED1F44E0884A688B87104885','events','http://tourism.opendatahub.bz.it/','2017-09-08 00:05:06.6003129','2022-02-16 18:26:42.856','null'),
('7F818118F58B4503904CE8F5A1C3394F','7F818118F58B4503904CE8F5A1C3394F','events','http://tourism.opendatahub.bz.it/','2018-07-06 00:05:13.8894132','2022-02-16 18:26:42.856','null'),
('36AA39BAF87C4DBE9CF973238A974220','36AA39BAF87C4DBE9CF973238A974220','events','http://tourism.opendatahub.bz.it/','2019-06-26 00:05:11.3452778','2022-02-16 18:26:42.856','null'),
('A5572B2CF74941C789F3F4E139FB9C0E','A5572B2CF74941C789F3F4E139FB9C0E','events','http://tourism.opendatahub.bz.it/','2019-05-18 00:06:02.4859262','2022-02-16 18:26:42.856','null'),
('4504DB9D28C84D8584856DF340C2037B','4504DB9D28C84D8584856DF340C2037B','events','http://tourism.opendatahub.bz.it/','2019-11-24 00:05:10.051223','2022-02-16 18:26:42.856','null'),
('37A37707FBEB4F258B32E94885503D14','37A37707FBEB4F258B32E94885503D14','events','http://tourism.opendatahub.bz.it/','2021-10-28 00:05:14.776777','2022-02-16 18:26:42.856','null'),
('D368218BBEC44A4899D591EB8C1F4B2E','D368218BBEC44A4899D591EB8C1F4B2E','events','http://tourism.opendatahub.bz.it/','2021-10-28 00:20:03.1451231','2022-02-16 18:26:42.856','null'),
('52022A2764A14DACBE110F9DBBFDF652','52022A2764A14DACBE110F9DBBFDF652','events','http://tourism.opendatahub.bz.it/','2021-10-28 00:05:20.0747697','2022-02-16 18:26:42.856','null'),
('F1F2807F4E6F42DE9931510237C7C948','F1F2807F4E6F42DE9931510237C7C948','events','http://tourism.opendatahub.bz.it/','2019-02-16 00:05:50.053341','2022-02-16 18:26:42.856','null'),
('0A0A0BAA2BA0458AA81F14F4D4FB61D0','0A0A0BAA2BA0458AA81F14F4D4FB61D0','events','http://tourism.opendatahub.bz.it/','2018-03-20 00:05:03.1828244','2022-02-16 18:26:42.856','null'),
('AAB92129C6844065BB7B4A82A2F4F2DA','AAB92129C6844065BB7B4A82A2F4F2DA','events','http://tourism.opendatahub.bz.it/','2018-01-06 00:05:07.5039199','2022-02-16 18:26:42.856','null'),
('60C1E3AC92E1429988D4DEED4BEB7393','60C1E3AC92E1429988D4DEED4BEB7393','events','http://tourism.opendatahub.bz.it/','2016-03-01 16:08:50.0927926','2022-02-16 18:26:42.856','null'),
('25CE3C696D104E09A29A8CD00AB30B4D','25CE3C696D104E09A29A8CD00AB30B4D','events','http://tourism.opendatahub.bz.it/','2019-06-01 00:05:12.8760111','2022-02-16 18:26:42.856','null'),
('47FD17D2DE264AAEBF6E44B3C32D1367','47FD17D2DE264AAEBF6E44B3C32D1367','events','http://tourism.opendatahub.bz.it/','2019-07-27 00:05:53.8397873','2022-02-16 18:26:42.856','null'),
('BFF16EC65D344F66BC1AB47D20347D74','BFF16EC65D344F66BC1AB47D20347D74','events','http://tourism.opendatahub.bz.it/','2022-02-02 00:05:35.0965736','2022-02-16 18:26:42.856','null'),
('75199C9977B846F2BAAF84727FFC8242','75199C9977B846F2BAAF84727FFC8242','events','http://tourism.opendatahub.bz.it/','2019-08-08 00:06:08.05259','2022-02-16 18:26:42.856','null'),
('BD65BB8CC6744C309B77C2EE3A02440E','BD65BB8CC6744C309B77C2EE3A02440E','events','http://tourism.opendatahub.bz.it/','2019-09-07 00:05:27.9403436','2022-02-16 18:26:42.856','null'),
('26055F0E32CE4D5BACF1AE4092385C23','26055F0E32CE4D5BACF1AE4092385C23','events','http://tourism.opendatahub.bz.it/','2019-09-25 11:13:19.3736756','2022-02-16 18:26:42.856','null'),
('98ACF86788904DD19E36408BDA8565CE','98ACF86788904DD19E36408BDA8565CE','events','http://tourism.opendatahub.bz.it/','2016-10-26 00:20:11.3482725','2022-02-16 18:26:42.856','null'),
('0CE668469A1445A58A658607B9D6C92E','0CE668469A1445A58A658607B9D6C92E','events','http://tourism.opendatahub.bz.it/','2022-02-10 00:05:06.4201641','2022-02-16 18:26:42.856','null'),
('41A78ED159624AFD803418A89E95E388','41A78ED159624AFD803418A89E95E388','events','http://tourism.opendatahub.bz.it/','2018-10-09 00:20:03.698798','2022-02-16 18:26:42.856','null'),
('4CF166956D8A49938CA84B06C77C878E','4CF166956D8A49938CA84B06C77C878E','events','http://tourism.opendatahub.bz.it/','2016-05-06 09:07:19.8339109','2022-02-16 18:26:42.856','null'),
('991A294AF8334FF98B44462F2078D6E6','991A294AF8334FF98B44462F2078D6E6','events','http://tourism.opendatahub.bz.it/','2019-09-25 11:37:04.3972032','2022-02-16 18:26:42.856','null'),
('A9DDAF00E3394ADD8C13B8650C16793E','A9DDAF00E3394ADD8C13B8650C16793E','events','http://tourism.opendatahub.bz.it/','2017-05-03 00:05:09.885144','2022-02-16 18:26:42.856','null'),
('D53723B3C6D84CFE8708F534816795DF','D53723B3C6D84CFE8708F534816795DF','events','http://tourism.opendatahub.bz.it/','2015-11-27 10:01:43.4273113','2022-02-16 18:26:42.856','null'),
('A7B108835D774A32A2C558E4F4B6CF54','A7B108835D774A32A2C558E4F4B6CF54','events','http://tourism.opendatahub.bz.it/','2015-11-27 10:01:54.5488739','2022-02-16 18:26:42.856','null'),
('D6AB0CD4E2514345B260CF2948939036','D6AB0CD4E2514345B260CF2948939036','events','http://tourism.opendatahub.bz.it/','2015-11-27 10:02:42.9665701','2022-02-16 18:26:42.856','null'),
('53F39C768F28421DA420A1A8F1D092B8','53F39C768F28421DA420A1A8F1D092B8','events','http://tourism.opendatahub.bz.it/','2015-11-27 10:02:17.055127','2022-02-16 18:26:42.856','null'),
('2BA8BA8260084B6198FF083AB689859D','2BA8BA8260084B6198FF083AB689859D','events','http://tourism.opendatahub.bz.it/','2019-09-25 11:48:06.329443','2022-02-16 18:26:42.856','null'),
('C8EEE7ADAA66425E84103524A64A9EAF','C8EEE7ADAA66425E84103524A64A9EAF','events','http://tourism.opendatahub.bz.it/','2015-11-27 10:02:16.7711113','2022-02-16 18:26:42.856','null'),
('757944A711854B49A8EFB53633C6E313','757944A711854B49A8EFB53633C6E313','events','http://tourism.opendatahub.bz.it/','2015-11-27 10:02:16.8191139','2022-02-16 18:26:42.856','null'),
('8FA372564C5043A5B19AC2B0F4BE3C87','8FA372564C5043A5B19AC2B0F4BE3C87','events','http://tourism.opendatahub.bz.it/','2019-09-25 11:44:50.4059891','2022-02-16 18:26:42.856','null'),
('AB752E976A364BFFA37ED3AB1F130E1A','AB752E976A364BFFA37ED3AB1F130E1A','events','http://tourism.opendatahub.bz.it/','2015-11-27 10:01:56.4659807','2022-02-16 18:26:42.856','null'),
('DE51CC0C0C954A0ABF2ED37C9CD4E389','DE51CC0C0C954A0ABF2ED37C9CD4E389','events','http://tourism.opendatahub.bz.it/','2015-11-27 10:02:17.4281481','2022-02-16 18:26:42.856','null'),
('BABFEA5ADDCF41CEB3A3750B170024DF','BABFEA5ADDCF41CEB3A3750B170024DF','events','http://tourism.opendatahub.bz.it/','2019-09-25 11:16:07.4477284','2022-02-16 18:26:42.856','null'),
('D2EAC305F8C54F1AB77065DA19C2E763','D2EAC305F8C54F1AB77065DA19C2E763','events','http://tourism.opendatahub.bz.it/','2015-11-27 10:02:14.157965','2022-02-16 18:26:42.856','null'),
('2DA979F17AD841D8AA4176851EAB71A1','2DA979F17AD841D8AA4176851EAB71A1','events','http://tourism.opendatahub.bz.it/','2015-11-27 10:01:49.0895692','2022-02-16 18:26:42.856','null'),
('A343F87203F64AF8930FC322232EB781','A343F87203F64AF8930FC322232EB781','events','http://tourism.opendatahub.bz.it/','2018-01-31 00:05:14.3229749','2022-02-16 18:26:42.856','null'),
('256E7CD054EF499D951A4C8AD1365916','256E7CD054EF499D951A4C8AD1365916','events','http://tourism.opendatahub.bz.it/','2018-03-16 00:05:05.7992645','2022-02-16 18:26:42.856','null'),
('5771E303F5274496B46EAF8CB884CFF8','5771E303F5274496B46EAF8CB884CFF8','events','http://tourism.opendatahub.bz.it/','2021-12-20 00:04:41.0629664','2022-02-16 18:26:42.856','null'),
('7262A8A541024A95AF68119D7A185492','7262A8A541024A95AF68119D7A185492','events','http://tourism.opendatahub.bz.it/','2016-07-21 10:53:00.3083881','2022-02-16 18:26:42.856','null'),
('E3CA7B9C82CD485EB0A3952DE58CE8EF','E3CA7B9C82CD485EB0A3952DE58CE8EF','events','http://tourism.opendatahub.bz.it/','2016-05-06 08:55:07.9660907','2022-02-16 18:26:42.856','null'),
('519ED83348524507A0705F2D78EECA4D','519ED83348524507A0705F2D78EECA4D','events','http://tourism.opendatahub.bz.it/','2021-08-10 11:44:54.0677618','2022-02-16 18:26:42.856','null'),
('AED86EEC2DE04B51BCE05EF88655BE06','AED86EEC2DE04B51BCE05EF88655BE06','events','http://tourism.opendatahub.bz.it/','2022-02-01 00:05:37.6070462','2022-02-16 18:26:42.856','null'),
('F30344CBA89F4FA3A203FEFCBC14DF23','F30344CBA89F4FA3A203FEFCBC14DF23','events','http://tourism.opendatahub.bz.it/','2019-01-13 00:05:17.4572886','2022-02-16 18:26:42.856','null'),
('01F2B21DF575485CA794F372D7BC359F','01F2B21DF575485CA794F372D7BC359F','events','http://tourism.opendatahub.bz.it/','2019-07-06 00:05:02.6488548','2022-02-16 18:26:42.856','null'),
('71B99F4388844780BF991525B4A582D6','71B99F4388844780BF991525B4A582D6','events','http://tourism.opendatahub.bz.it/','2019-07-06 00:05:21.9003499','2022-02-16 18:26:42.856','null'),
('E820B0B91C7643799901C375B8B8BED3','E820B0B91C7643799901C375B8B8BED3','events','http://tourism.opendatahub.bz.it/','2019-08-02 00:06:54.8823103','2022-02-16 18:26:42.856','null'),
('BFA002968F494EA79C2D2D988EB3A43A','BFA002968F494EA79C2D2D988EB3A43A','events','http://tourism.opendatahub.bz.it/','2019-09-24 00:06:24.0085124','2022-02-16 18:26:42.856','null'),
('57F150031CE24616AD6DCCB3B1E465A8','57F150031CE24616AD6DCCB3B1E465A8','events','http://tourism.opendatahub.bz.it/','2019-01-12 00:05:28.0748152','2022-02-16 18:26:42.856','null'),
('7C218B36F554454088282B8FF50D79C1','7C218B36F554454088282B8FF50D79C1','events','http://tourism.opendatahub.bz.it/','2019-05-29 00:05:49.3944407','2022-02-16 18:26:42.856','null'),
('F62ED1ADF5404654A8902872DCC89170','F62ED1ADF5404654A8902872DCC89170','events','http://tourism.opendatahub.bz.it/','2019-09-01 00:05:10.5731296','2022-02-16 18:26:42.856','null'),
('A079B471341F45EE8999AE8201DB9E45','A079B471341F45EE8999AE8201DB9E45','events','http://tourism.opendatahub.bz.it/','2019-11-07 11:06:01.4779951','2022-02-16 18:26:42.856','null'),
('666AED08535B4314B3B2554402458BF7','666AED08535B4314B3B2554402458BF7','events','http://tourism.opendatahub.bz.it/','2019-01-12 00:05:31.0748259','2022-02-16 18:26:42.856','null'),
('02108340A0BC4539999D2706036C3E99','02108340A0BC4539999D2706036C3E99','events','http://tourism.opendatahub.bz.it/','2021-08-10 11:44:53.6180058','2022-02-16 18:26:42.856','null'),
('56B421BB74864724A09BE0A0B1444298','56B421BB74864724A09BE0A0B1444298','events','http://tourism.opendatahub.bz.it/','2021-08-10 11:44:53.6270118','2022-02-16 18:26:42.856','null'),
('C7F53144F3EB47D8B0659F321C97DCFC','C7F53144F3EB47D8B0659F321C97DCFC','events','http://tourism.opendatahub.bz.it/','2019-06-08 00:05:44.8098484','2022-02-16 18:26:42.856','null'),
('06117B224CB743DE99A679398D16C181','06117B224CB743DE99A679398D16C181','events','http://tourism.opendatahub.bz.it/','2019-04-18 00:05:04.2094665','2022-02-16 18:26:42.856','null'),
('79A07B9380BC44EA908C339C4866EFB2','79A07B9380BC44EA908C339C4866EFB2','events','http://tourism.opendatahub.bz.it/','2019-09-24 00:05:51.6725858','2022-02-16 18:26:42.856','null'),
('45D2D48FF9454AA0AF507B454EAA2606','45D2D48FF9454AA0AF507B454EAA2606','events','http://tourism.opendatahub.bz.it/','2019-09-25 11:06:03.9705217','2022-02-16 18:26:42.856','null'),
('08EE008BB7AB4D248B36A49DF9AAB0F2','08EE008BB7AB4D248B36A49DF9AAB0F2','events','http://tourism.opendatahub.bz.it/','2019-01-30 00:05:02.9312548','2022-02-16 18:26:42.856','null'),
('A55889C2ACF7440A91EE7E4F3FFC2675','A55889C2ACF7440A91EE7E4F3FFC2675','events','http://tourism.opendatahub.bz.it/','2019-02-16 00:05:31.2713421','2022-02-16 18:26:42.856','null'),
('80857ABDACF74CFC8D7225C93EE30E7C','80857ABDACF74CFC8D7225C93EE30E7C','events','http://tourism.opendatahub.bz.it/','2019-03-12 00:05:38.4409537','2022-02-16 18:26:42.856','null'),
('D1942E1BAE5D45B5835F6A48C3C6367A','D1942E1BAE5D45B5835F6A48C3C6367A','events','http://tourism.opendatahub.bz.it/','2019-09-25 11:39:51.5610762','2022-02-16 18:26:42.856','null'),
('952A5E52B7814575B6883D4BD46D8610','952A5E52B7814575B6883D4BD46D8610','events','http://tourism.opendatahub.bz.it/','2019-01-12 00:05:42.37181','2022-02-16 18:26:42.856','null'),
('1AFABFD0152B4F44A07001923A463B3D','1AFABFD0152B4F44A07001923A463B3D','events','http://tourism.opendatahub.bz.it/','2019-01-12 00:05:10.1997429','2022-02-16 18:26:42.856','null'),
('D1DB4218DF8B4564A31B54C5DDC504A5','D1DB4218DF8B4564A31B54C5DDC504A5','events','http://tourism.opendatahub.bz.it/','2019-02-19 00:05:39.4886584','2022-02-16 18:26:42.856','null'),
('D4673882BBEF41A5AB0EB2836BF5EEEC','D4673882BBEF41A5AB0EB2836BF5EEEC','events','http://tourism.opendatahub.bz.it/','2019-11-22 00:05:52.2511296','2022-02-16 18:26:42.856','null'),
('61C33EF7B5B3428E8CCE0AF0398C5ACB','61C33EF7B5B3428E8CCE0AF0398C5ACB','events','http://tourism.opendatahub.bz.it/','2019-07-13 00:05:24.8232062','2022-02-16 18:26:42.856','null'),
('9F4BC17266EE4E16BF26683D26522443','9F4BC17266EE4E16BF26683D26522443','events','http://tourism.opendatahub.bz.it/','2019-01-12 00:05:44.2155128','2022-02-16 18:26:42.856','null'),
('480D60418C044060B2E593E9EC353797','480D60418C044060B2E593E9EC353797','events','http://tourism.opendatahub.bz.it/','2019-09-25 11:23:28.0560857','2022-02-16 18:26:42.856','null'),
('C24923917EE44B3C8B2C08670477DFF5','C24923917EE44B3C8B2C08670477DFF5','events','http://tourism.opendatahub.bz.it/','2019-09-24 00:06:24.886435','2022-02-16 18:26:42.856','null'),
('740AC36DAFA943299353BDE7C0354937','740AC36DAFA943299353BDE7C0354937','events','http://tourism.opendatahub.bz.it/','2019-03-12 00:05:34.0346817','2022-02-16 18:26:42.856','null'),
('D347ECFF30E042C89EFCE796A95990F0','D347ECFF30E042C89EFCE796A95990F0','events','http://tourism.opendatahub.bz.it/','2019-09-24 00:06:37.7214643','2022-02-16 18:26:42.856','null'),
('1DFE16798D85405C8125B607D9F269AA','1DFE16798D85405C8125B607D9F269AA','events','http://tourism.opendatahub.bz.it/','2019-03-22 00:05:11.1914472','2022-02-16 18:26:42.856','null'),
('33857198B5DD44EE899CFCD4BABFC459','33857198B5DD44EE899CFCD4BABFC459','events','http://tourism.opendatahub.bz.it/','2019-02-22 00:05:12.171281','2022-02-16 18:26:42.856','null'),
('ABF7B48BF1964654A307A25D8E295F1C','ABF7B48BF1964654A307A25D8E295F1C','events','http://tourism.opendatahub.bz.it/','2019-02-13 00:05:27.9406102','2022-02-16 18:26:42.856','null'),
('A8AA3B2223574C6E8FF75F172FA9166B','A8AA3B2223574C6E8FF75F172FA9166B','events','http://tourism.opendatahub.bz.it/','2019-02-13 00:05:27.5359711','2022-02-16 18:26:42.856','null'),
('0B9E28C0CFE140F2A125D3B91EAED807','0B9E28C0CFE140F2A125D3B91EAED807','events','http://tourism.opendatahub.bz.it/','2019-08-28 00:05:08.6184759','2022-02-16 18:26:42.856','null'),
('C87A9463C162460E9CF7BD2753921AD2','C87A9463C162460E9CF7BD2753921AD2','events','http://tourism.opendatahub.bz.it/','2019-04-06 00:06:04.3798673','2022-02-16 18:26:42.856','null'),
('3CEEBBC773064AD6958E8C4679E3BF8C','3CEEBBC773064AD6958E8C4679E3BF8C','events','http://tourism.opendatahub.bz.it/','2019-01-12 00:05:19.6060334','2022-02-16 18:26:42.856','null');

--Events - Insert at table names
INSERT INTO names (resource_id, lang, content)
VALUES
('FD7DC58E68A9447FB987460138FB3C85', 'deu', '100. Giro d''Italia: Start der 19. Etappe Innichen - Piancavallo'),
('FD7DC58E68A9447FB987460138FB3C85', 'eng', '100th Giro d''Italia: start of the 19th stage San Candido - Piancavallo'),
('FD7DC58E68A9447FB987460138FB3C85', 'ita', '100° Giro d''Italia: partenza della 19° tappa San Candido - Piancavallo'),
('4231E17139FA49D0BA4C0503DB34E86B', 'deu', '100 Jahre Imkerverein Laas'),
('4231E17139FA49D0BA4C0503DB34E86B', 'eng', '100 years association of beekeeping Laas'),
('4231E17139FA49D0BA4C0503DB34E86B', 'ita', '100 anni associazione di apicoltura Lasa'),
('8F118C2CCB854FF7A9B77C3AC19BCAFC', 'deu', '100 Jahre Kohlerer Bahn'),
('8F118C2CCB854FF7A9B77C3AC19BCAFC', 'eng', '100 Year Colle-Kohlern Cablecar'),
('8F118C2CCB854FF7A9B77C3AC19BCAFC', 'ita', '100 Anni Funivia del Colle'),
('377ADD10E0F14C78988B9A86DAD1462F', 'deu', '100 Jahre Südtirol von Dietmar Gamper'),
('1A2B6A30FB6E46BDB2644B6984D06C29', 'deu', '100% Kräutergarten'),
('1A2B6A30FB6E46BDB2644B6984D06C29', 'ita', '100% giardini aromatici'),
('FCDEB65BAF22402380F06B977C91A54B', 'deu', '10. Barbianer Zwetschkenfest in Saubach'),
('FCDEB65BAF22402380F06B977C91A54B', 'eng', '10. Festival of plum from Barbian in Saubach'),
('FCDEB65BAF22402380F06B977C91A54B', 'ita', '10. Festa delle prugne di Barbiano a San Ingenuino'),
('303E1B8404CD473483D9A37D8C521F62', 'deu', '10. Barcamp Südtirol'),
('303E1B8404CD473483D9A37D8C521F62', 'eng', '10. Barcamp Südtirol'),
('303E1B8404CD473483D9A37D8C521F62', 'ita', '10. Barcamp Südtirol'),
('9FA3C0F97FD84F12957E6F73FCBB0389', 'deu', '10. Dolomiten Wandertag'),
('9FA3C0F97FD84F12957E6F73FCBB0389', 'eng', '10th Walking day in the Dolomites'),
('9FA3C0F97FD84F12957E6F73FCBB0389', 'ita', '10. Giornata escursionistica nelle Dolomiti'),
('A8F3E3A8522143448672AD80435A38BE', 'deu', '10. Eggentaler Herbst Classic'),
('A8F3E3A8522143448672AD80435A38BE', 'eng', '10 Eggentaler Herbst Classic'),
('A8F3E3A8522143448672AD80435A38BE', 'ita', '10 Eggentaler Herbst Classic'),
('0465D969FB9642DB98F49ABE952CA66F', 'deu', '10. Gitarrentage Jenesien'),
('20D8424667EF42ACAD390F6F6BD9AF42', 'deu', '10.Golderner Fosnocht'),
('499783AA7CF34A0F86EC63FB706459CD', 'deu', '10. Grieser Platzfest'),
('499783AA7CF34A0F86EC63FB706459CD', 'eng', '10. Festival Piazza Gries / Grieser Platzfest'),
('499783AA7CF34A0F86EC63FB706459CD', 'ita', '10. Festa in Piazza Gries'),
('39B9AFB528A0483E98BFDACE69AE43CD', 'deu', '10. Hornschuss 2019 - Abfahrt für Gleiter'),
('39B9AFB528A0483E98BFDACE69AE43CD', 'eng', '9°Hornschuss 2018 - ski running'),
('39B9AFB528A0483E98BFDACE69AE43CD', 'ita', '9. Hornschuss 2018 - discesa di sci'),
('049E5F0AA3304BFCB42445C464952ACF', 'deu', '10. internationales Männerchöretreffen am Puflatsch mit Heiliger Messe'),
('049E5F0AA3304BFCB42445C464952ACF', 'eng', '10th international meeting of the male choirs on the Bullaccia with holy mass'),
('049E5F0AA3304BFCB42445C464952ACF', 'ita', '10° internazionale incontro del coro maschile sulla Bullaccia con Santa Messa'),
('40ADDFB1A5104A5A89EB123BF7A34CF5', 'deu', '10 Jahre Bibliothek Feldthurns - Jubiläumsfeier'),
('0DC1CF556A5C42B6A21451A2142484DF', 'deu', '10 Jahre Kunstwerkstatt "Akzent" Galerie'),
('0DC1CF556A5C42B6A21451A2142484DF', 'ita', '10 anni Kunstwerkstatt "Akzent Galerie'),
('9EE43BFB7DE841018148FEB5ED31B537', 'deu', '10 Jahre Museum Mansio Sebatum - Tag der offenen Tür'),
('9EE43BFB7DE841018148FEB5ED31B537', 'eng', '10 years Mansio Sebatum Museum - Open day'),
('9EE43BFB7DE841018148FEB5ED31B537', 'ita', '10 anni Museo Mansio Sebatum - Giornata delle porte aperte'),
('D5ED433CF94F40B9ACC797592C90BC98', 'deu', '10 Jahre Rittner Seilbahn'),
('D5ED433CF94F40B9ACC797592C90BC98', 'eng', '10 years Cable Car Renon'),
('D5ED433CF94F40B9ACC797592C90BC98', 'ita', '10 anni funivia del Renon'),
('82DAD121ED1F44E0884A688B87104885', 'deu', '10 Jahre Staller Alm - Ausserwegerhütte'),
('82DAD121ED1F44E0884A688B87104885', 'eng', '10 years Staller Alm Hut - Ausserweger Hut'),
('82DAD121ED1F44E0884A688B87104885', 'ita', '10 anni Malga Staller - Malga Ausserweger'),
('7F818118F58B4503904CE8F5A1C3394F', 'deu', '10 Jahre "Stefina Lödan" beim Almdorf Haidenberg in Stefansdorf/St. Lorenzen'),
('7F818118F58B4503904CE8F5A1C3394F', 'eng', '"Stefina Lödan" at Haidenberg in Stefansdorf/S. Stefano'),
('7F818118F58B4503904CE8F5A1C3394F', 'ita', '10° anniversario "Stefina Lödan" presso Haidenberg a Santo Stefano/San Lorenzo'),
('36AA39BAF87C4DBE9CF973238A974220', 'deu', '10 Jahrfeier der Texelbahn'),
('36AA39BAF87C4DBE9CF973238A974220', 'ita', '10° anniversario della funivia "Texel"'),
('A5572B2CF74941C789F3F4E139FB9C0E', 'deu', '10-jähriges Jubiläumsfest der Band "Volle Tschodo"'),
('A5572B2CF74941C789F3F4E139FB9C0E', 'eng', 'Festival for 10°anniversary of "Volle Tschodo"'),
('A5572B2CF74941C789F3F4E139FB9C0E', 'ita', 'Festa per il 10° anniversario di "Volle Tschodo"'),
('4504DB9D28C84D8584856DF340C2037B', 'deu', '10. Kunstauktion des Südtiroler Künstlerbundes'),
('4504DB9D28C84D8584856DF340C2037B', 'eng', '10th Art auction of the Südtiroler Künstlerbund'),
('4504DB9D28C84D8584856DF340C2037B', 'ita', '10a Asta d’’arte del Südtiroler Künstlerbund'),
('37A37707FBEB4F258B32E94885503D14', 'deu', '10. Niederdorfer Bauernmarkt zum Kartoffelfest'),
('37A37707FBEB4F258B32E94885503D14', 'ita', '10a "Sagra della Patata" a Villabassa - mercatino dei contadini'),
('D368218BBEC44A4899D591EB8C1F4B2E', 'deu', '10. "Niederdorfer Kartoffel Fest"  - das Original'),
('D368218BBEC44A4899D591EB8C1F4B2E', 'ita', '10a "Sagra della Patata" a Villabassa - l''originale'),
('52022A2764A14DACBE110F9DBBFDF652', 'deu', '10. "Niederdorfer Kartoffelwoche"'),
('52022A2764A14DACBE110F9DBBFDF652', 'ita', '10a "Settimana della Patata" a Villabassa'),
('F1F2807F4E6F42DE9931510237C7C948', 'deu', '10. Oberinner Schlagernacht'),
('F1F2807F4E6F42DE9931510237C7C948', 'eng', 'Music Night'),
('F1F2807F4E6F42DE9931510237C7C948', 'ita', 'Serata di musica "Fox-Trot"'),
('0A0A0BAA2BA0458AA81F14F4D4FB61D0', 'deu', '10. Preis-Goggeleheckn'),
('AAB92129C6844065BB7B4A82A2F4F2DA', 'deu', '10. Schüttelbrottrophy der Bäckerei Rabanser'),
('60C1E3AC92E1429988D4DEED4BEB7393', 'deu', '10. Südtiroler Sängerskirennen'),
('60C1E3AC92E1429988D4DEED4BEB7393', 'ita', '10° Gara cantanti Alto Adige'),
('25CE3C696D104E09A29A8CD00AB30B4D', 'deu', '10 years Classic and More - DI VÒGAIGA'),
('25CE3C696D104E09A29A8CD00AB30B4D', 'ita', '10 years Classic and More - DI VÒGAIGA'),
('47FD17D2DE264AAEBF6E44B3C32D1367', 'deu', '10 years "Dolomites UNESCO" Fest'),
('47FD17D2DE264AAEBF6E44B3C32D1367', 'eng', '10 years "Dolomites UNESCO" Fest'),
('47FD17D2DE264AAEBF6E44B3C32D1367', 'ita', '10 years "Dolomites UNESCO" Fest'),
('BFF16EC65D344F66BC1AB47D20347D74', 'deu', '10. Yoga-Meeting "Merano in Yoga"'),
('BFF16EC65D344F66BC1AB47D20347D74', 'eng', '10th Merano in Yoga meeting'),
('BFF16EC65D344F66BC1AB47D20347D74', 'ita', '10a edizione di "Merano in Yoga"'),
('75199C9977B846F2BAAF84727FFC8242', 'deu', '11. Almsingen Munt da Rina'),
('75199C9977B846F2BAAF84727FFC8242', 'ita', '11. Rassegna Cori'),
('BD65BB8CC6744C309B77C2EE3A02440E', 'deu', '11. Barbianer Zwetschkenfest in Saubach'),
('BD65BB8CC6744C309B77C2EE3A02440E', 'eng', '11th Festival of plum from Barbian in Saubach'),
('BD65BB8CC6744C309B77C2EE3A02440E', 'ita', '11. Festa delle prugne di Barbiano a San Ingenuino'),
('26055F0E32CE4D5BACF1AE4092385C23', 'deu', '11. Barbianer Zwetschkenwochen vom 31.08. - 15.09.2019'),
('26055F0E32CE4D5BACF1AE4092385C23', 'eng', '11th Barbianer Plum Weeks from 31.08. - 15.09.2019'),
('26055F0E32CE4D5BACF1AE4092385C23', 'ita', '11° Settimane delle prugne di Barbiano dal 31.08. - 15.09.2019'),
('98ACF86788904DD19E36408BDA8565CE', 'deu', '11. Eggentaler Herbst Classic'),
('98ACF86788904DD19E36408BDA8565CE', 'eng', '11. Eggentaler Herbst Classic'),
('98ACF86788904DD19E36408BDA8565CE', 'ita', '11. Eggentaler Herbst Classic'),
('0CE668469A1445A58A658607B9D6C92E', 'deu', '11-Gipfel-Tour'),
('0CE668469A1445A58A658607B9D6C92E', 'eng', '11-peaks-tour'),
('0CE668469A1445A58A658607B9D6C92E', 'ita', '11-cime-tour'),
('41A78ED159624AFD803418A89E95E388', 'deu', '11. Helmissimo'),
('41A78ED159624AFD803418A89E95E388', 'eng', '11th Helmissimo'),
('41A78ED159624AFD803418A89E95E388', 'ita', '11° Helmissimo'),
('4CF166956D8A49938CA84B06C77C878E', 'deu', '11. Internationaler Berglauf Schenna-Meran 2000'),
('4CF166956D8A49938CA84B06C77C878E', 'eng', '11th Mountainrace Schenna-Meran/o 2000'),
('4CF166956D8A49938CA84B06C77C878E', 'ita', '11° Corsa in montagna internazionale Scena-Merano 2000'),
('991A294AF8334FF98B44462F2078D6E6', 'deu', '11. Marmotta Trophy'),
('991A294AF8334FF98B44462F2078D6E6', 'eng', '11th Marmotta Trophy'),
('991A294AF8334FF98B44462F2078D6E6', 'ita', '11. Marmotta Trophy'),
('A9DDAF00E3394ADD8C13B8650C16793E', 'deu', '11. Musik- und Lederhosenfest der Bürgerkapelle Latsch'),
('A9DDAF00E3394ADD8C13B8650C16793E', 'eng', 'Music festival of the band of Laces'),
('A9DDAF00E3394ADD8C13B8650C16793E', 'ita', 'Festa di musica della banda musicale di Laces'),
('D53723B3C6D84CFE8708F534816795DF', 'deu', '11. Rieslingtage. Abendverkostung mit Franz Graf Pfeil'),
('A7B108835D774A32A2C558E4F4B6CF54', 'deu', '11. Rieslingtage. Abendverkostung mit Helmuth Zozin'),
('D6AB0CD4E2514345B260CF2948939036', 'deu', '11. Rieslingtage. Abendverkostung mit Willi Stürz'),
('53F39C768F28421DA420A1A8F1D092B8', 'deu', '11. Rieslingtage Naturns. Abendverkostung mit Alois Lageder'),
('2BA8BA8260084B6198FF083AB689859D', 'deu', '11. Rieslingtage Naturns. Abendverkostung mit Peter Dipoli'),
('C8EEE7ADAA66425E84103524A64A9EAF', 'deu', '11. Rieslingtage Naturns. Gold-Prämierung'),
('757944A711854B49A8EFB53633C6E313', 'deu', '11. Rieslingtage Naturns. Vertikalverkostung'),
('8FA372564C5043A5B19AC2B0F4BE3C87', 'deu', '11. Rieslingtage Naturns. Wine & Music'),
('AB752E976A364BFFA37ED3AB1F130E1A', 'deu', '11. Rieslingtage. Weinreise Kellerei Meran Burggräfler'),
('DE51CC0C0C954A0ABF2ED37C9CD4E389', 'deu', '11. Rieslingtage. Weinreise Kellerei Nals Margreid'),
('BABFEA5ADDCF41CEB3A3750B170024DF', 'deu', '11. Rieslingtage. Weinreise Pfannenstielhof'),
('D2EAC305F8C54F1AB77065DA19C2E763', 'deu', '11. Rieslingtage. Weinreise Weingut Kornell'),
('2DA979F17AD841D8AA4176851EAB71A1', 'deu', '11. Rieslingtage: Weinreise zum Weingut Pfitscher'),
('A343F87203F64AF8930FC322232EB781', 'deu', '11. Südtiroler Berglandwirtschaftstagung'),
('A343F87203F64AF8930FC322232EB781', 'eng', '11. Südtiroler Berglandwirtschaftstagung'),
('A343F87203F64AF8930FC322232EB781', 'ita', '11. Convegno dell''agricoltura altoatesina in montagna'),
('256E7CD054EF499D951A4C8AD1365916', 'deu', '11. Vinschger Lederhosenball'),
('256E7CD054EF499D951A4C8AD1365916', 'ita', '11° Ballo dei "Lederhosen"'),
('5771E303F5274496B46EAF8CB884CFF8', 'deu', '11. Weihnachtsmarkt in Schlanders'),
('5771E303F5274496B46EAF8CB884CFF8', 'eng', '11. Christmas market in Silandro'),
('5771E303F5274496B46EAF8CB884CFF8', 'ita', '11. Mercatino di natale a Silandro'),
('7262A8A541024A95AF68119D7A185492', 'deu', '11. Yetitrophäe'),
('7262A8A541024A95AF68119D7A185492', 'ita', '11° Trofeo Yeti'),
('E3CA7B9C82CD485EB0A3952DE58CE8EF', 'deu', '120 Jahre Freiwille Feuerwehr Schleis - Jubiläumsfest'),
('519ED83348524507A0705F2D78EECA4D', 'deu', '124. Haflinger-Galopprennen mit Festumzug'),
('519ED83348524507A0705F2D78EECA4D', 'eng', '124rd Traditional Haflinger Horse Races and procession'),
('519ED83348524507A0705F2D78EECA4D', 'ita', '124a edizione delle Corse tradizionali dei cavalli Haflinger'),
('AED86EEC2DE04B51BCE05EF88655BE06', 'deu', '124. Traditionelles Haflinger Galopprennen'),
('AED86EEC2DE04B51BCE05EF88655BE06', 'eng', '124th Traditional Haflinger horse races'),
('AED86EEC2DE04B51BCE05EF88655BE06', 'ita', '124a edizione Corse tradizionali dei cavalli Haflinger'),
('F30344CBA89F4FA3A203FEFCBC14DF23', 'deu', '1250 Innichen: Abschluss Jubiläumsjahr'),
('F30344CBA89F4FA3A203FEFCBC14DF23', 'eng', '1250 Innichen/San Candido: Graduation anniversary year'),
('F30344CBA89F4FA3A203FEFCBC14DF23', 'ita', '1250 San Candido: Chiusura dell''anniversario'),
('01F2B21DF575485CA794F372D7BC359F', 'deu', '1250 Innichen: Ausstellung "Mein Innichen"'),
('01F2B21DF575485CA794F372D7BC359F', 'eng', '1250 Innichen/San Candido: Exhibition "Mein Innichen/San Candido nel cuore"'),
('01F2B21DF575485CA794F372D7BC359F', 'ita', '1250 San Candido: Mostra "San Candido nel cuore"'),
('71B99F4388844780BF991525B4A582D6', 'deu', '1250 Innichen: Ausstellung "Mein Innichen"'),
('71B99F4388844780BF991525B4A582D6', 'eng', '1250 Innichen/San Candido: Exhibition "Mein Innichen/San Candido nel cuore"'),
('71B99F4388844780BF991525B4A582D6', 'ita', '1250 San Candido: Mostra "San Candido nel cuore"'),
('E820B0B91C7643799901C375B8B8BED3', 'deu', '1250 Innichen: Begegnung mit Francesca Melandri'),
('E820B0B91C7643799901C375B8B8BED3', 'eng', '1250 Innichen/San Candido: Meeting with Francesca Melandri'),
('E820B0B91C7643799901C375B8B8BED3', 'ita', '1250 San Candido: Incontro con Francesca Melandri'),
('BFA002968F494EA79C2D2D988EB3A43A', 'deu', '1250 Innichen: Besuch vom Kardinal Reinhard Marx'),
('BFA002968F494EA79C2D2D988EB3A43A', 'eng', '1250 Innichen/San Candido: Visit of the Cardinal Reinhard Marx'),
('BFA002968F494EA79C2D2D988EB3A43A', 'ita', '1250 San Candido: Visita del Cardinale Reinhard Marx'),
('57F150031CE24616AD6DCCB3B1E465A8', 'deu', '1250 Innichen: "Big letters"'),
('57F150031CE24616AD6DCCB3B1E465A8', 'eng', '1250 Innichen/San Candido: "Big letters"'),
('57F150031CE24616AD6DCCB3B1E465A8', 'ita', '1250 San Candido: "Big letters"'),
('7C218B36F554454088282B8FF50D79C1', 'deu', '1250 Innichen: Buchvorstellung "INNICHEN ein Bildsachbuch"'),
('7C218B36F554454088282B8FF50D79C1', 'eng', '1250 Innichen/San Candido: Book presentation "Innichen/San Candido"'),
('7C218B36F554454088282B8FF50D79C1', 'ita', '1250 San Candido: presentazione del libro di San Candido'),
('F62ED1ADF5404654A8902872DCC89170', 'deu', '1250 Innichen: Bürgerlich, bäuerlich, arm'),
('F62ED1ADF5404654A8902872DCC89170', 'eng', '1250 Innichen/San Candido: Bürgerlich, bäuerlich, arm'),
('F62ED1ADF5404654A8902872DCC89170', 'ita', '1250 San Candido: Bürgerlich, bäuerlich, arm'),
('A079B471341F45EE8999AE8201DB9E45', 'deu', '1250 Innichen: Chor- und Orchesterkonzert'),
('A079B471341F45EE8999AE8201DB9E45', 'eng', '1250 Innichen/San Candido: Choir and orchestra concert'),
('A079B471341F45EE8999AE8201DB9E45', 'ita', '1250 San Candido: Concerto corale e orchestrale'),
('666AED08535B4314B3B2554402458BF7', 'deu', '1250 Innichen: Collegium Artis Intica'),
('666AED08535B4314B3B2554402458BF7', 'eng', '1250 Innichen/San Candido: Collegium Artis Intica'),
('666AED08535B4314B3B2554402458BF7', 'ita', '1250 San Candido: Collegium Artis Intica'),
('02108340A0BC4539999D2706036C3E99', 'deu', '1250 Innichen: Das große Finale'),
('02108340A0BC4539999D2706036C3E99', 'eng', '1250 Innichen/San Candido: Grand Finale'),
('02108340A0BC4539999D2706036C3E99', 'ita', '1250 San Candido: Il gran finale'),
('56B421BB74864724A09BE0A0B1444298', 'deu', '1250 Innichen: Das große Finale'),
('56B421BB74864724A09BE0A0B1444298', 'eng', '1250 Innichen/San Candido: Grand Finale'),
('56B421BB74864724A09BE0A0B1444298', 'ita', '1250 San Candido: Il gran finale'),
('C7F53144F3EB47D8B0659F321C97DCFC', 'deu', '1250 Innichen: Eröffnung des "Geschichtsparcours"'),
('C7F53144F3EB47D8B0659F321C97DCFC', 'eng', '1250 Innichen/San Candido: Opening of the historical route'),
('C7F53144F3EB47D8B0659F321C97DCFC', 'ita', '1250 San Candido: Inaugurazione dell'' "Itinerario storico"'),
('06117B224CB743DE99A679398D16C181', 'deu', '1250 Innichen: Familienfest mit Spiele-Olympiade'),
('06117B224CB743DE99A679398D16C181', 'eng', '1250 Innichen/San Candido: Family party'),
('06117B224CB743DE99A679398D16C181', 'ita', '1250 San Candido: Olimpiadi dei giochi'),
('79A07B9380BC44EA908C339C4866EFB2', 'deu', '1250 Innichen: Festkonzert - 1250 Jahre Musica Sacra'),
('79A07B9380BC44EA908C339C4866EFB2', 'eng', '1250 Innichen/San Candido: Concert - 1250 years Musica Sacra'),
('79A07B9380BC44EA908C339C4866EFB2', 'ita', '1250 San Candido: Concerto - 1250anni musica sacra'),
('45D2D48FF9454AA0AF507B454EAA2606', 'deu', '1250 Innichen: Geburtstagsfeier'),
('45D2D48FF9454AA0AF507B454EAA2606', 'eng', '1250 Innichen/San Candido: Birthday party'),
('45D2D48FF9454AA0AF507B454EAA2606', 'ita', '1250 San Candido: Festa di compleanno'),
('08EE008BB7AB4D248B36A49DF9AAB0F2', 'deu', '1250 Innichen: Geburtstagsfest mit Festakt'),
('08EE008BB7AB4D248B36A49DF9AAB0F2', 'eng', '1250 Innichen/San Candido: Birthday party with ceremonial act'),
('08EE008BB7AB4D248B36A49DF9AAB0F2', 'ita', '1250 San Candido: Festa di compleanno con cerimonia ufficiale'),
('A55889C2ACF7440A91EE7E4F3FFC2675', 'deu', '1250 Innichen: Glaubensfest für Kinder, Jugendliche und Erwachsene'),
('A55889C2ACF7440A91EE7E4F3FFC2675', 'eng', '1250 Innichen/San Candido: Religious faith festival'),
('A55889C2ACF7440A91EE7E4F3FFC2675', 'ita', '1250 San Candido: Catechesi sul Credo per bambini, giovani e adulti'),
('80857ABDACF74CFC8D7225C93EE30E7C', 'deu', '1250 Innichen: Heilige Woche - Ostern'),
('80857ABDACF74CFC8D7225C93EE30E7C', 'eng', '1250 Innichen/San Candido: Holy week - Easter'),
('80857ABDACF74CFC8D7225C93EE30E7C', 'ita', '1250 San Candido: Settimana Santa - Pasqua'),
('D1942E1BAE5D45B5835F6A48C3C6367A', 'deu', '1250 Innichen: Historischer Festzug'),
('D1942E1BAE5D45B5835F6A48C3C6367A', 'eng', '1250 Innichen/San Candido: Historical parade'),
('D1942E1BAE5D45B5835F6A48C3C6367A', 'ita', '1250 San Candido: Corteo storico'),
('952A5E52B7814575B6883D4BD46D8610', 'deu', '1250 Innichen: Hochfest Kreuzerhöhung mit Bischof Ivo Muser'),
('952A5E52B7814575B6883D4BD46D8610', 'eng', '1250 Innichen/San Candido: Holy mass with the bishop Ivo Muser'),
('952A5E52B7814575B6883D4BD46D8610', 'ita', '1250 San Candido: Santa Messa con il Vescovo Ivo Muser'),
('1AFABFD0152B4F44A07001923A463B3D', 'deu', '1250 Innichen: Internationale Tagung'),
('1AFABFD0152B4F44A07001923A463B3D', 'eng', '1250 Innichen/San Candido: International conference'),
('1AFABFD0152B4F44A07001923A463B3D', 'ita', '1250 San Candido: Convegno internazionale'),
('D1DB4218DF8B4564A31B54C5DDC504A5', 'deu', '1250 Innichen: Julius Cornet'),
('D1DB4218DF8B4564A31B54C5DDC504A5', 'eng', '1250 Innichen/San Candido: Julius Cornet'),
('D1DB4218DF8B4564A31B54C5DDC504A5', 'ita', '1250 San Candido: Julius Cornet'),
('D4673882BBEF41A5AB0EB2836BF5EEEC', 'deu', '1250 Innichen: Kirchenmusikalischer Adventskalender und Weihnachten'),
('D4673882BBEF41A5AB0EB2836BF5EEEC', 'eng', '1250 Innichen/San Candido: Advent calendar of church music and Christmas'),
('D4673882BBEF41A5AB0EB2836BF5EEEC', 'ita', '1250 San Candido: Calendario dell''Avvento di musica sacra e Natale'),
('61C33EF7B5B3428E8CCE0AF0398C5ACB', 'deu', '1250 Innichen: Konzert für alte Musik - Jesu Mi Dulcissime'),
('61C33EF7B5B3428E8CCE0AF0398C5ACB', 'eng', '1250 Innichen/San Candido: Concert of old music - Jesu Mi Dulcissime'),
('61C33EF7B5B3428E8CCE0AF0398C5ACB', 'ita', '1250 San Candido: Concerto di musica antica - Jesu Mi Dulcissime'),
('9F4BC17266EE4E16BF26683D26522443', 'deu', '1250 Innichen: Muttertagskonzert der Musikkapelle Innichen'),
('9F4BC17266EE4E16BF26683D26522443', 'eng', '1250 Innichen/San Candido: Mother''s day concert, band of San Candido/Innichen'),
('9F4BC17266EE4E16BF26683D26522443', 'ita', '1250 San Candido: Concerto: festa della mamma, banda musicale di San Candido'),
('480D60418C044060B2E593E9EC353797', 'deu', '1250 Innichen: Orgel-Promenade'),
('480D60418C044060B2E593E9EC353797', 'eng', '1250 Innichen/San Candido: Organ promenade'),
('480D60418C044060B2E593E9EC353797', 'ita', '1250 San Candido: Passeggiata d''organo'),
('C24923917EE44B3C8B2C08670477DFF5', 'deu', '1250 Innichen: Patrozinium Klosterkirche'),
('C24923917EE44B3C8B2C08670477DFF5', 'eng', '1250 Innichen/San Candido: Patrocinium Franciscan Monastery'),
('C24923917EE44B3C8B2C08670477DFF5', 'ita', '1250 San Candido: Patrocinio Chiesa dei Francescani'),
('740AC36DAFA943299353BDE7C0354937', 'deu', '1250 Innichen: Score-Orienteering'),
('740AC36DAFA943299353BDE7C0354937', 'eng', '1250 Innichen/San Candido: Score-Orienteering'),
('740AC36DAFA943299353BDE7C0354937', 'ita', '1250 San Candido: Score-Orienteering'),
('D347ECFF30E042C89EFCE796A95990F0', 'deu', '1250 Innichen: Seminar "Gastfreundschaft als christlicher Wert"'),
('D347ECFF30E042C89EFCE796A95990F0', 'eng', '1250 Innichen/San Candido: Seminar "Hospitality as a Christian value"'),
('D347ECFF30E042C89EFCE796A95990F0', 'ita', '1250 San Candido: Seminario "Ospitalità come valore cristiano"'),
('1DFE16798D85405C8125B607D9F269AA', 'deu', '1250 Innichen: Sommersportfest'),
('1DFE16798D85405C8125B607D9F269AA', 'eng', '1250 Innichen/San Candido: Summer sports festival'),
('1DFE16798D85405C8125B607D9F269AA', 'ita', '1250 San Candido: Festa dello sport'),
('33857198B5DD44EE899CFCD4BABFC459', 'deu', '1250 Innichen: Tag der Partnerstadt Freising'),
('33857198B5DD44EE899CFCD4BABFC459', 'eng', '1250 Innichen/San Candido: Day of the twin town Freising'),
('33857198B5DD44EE899CFCD4BABFC459', 'ita', '1250 San Candido: Giornata della città gemellata Frisinga/Freising'),
('ABF7B48BF1964654A307A25D8E295F1C', 'deu', '1250 Innichen: Teatro Stabile Bolzano: "Tournèe da bar" - "Macbeth"'),
('ABF7B48BF1964654A307A25D8E295F1C', 'eng', '1250 Innichen/San Candido: Teatro Stabile Bolzano: "Tournèe da bar" - "Macbeth"'),
('ABF7B48BF1964654A307A25D8E295F1C', 'ita', '1250 San Candido: Teatro Stabile Bolzano: "Tournèe da bar" - "Macbeth"'),
('A8AA3B2223574C6E8FF75F172FA9166B', 'deu', '1250 Innichen: Teatro Stabile Bolzano: "Tournèe da bar" - "Romeo e Giulietta"'),
('A8AA3B2223574C6E8FF75F172FA9166B', 'eng', '1250 Innichen/San Candido: Teatro Stabile Bolzano:"Romeo e Giulietta"'),
('A8AA3B2223574C6E8FF75F172FA9166B', 'ita', '1250 San Candido: Teatro Stabile Bolzano: "Tournèe da bar" - "Romeo e Giulietta"'),
('0B9E28C0CFE140F2A125D3B91EAED807', 'deu', '1250 Innichen: Theateraufführung "Haunoldland"'),
('0B9E28C0CFE140F2A125D3B91EAED807', 'eng', '1250 Innichen/San Candido: Theatrical performance in German language'),
('0B9E28C0CFE140F2A125D3B91EAED807', 'ita', '1250 San Candido: Rappresentazione teatrale in lingua tedesca "Haunoldland"'),
('C87A9463C162460E9CF7BD2753921AD2', 'deu', '1250 Innichen: Uraufführung der Kantate "Tassilo: Herzog-Krieger-Mönch"'),
('C87A9463C162460E9CF7BD2753921AD2', 'eng', '1250 Innichen/San Candido: premiere of the cantata "Tassilo: duke-warrior-monk"'),
('C87A9463C162460E9CF7BD2753921AD2', 'ita', '1250 San Candido: prima esibizione della cantata "Tassilo:Duca-soldato-monaco"'),
('3CEEBBC773064AD6958E8C4679E3BF8C', 'deu', '1250 Innichen: Vorstellung des Buches "1250 Jahre Innichen"'),
('3CEEBBC773064AD6958E8C4679E3BF8C', 'eng', '1250 Innichen/San Candido: Book presentation "1250 Jahre Innichen"'),
('3CEEBBC773064AD6958E8C4679E3BF8C', 'ita', '1250 San Candido: Presentazione del libro "1250 Jahre Innichen"');

--Events - Insert at table descriptions
INSERT INTO descriptions (resource_id, lang, content)
VALUES
('FD7DC58E68A9447FB987460138FB3C85', 'deu', '★ 100. Giro d''Italia ★In Innichen ist dieses Jahr Start der 19. Etappe des  Giro d’’Italia. Die Fahrradelite trifft sich zur historischen 100. Ausgabe dieses Klassikers in den Dolomiten. Am Freitag 26. Mai 2017 kämpfen sich Radsportprofis der ganzen Welt von Innichen nach Sexten und über den Kreuzbergpass nach Sappada, Sella Chianzutan bis sie nach 191 Kilometern im 1290 m hoch liegenden Piancavallo eintreffen.08:30 Uhr Eröffnung Giro Village10:30 Uhr Präsentation Athleten'),
('FD7DC58E68A9447FB987460138FB3C85', 'eng', '★ 100th Giro d''Italia ★In San Candido starts the 19th stage of the Giro d''Italia 2017:San Candido/Innichen - Piancavallo (191km)8.30 a.m.: Opening Giro Village10.30 a.m.: Athletes Präsentation'),
('FD7DC58E68A9447FB987460138FB3C85', 'ita', '★ 100° Giro d''Italia ★San Candido e la bicicletta… una storia d’’amore infinita!Da molti anni San Candido ha un forte legame con il ciclismo. Molti turisti adorano i numerosi percorsi per mountain-bike e le ciclabili che passano tra le possenti montagne. I ciclisti qui si sentono a casa anche grazie alla calorosa ospitalità della popolazione.Dunque non c’’è da meravigliarsi se il nostro paesino sarà il punto di partenza della 19a tappa della 100a edizione del Giro d’’Italia. L’’élite del ciclismo si radunerà nelle Dolomiti per affrontare le tappe più difficili della 100a edizione di questo grande classico. Dalla Val di Fassa, passando da Ortisei fino ad arrivare da noi a San Candido!Venerdì, 26 maggio 2017 i ciclisti provenienti da tutto il mondo pedaleranno da San Candido verso Sesto, passeranno da Passo Monte Croce, Sella Chianzutan e raggiungeranno il traguardo dopo 191 km di fatica a Piancavallo, ad un’’altitudine di 1290 m.Il paese si tinge di rosa! Non perdetevi la partenza di questa tappa spettacolare che attraverserà le Dolomiti.Ore 08:30: Apertura Giro VillageOre 10:30: Presentazione atleti'),
('4231E17139FA49D0BA4C0503DB34E86B', 'deu', 'Bereits seit 100 Jahren gibt es im Marmordorf Laas einen Imkerverein. Dieses Jubiläum wird im Juli gefeiert!10 Uhr Feierlicher Gottesdienst in der Pfarrkirche St. Johannes, mit Segnung der VereinsfahneAnschließend Umzug mit der Laaser Böhmischen zum Festplatz beim Ausserloretzhof.Begrüßung durch den Vereins-Obmann Günther Tappeiner und Kurzbericht über das Vereinsgeschehen. Für Speis und Getränke wird bestens gesorgt. Zur musikalischen Unterhaltung spielen die "Laaser Böhmische" und ab 15 Uhr "Die Tengler" auf.'),
('4231E17139FA49D0BA4C0503DB34E86B', 'eng', 'Already for 100 years there is a beekeeper association in the marble village Lasa. This anniversary will be celebrated in July!10 am Holy mass in the parish church of St. John, with blessing of the club flag (in German language)Then parade with the group "Laaser Böhmische" to the fairground at the Ausserloretzhof.Festival with food and drinks as well as musical entertainment with the group "Laaser Böhmische" andfrom 3 pm with the group "Die Tengler".'),
('4231E17139FA49D0BA4C0503DB34E86B', 'ita', 'Già da 100 anni esiste un''associazione di apicoltori nel villaggio di marmo Lasa. Questo anniversario sarà celebrato a luglio!ore 10 Santa messa nella chiesa parrocchiale (in lingua tedesca), con benedizione della bandiera dell''associazionePoi sfilata con la banda "Laaser Böhmische" fino alla piazza di festa all''Ausserloretzhof.Festa con cibo e bevande eintrattenimento musicale con il gruppo "Laaser Böhmische" e dalle ore 15 con il gruppo "Die Tengler".'),
('8F118C2CCB854FF7A9B77C3AC19BCAFC', 'deu', 'Die Kohlerer Seilbahn feiert 100 Jahre am 29. Juni 2018!Ab 16 Uhr bei der Bergstation wird ein Stück Südtiroler Verkehrs- und Tourismusgeschichte mit einem Fest, Getränken und einem kleinen Imbiss gefeiert.Ab 14 bis 22 Uhr ist die Fahrt mit der Bahn kostenlos!'),
('8F118C2CCB854FF7A9B77C3AC19BCAFC', 'eng', 'The Colle-Kohlern cablecar celebrates its 100th anniversary on June 29th 2018!Starting at 4 pm, at the top station of the cable car, we will celebrate a piece of history of transport and tourism in South Tyrol. The celebration will be accompanied by refreshments.Free uso of the cable car from 2pm to 10pm.'),
('8F118C2CCB854FF7A9B77C3AC19BCAFC', 'ita', 'La funivia del Colle festeggia i suoi 100 anni il 29 giugno 2018!A partire dalle ore 16, presso la stazione a monte della funivia, si festeggia un pezzo di storia dei trasporti e del turismo in Alto Adige. I festeggiamenti saranno accompagnati da un rinfresco.Dalle ore 14 alle ore 22 la funivia sará ad uso gratuito per tutti!'),
('377ADD10E0F14C78988B9A86DAD1462F', 'deu', '1919 – 2019: Südtirol  in den letzten 100 Jahren oder der Geburtstag einer Greisin (ein Stück für ein Volk)Aus der naiven und bodenständigen Erzählperspektive eines Knechts, wird die Geschichte eines Gasthofs in einem südtiroler Bergdorf, vom Anschluss des Landes in Italien 1919 bis zur Gegenwart, als Familiensaga erzählt. Während die historischen Ereignisse als Rahmenhandlung dienen, geht es in dem Stück um den Drang nach Freiheit und seiner Diskrepanz zu einer tiefen Verwurzelung mit der Heimat, um Erbe und um die Liebe zweier Männer zu einer Frau. Vor dem Hintergrund historischer Ereignisse mischen sich absurde Komik und tragische Realität zu einem bitterbösen und gleichzeitig einfühlsamen Portrait eines einfachen und ebenso schwierigen Bergvolks.Dietmar Gamper verwebt Elemente aus Kabarett, Geistergeschichte und Volksstück, um ein Kabinettstück zu schaffen, das etwas schier Unmögliches versucht: 100 Jahre Südtirol an einem Abend! Regie und Text: Dietmar GamperEs spielen: Marlies Untersteiner, Josef Lanz, Peter Schorn, Eva Kuen, Freddy RedavidMusik: Simon Gamper'),
('1A2B6A30FB6E46BDB2644B6984D06C29', 'deu', 'Für Naturliebhaber gibt es nichts Schöneres als intensive Blütenfarben und herrliche Düfte. Diese Führung bietet Erlebnisse für alle Sinne: bunte Kräuterfelder, ätherische Öle, die in die Nase steigen, herrliche Aromen beim Verkosten und vollkommene Ruhe.Wir starten mit einem Besuch im Kräutergarten, schauen in die Trocknungs- und Verarbeitungsräume, entdecken eine Vielzahl von Kräuterprodukten und beenden unseren Rundgang mit einer kleinen, aber feinen Produktverkostung aus frischem Tee, fruchtigem Sirup, würzigem Schnapsl.Wer sich für Kräuter interessiert, wird sicherlich viel Wissenswertes über Anbau, Trocknung, Lagerung und Verwendung unserer Heil- und Gewürzpflanzen mit nach Hause nehmen.Treffpunkt & Start: Kräutergärten Wipptal, Steirerhof, Hintere Gasse 152, Wiesen um 09.45 UhrDauer: von 9.45 bis 11.45 UhrZeitraum: mittwochs vom 16. Juni bis 25. August 2021Vom 1. Juli bis zum 26. August 2021: Zusatzführungen donnerstags um 09.45 – 11.45 UhrAnforderungen: Mund-Nasen-SchutzTeilnehmeranzahl: min. 4 und max. 20 PersonenKosten: Für activeCARD Inhaber kostenlos, ansonsten 10,00€ p.P.Achtung: Eine Anmeldung ist erforderlich!'),
('1A2B6A30FB6E46BDB2644B6984D06C29', 'ita', 'Per gli amanti della natura non c’’è niente di più bello che vivere i colori e profumi dei fiori di stagione. Questa visita guidata offre un’’esperienza per tutti i nostri sensi: campi colorati, oli essenziali profumati, aromi gustosi e una pace ineguagliabile.Si parte con una visita presso i giardini aromatici, si prosegue attraverso le stanze dove vengono essiccate e lavorate le erbe scoprendo la vastità dei prodotti che vengono elaborati e si conclude la visita con una piccola degustazione di tè fresco, succoso sciroppo, una grappa speziata.Gli interessati al mondo delle erbe saranno sicuramente pienamente soddisfatti delle informazioni che riceveranno riguardo a tutti i processi di raccolta, essiccazione e utilizzo delle nostre piante.Ritrovo e partenza: Giardini aromatici Wipptal, Steirerhof, Hintere Gasse 152, Prati ore 09.45 Durata: dalle 9.45 alle 11.45 Periodo: ogni mercoledí dal 16 giungo al 25 agosto 2021Dal 1° luglio al 26 agosto 2021: visite guidate anche il giovedì dalle 09.45 alle 11.45Obbligatorio: Protezione bocca e naso (mascherina) Numero di partecipanti: min. 4 - max. 20 personeCosti: per chi possiede l‘activeCARD é gratis, altrimenti 10,00€ a personaAttenzione: la prenotazione è obbligatoria!'),
('FCDEB65BAF22402380F06B977C91A54B', 'deu', 'Am Sonntag, 09. September findet in Saubach um 10:00 Uhr die heilige Messe statt. Anschließend beginnt das traditionelle Zwetschkenfest. Das Essen und die Getränke werden von den Bäuerinnen und Bauernjugend serviert. Für die musikalische Unterhaltung sorgen die Musikkapelle Barbian und die Carreras. Alle sind recht herzlich eingeladen. Auf Euer Kommen freuen sich die Bäuerinnen und die BJ-Barbian.'),
('FCDEB65BAF22402380F06B977C91A54B', 'eng', 'Sunday, 9th September at 10 am with mass at the chruch at Saubach/S. Ingeniuno followedby the traditional festival of plum.Entertainment with the music band of Barbian and the Group "Carreras".The "Bäuerinnen" and the group "Bauernjugend" of Barbian would be happy to have you as their guest.'),
('FCDEB65BAF22402380F06B977C91A54B', 'ita', 'Domenica, 9 settembre alle ore 10 si terrá la santa messa nella chiesa di San Ingenuino e di seguito iniza la tradizionale festa delle prugne. Intrattenimento musicale con la banda musicale di Barbiano e il gruppo "Carreras".I "Bäuerinnen" e il gruppo "Bauernjugend" di Barbiano sono lieti di darVi il benvenuto.'),
('303E1B8404CD473483D9A37D8C521F62', 'deu', 'Das Barcamp Südtirol ist eine Plattform für den Wissensaustausch und die Vernetzung von Akteuren in den Branchen Tourismus und Kommunikations- und Informationstechnologie mit thematischerm Schwerpunkt „Einsatz von digitalen Technologien im Tourismus“. Organisation: NOI AG, in Zusammenarbeit mit IDM Südtirol, dem Hoteliers- und Gastwirteverband (HGV) und der Kurverwaltung Meran. Die Teilnahme am Barcamp ist kostenlos.Anmeldung hier:'),
('303E1B8404CD473483D9A37D8C521F62', 'eng', 'The Barcamp Südtirol is a platform for the exchange of knowledge and the networking of parties in the sectors of tourism and communication and information technology with a thematic focus on "Use of digital technologies in tourism". Organization: NOI AG, in cooperation with IDM Südtirol, the Hoteliers- und Gastwirteverband (HGV) and the Tourist Office Merano. Free entry.The following link for registration:'),
('303E1B8404CD473483D9A37D8C521F62', 'ita', 'Il Barcamp Südtirol è una piattaforma per lo scambio di conoscenze e una rete di operatori nei settori Turismo e Tecnologie dell’’Informazione e Comunicazione. Il tema principale dell’’evento è l’’utilizzo di tecnologie digitali nel settore turistico. Organizzazione: NOI Spa, in collaborazione con IDM Südtirol-Alto Adige, l’’Unione Albergatori e Pubblici Esercenti dell’’Alto Adige (HGV) e l’’Azienda di cura, soggiorno e turismo Merano. La partecipazione al barcamp è gratuita.Link per registrarsi:'),
('9FA3C0F97FD84F12957E6F73FCBB0389', 'deu', '10. Dolomiten WandertagInfo: lia.ciambonfs@rolmail.net'),
('9FA3C0F97FD84F12957E6F73FCBB0389', 'eng', '10th Walking day in the DolomitesInfo: lia.ciambonfs@rolmail.net'),
('9FA3C0F97FD84F12957E6F73FCBB0389', 'ita', '10. Giornata escursionistica nelle DolomitiInfo: lia.ciambonfs@rolmail.net'),
('A8F3E3A8522143448672AD80435A38BE', 'deu', 'Im Rahmen des Oldtimer-Klassikers führt eine Etappe auf das Rittern Sonnenpaletau.Ankunft der ersten Oldtimer beim Eisring der Arena Ritten in Klobenstein um 10.15 Uhr, anschließend Präzisionsbewerb im Zentrum von Klobenstein. Die Autos können im Zentrum von Klobenstein und am Parkplatz Zentral begutachtet werden.'),
('A8F3E3A8522143448672AD80435A38BE', 'eng', 'A stage of the classic old-timer race stops at Ritten/Renon.Arriving of the cars at Klobenstein/Collalbo at 10.15The old-timers can be seen at Zentral parking'),
('A8F3E3A8522143448672AD80435A38BE', 'ita', 'Una tappa del classico delle auto d''epoca porta sull''altipiano del Renon.Arrivo delle auto d’’epoca all’’anello di ghiaccio dell’’Arena Ritten a Collalbo alle ore 10.15 e successiva prova cronometrata di precisione nel centro di Collalbo. Le macchine vengono parcheggiate al parcheggio Zentral a Collalbo.'),
('0465D969FB9642DB98F49ABE952CA66F', 'deu', 'Man lernt nirgends so viel in so kurzer Zeit wie bei so einem Gitarrenworkshop.Alle Teilnehmer kriegen sozusagen Stoff für ein halbes Jahr und vieles an theoretischem Wissen – Wissen, das sie umsetzen können, nicht bloße Theorie. Es ist alles möglich: Liedbegleitung, Musikstile (Blues, Bossa usw.), Improvisation.   Nach dem Motto: Ihr sagt, WAS ihr spielen & lernen wollt   und Ossy sagt, WIE man es spielt. Workshop 1: für Anfänger und leicht FortgeschritteneWorkshop 2: für Fortgeschrittene'),
('20D8424667EF42ACAD390F6F6BD9AF42', 'deu', '10. Golderner Fosnocht im Schießstand von Goldrain, bei der Faschingsrevue des Männerchors Goldrain sind ihre Lachmuskeln gefragt.'),
('499783AA7CF34A0F86EC63FB706459CD', 'deu', 'Heuer ist es wieder soweit! Elf Vereine heißen Euch zum 10. Grieser Platzfest willkommen und freuen sich auf Euer Kommen!Programmübersicht:Samstag 26.0517.00Uhr: Eröffnung des Festes mit Fassanschlag unter der musikalischen Begleitung der Böhmischen der Bürgerkapelle Gries.18.00Uhr: Eröffnung der Benefizaktion zu Gunsten des Bäuerlichen Notstandsfonds am Stand der Südtiroler Gärtner.Ab 19.30Uhr spielen die Bands Plug & Play und No LipstickSonntag 27.058.00-9.30Uhr: Gottesdienst in der Grieser Stiftspfarrkirche11.00Uhr: Frühschoppen mit den Penny Line und den Salten OberkrainerAb 17.30Uhr spielen die Bands Vollbluet und X-LargeFür Kinder Spielmöglichkeiten beim Stand der Jugend Gries, großer Glückstopf beim Männergesangsverein Gries.'),
('499783AA7CF34A0F86EC63FB706459CD', 'eng', 'Two days of festival with lots of traditional music, food and entertainment for everyone!'),
('499783AA7CF34A0F86EC63FB706459CD', 'ita', 'Undici associazioni danno il benvenuto alla decima edizione della festa in piazza Gries!Programma:Sabato 26 maggioore 17.00: inaugurazione della festa con la Böhmische der Bürgerkapelle Griesore 18.00: presso lo stand dei floricoltori di Bolzano si inaugurerá la manifestazione di beneficenza a favore dell`associazione "Bäuerlicher Notstandfonds"A partire alle ore 19.30 suonano i complessi musicali Plug & Play e No LipstickDomenica 27 maggioAlle ore 11.00 Frühschoppen con i Penny Line e i Salten OberkrainerDalle ore 17.30 suonano i complessi musicali Vollbluet e X-LargeAnimazione per i bambini presso lo stand della Jugend Gries, lotteria presso lo stand del Coro di Gries.'),
('39B9AFB528A0483E98BFDACE69AE43CD', 'deu', 'Abfahrt für Gleiter mit Start um 10.30 Uhr am Oberen Horn. Streckenlänge 2,2 km.Anmeldung: www.wintersportbarbian.wordpress.comAnmeldeschluss: 13.02.2019 um 20 Uhr, Nachmeldungen + 5 €Startnummern-Ausgabe am Start ab 9.00 Uhr am Oberen HornMannschaftswertung (3 Teilnehmer)Infos: +39 349 12 62 997 Preisverteilung: ca. 13:30 Uhr'),
('39B9AFB528A0483E98BFDACE69AE43CD', 'eng', 'Departure for gliders with start at 10.30 am at the "Oberhorn". Distance 2.2 km.Registration: www.wintersportbarbian.wordpress.comRegistration deadline: 13.02.2019 at 8 pm, late entries + 5 €Team ranking (3 participants)Information: + 39 349 12 62 997'),
('39B9AFB528A0483E98BFDACE69AE43CD', 'ita', 'Ccon partenza alle 10.30 presso il Corno di Renon.Distanza 2,2 km.Registrazione: www.wintersportbarbian.wordpress.comTermine per la registrazione: 13.02.2019, ore 20:00Classifica squadra (3 partecipanti)Info: +39 349 12 62 997'),
('049E5F0AA3304BFCB42445C464952ACF', 'deu', '10. internationales Männerchöretreffen am Puflatsch mit Heiliger Messe ab 11.00 Uhr. 12 Chöre singen gemeinsam die 1. Tiroler Bergmesse und anschließend je 3 Lieder.'),
('049E5F0AA3304BFCB42445C464952ACF', 'eng', '10th international meeting of the male choirs on the Bullaccia with holy mass at 11 a.m.12 choirs sing the 1st tirolian holy mass and than 3 songs together.'),
('049E5F0AA3304BFCB42445C464952ACF', 'ita', '10° internazionale incontro del coro maschile sulla Bullaccia con Santa Messa dalle ore 11.00.12 cori cantano inseme la 1° Santa Messa tirolese e poi 3 brani.'),
('40ADDFB1A5104A5A89EB123BF7A34CF5', 'deu', 'Jubiläumsfeier <p>Begrüßung und Festrede zum 10-jährigem Bestehen der neuen kombiniertenBibliothek Feldthurns durch BM Konrad Messner und Kulturreferentin Elisabeth Blasbichler Pedratscher.Ich möchte'' ein Clown sein - Texte und Lieder von Hanns Dieter Hüsch.Ein literarisch-musikalisch-poetischer Abend mit Texten und Liedern des großen deutschen Kabarettisten Hanns Dieter Hüsch ( 1925-2005).Interpreten:Alfred E.Mair (Sprache und Gesang) und Robert Neumair ( E-Piano, Trompete, Akkordeon, Perkussion).Ort: Castaneum Feldthurns mit Beginn um 20.00 Uhr.'),
('0DC1CF556A5C42B6A21451A2142484DF', 'deu', 'Festakt mit Musik "Swingfabrik"Anmeldung: 30.08 - 03.09.2021 Tel. 345 0941064Jubiläumsausstellung in der Galerie11.09 - 24.09.2021 Mo-Sa 09-12 und 15-18 Uhr'),
('0DC1CF556A5C42B6A21451A2142484DF', 'ita', 'Cerimonia con musica "Swingfabrik"Prenotazione: 30.08 - 03.09.2021 Tel. 345 0941064Mostra nella galleria11.09 - 24.09.2021 Lu-Sa ore 09-12 e 15-18'),
('9EE43BFB7DE841018148FEB5ED31B537', 'deu', '10 Jahre Römermuseum Mansio Sebatumfreier Zutritt von 10:00 bis 18:00 Uhrkostenlose Führungen um 10:30, 15:00 und 17:00 UhrVeranstaltungen für Kinder im Grundschulalter um 11:00 und 16:00 Uhr'),
('9EE43BFB7DE841018148FEB5ED31B537', 'eng', '10 years Roman museum Mansio Sebatumfree entry from 10am to 6pmevents for little children at 11am and 4pm'),
('9EE43BFB7DE841018148FEB5ED31B537', 'ita', '10 anni museo dell''epoca romana Mansio Sebatumaccesso libero dalle 10:00 alle 18:00Visita guidata gratuita in lingua italiana alle 15:30Appuntamenti dedicati ai bambini tra i 6 e i 10 anni alle 11:00 e alle 16:00'),
('D5ED433CF94F40B9ACC797592C90BC98', 'deu', 'Festakt am Ing.-Josef-Riehl-Platz am Bahnhof in Oberbozen um 10 UhrProgramm:Festansprachen zum Jubiläum 10 Jahre Rittner SeilbahnMusikalische Umrahmung durch die „Rittner Bauern-Senioren-Musig“Musikalische Einlage & Malwettbewerb der Grundschule OberbozenDie neue Rittner Seilbahn wurde am 23. Mai 2009 eröffnet und bietet mit ihrem flexiblen Fahrplan, der schnellen Fahrtzeit und leichten Erreichbarkeit unzählige Vorteile für Urlauber und Einheimische am Ritten. In nur zwölf Minuten schweben die Gondeln von Oberbozen in die Landeshauptstadt Bozen und das Dank des Vier-Minutentakts ohne Wartezeiten!2018 wurden an den 337 Betriebstagen 1.113.221 Fahrgäste registriert. Im Monat August schwebten 150.245 Fahrgäste mit den Gondeln und im Juli waren es 141.440 Personen. Wir sind gespannt ob wir den Rekord von 10 Millionen Fahrgästen in 10 Jahren erreichen'),
('D5ED433CF94F40B9ACC797592C90BC98', 'eng', 'Festival on the train station in Soprabolzano/Oberbozen at 10 a.m.Just like magic - Suspended in the air as you move up to Renon’’s sunny plateauRenon''s new cable car opened on May 23, 2009, offering a whole bunch of fantastic advantages for vacationers and local commuters alike : a generous schedule, short travel time and easy access. It’’s a true gem. It only takes 12 minutes for the gondolas to move from Oberbozen/Soprabolzano to Bozen/Bolzano –they depart every 4 minutes, so there’’s practically no waiting time.'),
('D5ED433CF94F40B9ACC797592C90BC98', 'ita', 'con saluti da parte degli ospiti d''onore ed intrattenimento musicale alle ore 10 - piazza Ing. Josef-Riehl, stazione a Soprabolzano. La Funivia del Renon è stata inaugurata il 23 maggio 2009. Grazie all’’orario flessibile, la breve durata di viaggio e la facile raggiungibilità, la funivia offre innumerevoli vantaggi per i turisti e la gente del posto. In soli dodici minuti le cabine viaggiano sospese da Soprabolzano fino al capoluogo provinciale di Bolzano e, con viaggi a intervalli di soli quattro minuti, senza tempi d’’attesa! La stazione della funivia a valle è nel centro di Bolzano.'),
('82DAD121ED1F44E0884A688B87104885', 'deu', 'Die Staller Alm - Ausserwegerhütte feiert ihr 10 jähriges Jubiläum und das muss natürlich gefeiert werden.Ab 9 Uhr: Frühshoppen mit Julian und seiner ZieharmonikaAb 13 Uhr: spielt Jonas Oberstaller aus TaistenAuch für die kleinen Gäste ist bestens gesorgt, für sie steht eine Hüpfburg bereit.*Bei schlechter Witterung entfällt die Veranstaltung!'),
('82DAD121ED1F44E0884A688B87104885', 'eng', 'The Staller Alm - Ausserwegerhütte Hut celebrates its 10th anniversary and this must be celebrated.From 9 a.m.: pre-lunch drink with Julian and his accordionFrom 1 p.m.: plays Jonas Oberstaller from TaistenFor the young guests is organized a bouncy castle.*In case of bad weather, the event doesn''t take place!'),
('82DAD121ED1F44E0884A688B87104885', 'ita', 'La Malga Staller - Ausserwegerhütte compie gli anni. Certamente questo è un motivo per festeggiare.Dalle ore 9: Tradizionale "Frühshoppen" con Julian e la sua armonica a manticeDalle ore 13: suonerà Joans Oberstaller di TesidoPer gli ospiti più piccoli aspetterà un castello gonfiabile.*In caso di pioggia l''evento non avrà luogo!'),
('7F818118F58B4503904CE8F5A1C3394F', 'deu', 'Um 11.00 Uhr Wortgottesdienst, anschließend Frühschoppen mit musikalischer Umrahmung.Ab 12.30 Uhr spielen die "Die Pustertaler"'),
('7F818118F58B4503904CE8F5A1C3394F', 'eng', '"Stefina Lödan" at Haidenberg with Musical Entertainment and local specialties'),
('7F818118F58B4503904CE8F5A1C3394F', 'ita', 'Alle ore 11.00 Liturgia della Parola, dopo festa mattutina con musica.Dalle ore 12.30 musica con il gruppo "Die Pustertaler"'),
('36AA39BAF87C4DBE9CF973238A974220', 'deu', 'Die Texelbahn lädt anlässlich des 10-jährigen Jubiläum zur Jahrfeier in Partschins.Frühschoppen mit der Partschinser Böhmischen ab 11 Uhr an der Talstation Texelbahn. Ab 12 Uhr spielt die Musikgruppe "Die Klausner" am Gasthof Giggelberg und ab 13 Uhr "Maria Sulzer und Helmuth Gruber" an der Schutzhütte Nasereit!Ab 16 Uhr Radio Tirol Moderator Michl Gamper mit "Freddy Pfister Band", "Marco", "Julia Buchner", "Alexander M. Helmer" und "Allessa" an der Talstation Texelbahn.Gratis Bahnfahrt!'),
('36AA39BAF87C4DBE9CF973238A974220', 'ita', 'Vi invita alla festa del 10° anniversario della funivia "Texel" a Parcines.'),
('A5572B2CF74941C789F3F4E139FB9C0E', 'deu', 'Am 25. Mai 2019 feiert die Traminer Live-Band “Volle Tschodo” ihr 10-jähriges Bestehen mit einem großen Jubiläumsfest in der Schlossakademie Rechtenthal.Die Band wurde 2009 gegründet und überzeugt mit Liedern aus Pop, Rock, Blues, Jazz und Schlager.'),
('A5572B2CF74941C789F3F4E139FB9C0E', 'eng', 'The music band from Tramin, called "Volle Tschodo", is celebrating the 10° anniversary with a big Festival in the garden of Schloss Rechtenthal Castle.'),
('A5572B2CF74941C789F3F4E139FB9C0E', 'ita', 'Il 25 maggio 2019 il gruppo musicale "Volle Tschodo" di Termeno festeggia il suo 10°anniversario con una grande festa nel giardino del Castello Rechtenthal.'),
('4504DB9D28C84D8584856DF340C2037B', 'deu', '"NUDES Das Begehren des Anderen" ist der Titel der 10. Kunstauktion des Südtiroler Künstlerbundes. In der Prisma Galerie werden 45 Unikate zu einmaligen Startpreisen und 4 Black Boxes vorgestellt. Zum Jubiläum dauert die Auktion nicht einen Tag sondern 10 Werktage, an denen in der Galerie Prisma geboten werden kann. Pro Los werden nur 5 Gebote entgegen genommen.Für das Jubiläumsjahr haben wir mit Walter Sonnberger ein neues Konzept erarbeitet: In diesem Jahr gibt es zum ersten Mal in der Geschichte der SKB Auktion ein spezifisches Thema. NUDES. Dabei steht zwar der Akt, der nackte Körper im Mittelpunkt wird allerdings im Sinne von Entblößung und Verborgenem weitgreifend gefasst.Die Auktion startet mit der Vorbesichtigung in der Galerie Prisma am 25. November und dauert bis zum 06. Dezember 2019. Am 06. Dezember ab 19 Uhr werden die Verkäufe bekannt gegeben und die 4 Black Boxes vom Auktionator Walter Sonnberger versteigert.Öffnungszeiten: Mo 14-18 Uhr, Di-Fr 10-13 und 14-18 Uhr und Do 18-20 Uhr, Sa 10-13 Uhr'),
('4504DB9D28C84D8584856DF340C2037B', 'eng', '"NUDES The desire for the beyond" is the title of the 10th art auction of the Südtiroler Künstlerbund. In the Prisma gallery, 45 unique works will be presented at exceptional starting prices and 4 Black Boxes.On the occasion of the jubilee, the auction does not last just one day, but 10 working days during which bids can be made. There is a maximum of 5 bidders per lot.The auction starts with the preview in Galleria Prisma on the 25th November and lasts until the 6th December 2019. On the 6th December the sales will be published and the 4 Black Boxes will be auctioned by Walter Sonnberger.Opening hours: Mon. 2 pm - 6 pm, Tue-Fri. 10 am - 1 pm and 2 pm - 6 pm  and Fri. 6 pm - 8 pm, Sat. 10 am - 1 pmFor the anniversary year, we have developed a new concept with Walter Sonnberger: for the first time in the history of the SKB auction, there will be a specific theme: NUDES. The nude, the body in the centre, will be perceived as a far-reaching unveiling and concealment. This idea is expressed through the silent auction, to which you can aim anonymously, without exposing yourself personally. The Black Box system makes this procedure even more mysterious.'),
('4504DB9D28C84D8584856DF340C2037B', 'ita', '"NUDES Il desiderio dell''oltre" é il titolo della 10a asta d’’arte del Südtiroler Künstlerbund. Nella galleria Prisma saranno presentate 45 opere uniche a prezzi di partenza eccezionali e 4 Black Box. In occasione del giubileo l’’asta non dura un giorno solo bensì 10 giorni lavorativi durante i quali si possono fare le offerte. Per ogni lotto è previsto un massimo di 5 offerenti.Per l’’anno dell’’anniversario, abbiamo elaborato un nuovo concetto con Walter Sonnberger: per la prima volta nella storia dell’’asta del SKB, ci sarà un tema specifico: NUDES. Il nudo, il corpo è al centro, verrà percepito come uno svelare e un celare di ampia portata. Questa idea si esprime attraverso l’’asta silenziosa, alla quale si può puntare in modo anonimo, senza esporsi personalmente. Il sistema delle Black Box rende questa procedura ancora più misteriosa.L’’asta parte con l’’anteprima in Galleria Prisma il 25 novembre e dura fino al 06 dicembre 2019. Il 06 dicembre verranno pubblicate le vendite e saranno messe all’’asta dal battitore Walter Sonnberger le 4 Black Box.Orari d''pertura: lun. 14:00-18:00, mar.-ven. ore 10:00-13:00 e 14:00-18:00 e giov. ore 18:00-20:00, sab. ore 10:00-13:00'),
('37A37707FBEB4F258B32E94885503D14', 'deu', 'Am Samstag und Sonntag jeweils ab 10.00 Uhr bieten die Bauernund Aussteller auf ihren Ständen die typischen Niederdorfer Produkte,wie die Niederdorfer Kartoffeln, Rote Rüben, Kraut, Herbstgemüse, Obst,Eingelegtes, Apfelsaft, Eier, Honig, Natursäfte, Käse und Milchprodukte,Speck und Wurstwaren, Brot und Backwaren, Kräuter, Kräuterprodukteund Blumen sowie Gemüse und Brot zum Verkauf an.Köstlichkeiten aus erster Hand, frisch und schmackhaft.'),
('37A37707FBEB4F258B32E94885503D14', 'ita', 'Sabato e domenica, rispettivamente dalle ore 10.00 i contadinidi Villabassa e diversi espositori della vallata, saranno presenti ai lorostand con prodotti locali, come ad esempio diverse varietà di patate comela Majestic, la Désirée e la Ukama, le rape rosse, i crauti, verdure autunnali,frutta, conserve, succo di mela, le uova, il miele, i succhi naturali, ilformaggio e altri prodotti da latte da fieno, verdure e pane, i dolci, le erbemedicinali e aromatiche, fiori, i sali, i vari salumi enaturalmente anche lo „Speck“.'),
('D368218BBEC44A4899D591EB8C1F4B2E', 'deu', 'Samstag/SonntagKartoffelfest am Von Kurz Platz mit Bauernmarkt jeweils ab 10.00 UhrTypische Gerichte rund um die Kartoffel.Musikalische UnterhaltungReichhaltiges KinderprogrammNutzen Sie die bequeme Erreichbarkeit von Niederdorf mit den öffentlichen Verkehrsmitteln.Fahrpläne unter www.sii.bz.it'),
('D368218BBEC44A4899D591EB8C1F4B2E', 'ita', 'Sabato e domenica "Sagra della Patata" in Piazza von Kurz con Mercatino dei Contadini a partire dalle ore 10.00Piatti tipici intorno alla patataIntrattenimento musicaleVario programma per bambiniUtilizzi i mezzi pubblici e raggiungi comodamente Villabassa.Orari al sito www.sii.bz.it'),
('52022A2764A14DACBE110F9DBBFDF652', 'deu', '10. Niederdorfer Kartoffelwoche Spezialitätenwoche rund um die Kartoffel in den Restaurants von Niederdorf.Adler Stube (04.09.-30.09.21 jeweils von 11:30 - 14:00 Uhr und 18:30 - 21:30 Uhr), Hotel Gasthof Weiherbad (19.09.-03.10.21 jeweils von 12:00 - 14:00 Uhr und von 19:00 - 21:30 Uhr), Restaurant Samyr (17.09.-26.09.21 jeweils von 12.00 - 14:00 Uhr und 18:00 - 21:30 Uhr) und die Putzalm (18.09.-26.09.21 von 10:00 - 16:00 Uhr).Weitere Infos unter www.kartoffelfest.it!'),
('52022A2764A14DACBE110F9DBBFDF652', 'ita', 'Xa Settimana della patata a VillabassaSettimana gastronomica intorno alla patata nei ristoranti di Villabassa.Adler Stube (04/09 - 30/09/21 dalle ore 11.30 - 14.00 e dalle ore 18.30 - 21.30 Uhr), Hotel Gasthof Albergo Vivaio (19/09 - 03/10/21 dalle ore 12.00 - 14.00 e dalle ore 19.00 - 21.30), Ristorante Samyr (17/09 - 26/09/21 dalle ore 12.00 - 14.00 e dalle ore 18.00 - 21.30) e la Malga Putzalm (18/09 - 26/09/21 dalle ore 10.00 - 16.00).Ulteriori informazioni su www.kartoffelfest.it!'),
('F1F2807F4E6F42DE9931510237C7C948', 'deu', 'mit DJ und tollen Showeinlagen auf dem größten Tanzboden Südtirols am Dorfplatz in Oberinn ab 18 Uhr'),
('F1F2807F4E6F42DE9931510237C7C948', 'eng', 'with DJ and dancing performances at the centre of Auna di Sopra starting at 6 pm'),
('F1F2807F4E6F42DE9931510237C7C948', 'ita', 'con DJ e rappresentazioni di danza al centro di Auna di Sopra dalle ore 18'),
('0A0A0BAA2BA0458AA81F14F4D4FB61D0', 'deu', 'Heint terfts eiern...im Restaurant, Bar, Pizzeria Rustika...'),
('AAB92129C6844065BB7B4A82A2F4F2DA', 'deu', 'Riesentorlauf mit Start um 09:45 Uhr am Rittner HornVerlosung mit tollen Preisen!Anmeldung: www.ascbarbian.com; egger.hubert@dnet.it;Anmeldeschluss: 03.01.2018 um 21.00 UhrMannschaftswertung 3 Personen.Der Veranstalter übernimmt keine Haftung vor, während und nach dem Rennen!Ein Teil des Erlöses wird für einen guten Zweck gespendet!'),
('60C1E3AC92E1429988D4DEED4BEB7393', 'deu', '10. Südtiroler Sängerskirennen in Prags!Einschreibung: innerhalb Freitag, 11.März 2016 - 18.00 UhrNachmeldung: am Renntag, von 10.00 - 12.00 Uhr in der Skihütte Bar-Restaurant SonnleitenNummernverteilung: ab 12.15 Uhr - ZielgeländeStart: Samstag, 12. März 2016 - um 13.00 UhrTageskarte: Gültige Skipässe: Hochpustertal, Kronplatz und Dolomiti Superski                  Für Teilnehmer ohne gültige Skipässe: ermäßigte HalbtageskarteNenngeld: 10,00 €                 Kinder bis 14 Jahren: 8,00€                Gästeklasse: 13,00 €Siegerehrung: Im Anschluss an das Rennen im ZielgeländeAnschließende Partystimmung mit Livemusik!'),
('60C1E3AC92E1429988D4DEED4BEB7393', 'ita', '10° Gara cantanti del Alto Adige a Braie presso gli impianti Kameriot!'),
('25CE3C696D104E09A29A8CD00AB30B4D', 'deu', 'Programm:Eigene alpenländische MusikBei Regen findet das Konzert im Mehrzwecksaal von Pfatten statt.Eintritt freiWenn Di Vògaiga aufspielen, also vorgeigen, dann klingt das nicht nur vertraut und normal. Zuweil wecken die kreativen Musiker sogar den Eindruck, als würden sie ihren Aufritt "vergeigen", was jedoch durchaus beabsichtigt ist, denn sie wollen überraschen und staunen machen. In jedem Fall ist ihre Musik alpenländisch, humorvoll und modern. 2011 ist das Gründungsjahr dieses Ensembles.'),
('25CE3C696D104E09A29A8CD00AB30B4D', 'ita', 'Programma:Proprie musiche alpineIn caso di maltempo il concerto si terrà nella sala polifunzionale di Vadena.Ingresso gratuitoQuando Di Vògaiga suonano, nell''aria si sente qualcosa di familiare e comune. Spesso questi musicisti creativi danno l''impressione di sbagliare mentre si esibiscono, questo è del tutto voluto, dato che vogliono sorprendere e stupire il loro pubblico. Comunque la loro musica è alpina, piena di umore e moderna. Di Vògaiga si sono formati come ensemble nel 2011.'),
('47FD17D2DE264AAEBF6E44B3C32D1367', 'deu', '2019 feiert das Dolomiten UNESCO Welterbe sein zehnjähriges Jubiläum. Das Dolomites UNESCO Fest in St.Vigil/San Vigilio ist die Hauptveranstaltung der Jubiläumsfeierlichkeiten. 10:00 Uhr: Heilige Messe mit Paul Renner und Pfarrer Heinrich Perathoner<br>11:00-17.00 Uhr: Das Herzstück des Festes bilden die Beiträge verschiedener Institutionen und Vereine, die auf der Erlebnismeile mit einem vielseitigen Programm, mit Spielen, kulinarische Köstlichkeiten und geführten Wanderungen für Kinder und Erwachsene für das Welterbe sensibilisieren und informieren. <br>11:30 Uhr: Offizielle Reden<br>14:30 Uhr: Großer Festumzug der Sagen des Fanesreiches<br>Ab 18:00 Uhr: Musikalischer Unterhaltung mit Alexander d’’Al Plan und Ermes Costa und kulinarische Köstlichkeiten.<br>Ab 20:00 Uhr: Konzert der Band Volxrock <br>'),
('47FD17D2DE264AAEBF6E44B3C32D1367', 'eng', 'On 29.06.2019 the official <b> 10th anniversary of Dolomiti UNESCO </b> will take place in St. Vigil in Enneberg. With this great event, St. Vigil can point out the importance and great importance of the UNESCO trademark for our landscape, above all for the local population and, consequently, for all visitors. <P>10:00 am: Holy Mass with Paul Renner and Pastor Heinrich Perathoner <br>10 am - 6pm: <b>Cultural, gastronomy & musical programme for kids and adults:</b> <br>2:30 pm: Big  parade of the legends of the Fanes empire <br>6 pm: Music intertaiment with Alexander d’’Al Plan & Ermes Costa and culinary dishes<br>8 pm: Concert with the band Volkrock <br>'),
('47FD17D2DE264AAEBF6E44B3C32D1367', 'ita', 'Il 29.06.2019 si svolgerà il <b> 10 ° anniversario ufficiale delle Dolomiti UNESCO </b> a San Vigilio. Con questo grande evento, San Vigilio può sottolineare l''importanza e la grande importanza del marchio UNESCO per il nostro paesaggio, soprattutto per la popolazione locale e, di conseguenza, per tutti gli ospiti. <p>Ore 10:00:  Santa Messa con Paul Renner e Heinrich Perathoner <br>Ore 11:00-17:00: Il cuore della manifestazione è il miglio esplorativo; qui grandi e piccini potranno visitare ed esplorare i diversi stand informativi, culinari e naturalistici offerti dalle istituzioni ed associazioni, come anche partecipare a delle escursioni guidate. <br>Ore 11:30: discorsi ufficiali <br>Ore 14:30: Grande sfilata delle leggende del Fanes <br>Ore 18:00: Intrattenimento con Alexander d’’Al Plan e Ermes Costa e gustosità culinarie.<br>Ore 20:00: Concerto con il gruppo Volkrock <br>'),
('BFF16EC65D344F66BC1AB47D20347D74', 'deu', 'International angesehene Lehrmeister der verschiedensten Disziplinen leiteten in den vergangenen Ausgaben Seminare und vielfältige Zusammenkünfte.„Merano in Yoga“ ist ein Festival für Einsteiger und Fortgeschrittene gleichermaßen. Mehr Infos:'),
('BFF16EC65D344F66BC1AB47D20347D74', 'eng', 'Important international teachers of different arts kept in the past editions seminars and meetings. It’’s a festival for everyone, beginners, lovers and those already introduced to oriental doctrines and techniques to find some well-being.More informations:'),
('BFF16EC65D344F66BC1AB47D20347D74', 'ita', 'Importanti maestri internazionali di diverse discipline hanno condotto nelle edizioni passate seminari e incontri. Un festival per tutti, principianti, appassionati e praticanti delle discipline orientali e di tecniche per la ricerca del benessere.Ulteriori informazioni:'),
('75199C9977B846F2BAAF84727FFC8242', 'deu', '11. Almsingen auf der Welschellener Alm<p>Transportdienst mit Bus ab Sportplatz von Welschellen!'),
('75199C9977B846F2BAAF84727FFC8242', 'ita', '11. Rassegna Cori alla malga di Rina!<p>Servizio di trasporto con bus navetta dal campo sportivo di Rina.'),
('BD65BB8CC6744C309B77C2EE3A02440E', 'deu', 'WURDE WEGEN SCHLECHTER WITTERUNG ABGESAGT.Am Sonntag, 08. September 2019 findet in Saubach mit Beginn um 11:00 Uhr das 11. Barbianer Zwetschkenfest in Saubach statt. Um 12:00 Uhr Anschneiden des Barbianer Zwetschkenstrudels. Für das leibliche Wohl sorgen die Barbianer Bäuerinnen und die Bauernjugend mit traditionellen Zwetschkengerichten. Es unterhalten Sie die "Böhmische Kollmann" und "Die Carreras aus Süddtirol".Wir freuen uns auf Euer Kommen!'),
('BD65BB8CC6744C309B77C2EE3A02440E', 'eng', 'WAS CANCELLEND BECAUSE OF THE BAD WEATHER FORCASTOn Sunday, 08. September 2019, in Saubach is beginning at 11 o Clock the 11th Festival of plum from Barbian in SaubachAt 12:00 clock cutting Barbian plum strudel.For the physical well-being of the Barbian farmers and the peasant youth provide with traditional plum dishes. You entertain the "Böhmische Kollmann" and the "Carreras from South Tyrol".We look forward to seeing you!'),
('BD65BB8CC6744C309B77C2EE3A02440E', 'ita', 'È STATO ANULLATO A CAUSA DEL MALTEMPODomenica, 8 settembre alle ore 11 inizio della tradizionale festa delle prugne a San Ingneuino/Barbiano. Intrattenimento musicale con il gruppo"Kollmanner Böhmische" e i "Carreras aus Südtirol". Tutti sono invitati!'),
('26055F0E32CE4D5BACF1AE4092385C23', 'deu', 'Während der 11. Barbianer Zwetschkenwochen verwöhnen Sie die Barbianer Gastbetriebe mit Gerichten rund um die Barbianer Zwetschke. In den Barbianer Geschäften erhalten Sie verschiedene Produkte aus der köstlichen, blauen Frucht: Zwetschkenbrot, Süßspeisen und vieles mehr.Die teilnehmenden Betriebe:Bäckerei Rabanser, Buschenschrank Unteraichnerhof, Gasthof Briol, Gasthof Rösselwirt, Gasthof Saubacherhof, Gasthof Zur Traube, Gemischtwarenhandel Rabanser "Despar".'),
('26055F0E32CE4D5BACF1AE4092385C23', 'eng', 'During the  Plum Weeks in Barbian, the  hotels and restaurants will be offering exquisite specialties made of  plums, while in the shops in Barbian you can get a variety of products from the delicious blue fruit: plump bread, sweets and much more.Restaurants and Shops:Bakery Rabanser, Farmers Inn Unteraichnerhof, Rastaurant Briol, Restaurant Rösselwirt, Restaurant Saubacherhof, Restaurant Zur Traube, Market Rabanser "Despar".'),
('26055F0E32CE4D5BACF1AE4092385C23', 'ita', 'Durante le settimane delle prugne di Barbiano i ristoranti servono piatti squisiti a base di prugne autoctone, nei negozi si trovano prodotti tipici di questo delizioso “frutto blu”: pane alle prugne, dolci e tanti altri prodotti.Ristoranti e negozi partecipanti:Panificio Rabanser, Locanda contadina Unteraichnerhof, Albergo Briol, Albergo Rösselwirt, Albergo Saubacherhof, Albergo Zur Traube, Alimentari Rabanser "Despar".'),
('98ACF86788904DD19E36408BDA8565CE', 'deu', 'Nostalgie pur bei der Oldtimer Rallye "Eggental Herbst-Classic": Edle Fahrzeuge mit grollenden Motoren und altem Leder bringen vom 06. Oktober bis 09. Oktober 2016 das Eggental wieder zum Beben. Zahlreiche Oldtimerbegeisterte aus verschiedenen Ländern treffen sich nun bereits zum 11. Mal im Eggental, um gemeinsam die Oldtimersaison mit einer der schönsten Rallyes ausklingen zu lassen. Die Vielfältigkeit der Landschaft südlich der Alpen ermöglicht es uns auch heuer wieder Routen zu fahren und Plätze zu entdecken, die wir alle so noch nicht kennen und uns sicherlich wieder unbeschreiblich schöne Momente schenken werden. Der neue Rennmodus von Karlheinz Schott die Bewährungsprobe mit Bravour bestanden und so wird auch die diesjährige Rallye nach demselben Prinzip ablaufen.Eine traumhafte Landschaftskulisse in Zusammenhang mit erstklassigen Gaumenfreuden, lustigen Abenden und netten Leuten versprechen schon jetzt eine unvergessliche Eggentaler Herbst Classic 2016.'),
('98ACF86788904DD19E36408BDA8565CE', 'eng', 'For the 11th year verhicles with grumbling motors and antique leather transform the Val d''Ega, from 6th to the 9th October 2016, into a paradise for classic car passionates.Participants from different countries meet already got the 11th time in Val d''Ega to finish off the classic car season with one of the most beautiful rallies.'),
('98ACF86788904DD19E36408BDA8565CE', 'ita', 'Un evento da segnare in agenda per proprietari e appassionati di auto d''epoca: un raffinato tour di 3 giorni e 400 km tra cime e vallate dolomitiche, che unisce lo spettacolo dell''autunno e l''atmosfera prestigiosa garantita dalle 4 ruoto di un tempo.Macchine d’’epoca con motori rumorosi e cuoio vecchio trasformeranno la Val d’’Ega dal 06 ottobre al 09 ottobre 2016 in un paradiso per gli appassionati di queste macchine storiche. Partecipanti provenienti da tutto il mondo si danno appuntamento per l’’nona volta in Val d’’Ega per partecipare ad uno dei rally più belli e per celebrare insieme la fine della stagione. La varietà del paesaggio delle Alpi ci dà la possibilità di scegliere anche quest’’anno percorsi ancora sconosciuti che ci regaleranno sicuramente dei momenti emozionanti e indescrivibili. Un incantevole paesaggio abbinato con squisite delizie del palato, divertenti serate in compagnia e gente simpatica promettono già adesso un’’Eggentaler Herbst Classic 2016 indimenticabile.'),
('0CE668469A1445A58A658607B9D6C92E', 'deu', 'Leichte Gipfel, steile Anstiege, sattgrüne Hochalmflächen und das alles umrahmt von Ein- und Ausblicken in die einmalige Bergwelt der Ostalpen mit Rieserferner, Hohe Tauern und die nahe gelegenen Dolomiten.1 Wanderung - 11 Gipfel - 2800 HöhenmeterDIE ANMELDUNGEN ZUR 11-GIPFEL-TOUR 2022 ÖFFNEN ENDE MAI / ANFANG JUNI (Datum wird noch festgelegt)'),
('0CE668469A1445A58A658607B9D6C92E', 'eng', 'Easy peaks, steep rises, deep green alpine meadows and that all surrounded by a fantastic view to the unique mountain world of the Eastern Alps with Rieserferner Group and Hohe Tauern and the famous Dolomites.1 Tour - 11 peaks - 2.800 m difference in altitudeTHE REGISTRATIONS FOR THE 11 SUMMIT TOUR 2022 OPEN AT THE END OF MAY / BEGINNING OF JUNE (date to be determined)'),
('0CE668469A1445A58A658607B9D6C92E', 'ita', 'Cime facili, salite ripidi, alpeggi e tutto questo circondato da una vista panoramica mozzafiato verso le Vedretti di Ries, gli Alti Tauri e le vicine Dolomiti.1 giornata - 11 cime - 2800 m di dislivelloLE ISCRIZIONI AL TOUR INIZIANO A FINE MAGGIO / INIZIO GIUGNO (data da stabilire)'),
('41A78ED159624AFD803418A89E95E388', 'deu', 'Der längste Riesentorlauf des Pustertals.StreckenprofilStart: 2.030 mZiel: 1.125 mHöhenunterschied: 905 mStreckenlänge: 4,5 kmTore: 104'),
('41A78ED159624AFD803418A89E95E388', 'eng', 'The longest giant slalom race in the Pusteria Valley.CourseStart: 2.030 mArrival: 1.125 mAltitude difference: 905 mCourse length: 4,5 kmGates: 104'),
('41A78ED159624AFD803418A89E95E388', 'ita', 'Lo slalom gigante più lungo della Val Pusteria.Profilo del percorsoPartenza: 2.030 mArrivo: 1.125 mDislivello: 905 mLunghezza percorso: 4,5 kmPorte: 104'),
('4CF166956D8A49938CA84B06C77C878E', 'deu', 'Berglauf in einmaliger Landschaft mit Start im Dorfzentrum von Schenna und Ziel am Piffinger Köpfl in Meran 2000: mit einer Streckenlänge von 10 km (davon 3 km Asphalt, 7 km Bergpfad) und einem Höhenunterschied von 1300 m eine athletische Herausforderung.'),
('4CF166956D8A49938CA84B06C77C878E', 'eng', '10 km (+1300 m altitude difference): 3 km asphalted road, 7 km mountain path'),
('4CF166956D8A49938CA84B06C77C878E', 'ita', 'Una competizione in un splendido paesaggio montano con partenza al centro di Scena e arrivo al Piffinger Köpfl a Merano 2000. Una vera sfida sportiva su un tracciato di 10 km (3 km strada massicciata, 7 km sentiero) con un dislivello di 1300 m.'),
('991A294AF8334FF98B44462F2078D6E6', 'deu', 'Die Marmotty Trophy gehört zu den Klassikern der Ski-Wettkämpfen, auch in diesem Jahr findet das Vertikalrennen und das klassische Skitouren-Einzelrennen im Martelltal statt. Zahlreiche Athleten aus der ganzen Welt werden an dem Sportevent teilnehmen. Für Zuschauer bietet die Marmotta Trophy eine Gelegenheit den Sport besser kennenzulernen, der Start und das Ziel sind beim Hotel Paradiso im Hintermartell.'),
('991A294AF8334FF98B44462F2078D6E6', 'eng', 'The Marmotta Trophy belongs to the classics of the sci race, also this year the vertical running and the classic ski tour singles running take part in the sports event. For spectators arises the Marmotta Trophy an opportunity to get to know better the sport, the start and the aim are at the hotel Paradiso in Val Martello.'),
('991A294AF8334FF98B44462F2078D6E6', 'ita', 'Il trofeo Marmotta appartiene ai classici sci scommesse, quest''anno ha tenuta la vertical race e la gara di singolo tour sci classico in Val Martello. Numerosi atleti provenienti da tutto il mondo saranno presenti all'' evento sportivo. Il trofeo Marmotta offre l'' opportunità di saperne di più su questo sport per spettatori, l'' inizio e la fine sono presso l'' hotel Paradiso nella alta Val Martello.'),
('A9DDAF00E3394ADD8C13B8650C16793E', 'deu', 'Alljährlich im Sommer lädt die Bürgerkapelle Latsch zum traditionellen Lederhosen- & Musikfest auf den Festplatz von Latsch. „Goaslschnöller“ und Schuhplattler stimmen die Besucher auf die Festtage ein, am Sonntagvormittag wird zum Frühschoppen aufgespielt. Für Dirndl- und Lederhosenträger gibt es tolle Preise zu gewinnen.'),
('A9DDAF00E3394ADD8C13B8650C16793E', 'eng', 'Every year during summer, the Laces regional orchestra invites people to its traditional Lederhosen and music festival held at the Laces festival grounds. "Goaslschnöller" and Schuhplattler entice the visitors along on the festival days, and people will be playing for a pre-lunch pint on the Sunday morning. There are fantastic prizes to be won by those wearing Dirndl and Lederhosen.'),
('A9DDAF00E3394ADD8C13B8650C16793E', 'ita', 'Tutti gli anni la banda musicale di Laces invita tutti alla tradizionale Festa della musica e dei pantaloni di cuoio nella piazza della festa di Laces. „Goaslschnöller“, gli schioccatori di frusta, e „Schuhplattler“, i danzatori tirolesi, aprono la festa e la domenica mattina ci si ritrova per una colazione tipica. I migliori costumi tradizionali e pantaloni di cuoio saranno premiati.'),
('D53723B3C6D84CFE8708F534816795DF', 'deu', 'Im Zuge der Rieslingtage stellen einige der bekanntesten und renommiertesten Winzer und Kellermeister ihre Betriebe und Weinkollektionen im Wintergarten vom Berggasthof Unterstell vor – grandiose Ausblicke auf das nächtliche Naturns inklusive! Franz Pfeil hat aus Kränzel nicht nur ein renommiertes Weingut gemacht, sondern durch Gartenanlagen, Ausstellungsmöglichkeiten für Künstler und einem Restaurant ein Gesamtkunstwerk geschaffen. 6 Hektar Rebflächen werden bearbeitet, vor allem die Weißweine weisen einen unverwechselbaren Charakter auf.TREFFPUNKT: 20.55 Uhr bei der Seilbahn Unterstell, Abfahrt mit Seilbahn pünktlich um 21.00 Uhr.'),
('A7B108835D774A32A2C558E4F4B6CF54', 'deu', 'Im Zuge der Rieslingtage stellen einige der bekanntesten und renommiertesten Winzer und Kellermeister ihre Betriebe und Weinkollektionen im Wintergarten vom Berggasthof Unterstell vor – grandiose Ausblicke auf das nächtliche Naturns inklusive! Manincor gehört zu den bekanntesten Namen der Südtiroler Weinwelt. Besitzer und Winzer Michael Graf Goëss-Enzenberg, Präsident der Freien Weinbauern Südtirol, wagte die Umstellung auf den biodynamischen Anbau und die weltweite Nachfrage seiner Weine gibt ihm Recht. Manincors Kellermeister Helmuth Zozin stellt bei dieser Verkostung eine Auswahl der Weine vor.TREFFPUNKT: 20.55 Uhr bei der Seilbahn Unterstell, Abfahrt mit Seilbahn pünktlich um 21.00 Uhr.'),
('D6AB0CD4E2514345B260CF2948939036', 'deu', 'Im Zuge der Rieslingtage stellen einige der bekanntesten und renommiertesten Winzer und Kellermeister ihre Betriebe und Weinkollektionen im Wintergarten vom Berggasthof Unterstell vor – grandiose Ausblicke auf das nächtliche Naturns inklusive! Seit 1992 ist Willi Stürz leitender Kellermeister in der Kellerei Tramin und hat sich seitdem zu einem der renommiertesten Kellermeister Italiens entwickelt. Durch seine hohen Qualitätsansprüche gilt die Kellerei Tramin beim Weißwein mittlerweile als eine der ersten Adressen in Italien.'),
('53F39C768F28421DA420A1A8F1D092B8', 'deu', 'Im Zuge der Rieslingtage stellen einige der bekanntesten und renommiertesten Winzer und Kellermeister ihre Betriebe und Weinkollektionen im Wintergarten vom Berggasthof Unterstell vor – grandiose Ausblicke auf das nächtliche Naturns inklusive! Alois Lageder war einer der Wegbereiter des biodynamischen Weinbaus in Südtirol und gehört heute zu den Winzern mit internationalem Renommee. Auch architektonisch ging Lageder neue Wege und ebnete mit der futuristischen Kellerei-Architektur in Margreid den Weg zum Architektur-Boom in der Weinwelt.TREFFPUNKT: 20.55 Uhr bei der Seilbahn Unterstell, Abfahrt mit Seilbahn pünktlich um 21.00 Uhr.'),
('2BA8BA8260084B6198FF083AB689859D', 'deu', 'Im Zuge der Rieslingtage stellen einige der bekanntesten und renommiertesten Winzer und Kellermeister ihre Betriebe und Weinkollektionen im Wintergarten vom Berggasthof Unterstell vor – grandiose Ausblicke auf das nächtliche Naturns inklusive! Peter Dipoli gilt als „Weinpapst in Südtirol“. Er ist Winzer, Weinhändler und Mitbegründer der „Freien Weinbauern Südtirol“. Seine Leidenschaft gilt Weinen, die Terroir, Habitat und Jahrgang bestmöglichen Ausdruck verleihen.TREFFPUNKT: 20.55 Uhr bei der Seilbahn Unterstell, Abfahrt mit Seilbahn pünktlich um 21.00 Uhr.'),
('C8EEE7ADAA66425E84103524A64A9EAF', 'deu', 'Verleihung der Auszeichnung bester Riesling 2014, der auf nationalem Gebiet angebaut wurde. Von den zehn besten werden die ersten Drei prämiert und der Presse vorgestellt.Im Anschluss besteht die Möglichkeit die Weine aus dem Bewerb zu verkosten. Ab 13.00 Uhr im Dolce Vita Hotel Feldhof****S.'),
('757944A711854B49A8EFB53633C6E313', 'deu', 'Vertikale Riesling Verkostung mit dem Weingut Falkenstein (Naturns, Südtirol)Verkosten Sie verschiedene Rieslingjahrgänge des Weinguts Falkenstein, erschmecken Sie Jahrgangsunterschiede und Besonderheiten und beobachten dabei die Entwicklung des Weinguts. Ab 10.00 Uhr im Zivilschutzzentrum Naturns (Gustav Flora-Straße, Halle Weißes Kreuz).Riesling-Gold-PrämierungVerleihung der Auszeichnung bester Riesling 2014, der auf nationalem Gebiet angebaut wurde. Von den zehn besten werden die ersten Drei prämiert und der Presse vorgestellt.Im Anschluss besteht die Möglichkeit die Weine aus dem Bewerb zu verkosten. Ab 13.00 Uhr im Dolce Vita Hotel Feldhof****S (Rathausstraße 4).'),
('8FA372564C5043A5B19AC2B0F4BE3C87', 'deu', 'Gemütliches Beisammensein, guter Wein, entspannende Musik – das sind die Zutaten für einen schönen Abend. Auch dieses Jahr bietet die beliebte Konzertreihe „Wine & Music“ nicht nur musikalische Highlights, sondern auch die Möglichkeit durch die Rieslingwelt zu reisen. Eine speziell von der Weinakadamikerin Monika Unterthurner zusammengestellte Rieslingkarte verspricht eine Auswahl der weltweit Rieslingweine aus internationalen Anbaugebieten.Programm: 15.10.: Duo Subset Beginn: 20.00 Uhr, Bar i’’Tipftl, Hauptstraße 4622.10.: Lukas Insam Trio, Beginn: 20.00 Uhr, Bar Sanzeno, Bahnhofstraße   29.10.: Mas Que Nada, Beginn: 19.00 Uhr, Lebensmittel & Feinkost Unterthurner, Hauptstraße 2205.11.: Bayou Side, Beginn: 20.00 Uhr, Sportbar Naturns, Bahnhofstraße 6712.11.: Frederik’’s, Beginn: 20.00 Uhr, Hotel Restaurant Kreuzwirt, Hauptstraße 47'),
('AB752E976A364BFFA37ED3AB1F130E1A', 'deu', 'Eine der größten Kellereien in Südtirol vereint Klein-und Kleinstproduzenten von Lana bis nach Kastelbell unter seinem Dach. Seit der Fusion 2001 hat sich die Kellerei Meran dem Ausbau von hochqualitativen Weinen verschrieben. Wettbewerbserfolge und Höchstbewertungen haben den neu eingeschlagenen Weg bisher bestätigt.'),
('DE51CC0C0C954A0ABF2ED37C9CD4E389', 'deu', 'Bereits die Architektur drückt aus, wofür die Kellerei Nals steht: Tradition und Innovation. Die Ernte von 150 Hektar wird in dieser Kellerei verarbeitet. Die große Vielfalt an Böden, Lagen, Rebsorten und Mikroklimen spiegelt sich in den charaktervollen Weinen der Kellerei Nals wieder.'),
('BABFEA5ADDCF41CEB3A3750B170024DF', 'deu', 'Johannes Pfeifer gilt als einer der großen Aufsteiger in der Südtiroler Weinwelt und heimst vor allem mit den typisch südtiroler Sorten Lagrein und St. Magdalener Anerkennung und Auszeichnungen ein. Seit über 200 Jahren bewirtschaftet die Familie Pfeifer die Weinberge am Bozner Stadtrand und was über Monate in den Weinbergen reift, wird in den alten Kellern des Gutes zu authentischen Weinen veredelt.'),
('D2EAC305F8C54F1AB77065DA19C2E763', 'deu', 'Der „räthische Wein“ war schon bei den römischen Kaisern besonders beliebt. Nicht auszuschließen, dass der ein oder andere gute Tropfen auf den Böden des heutigen Weinguts Kornell angebaut wurde. Zahlreiche archäologische Funde bezeugen den bereits vorchristlichen Weinanbau in dieser Gegend. Heute wird das Weingut von Florian Brigl geleitet, der aus einer der ältesten Winzerfamilien Südtirols stammt. Aus seinen 15ha Rebfläche schafft er zusammen mit seinem jungen Team einige der spannendsten und besten Weine Südtirols.'),
('2DA979F17AD841D8AA4176851EAB71A1', 'deu', 'Seit über hundert Jahren hat sich die Familie Pfitscher dem Weinbau verschrieben. Vor allem in den letzten Jahrzehnten konnte sich das Weingut durch Fleiß und höchsten Qualitätsanspruch an der vordersten Front der Südtiroler Weinbauern positionieren, hat aber gleichzeitig das Kunststück geschafft, individuell und autark zu bleiben. Die Prognose steht auch weiterhin auf Wachstum und mit Daniel, Hannes und Marion steht schon die nächste Generation des Weinguts Pfitscher in den Startlöchern.'),
('A343F87203F64AF8930FC322232EB781', 'deu', 'Der Beratungsring Berglandwirtschaft lädt auch heuer wieder alle Bergbauern und Interessierte zur alljährlichen Berglandwirtschaftstagung im Forum Brixen ein.Die Tagung beginnt um 09.00 Uhr, der Abschluss ist um 12.30 Uhr vorgesehen. An einem Tag Wissen, Informationen und Erfahrungen sammeln.'),
('A343F87203F64AF8930FC322232EB781', 'eng', 'Der Beratungsring Berglandwirtschaft lädt auch heuer wieder alle Bergbauern und Interessierte zur alljährlichen Berglandwirtschaftstagung im Forum Brixen ein.Die Tagung beginnt um 09.00 Uhr, der Abschluss ist um 12.30 Uhr vorgesehen. An einem Tag Wissen, Informationen und Erfahrungen sammeln.'),
('A343F87203F64AF8930FC322232EB781', 'ita', 'Anche quest''anno il "Beratungsring Berglandwirtschaft" invita tutti i contadini in montagna ed interessati a venire a questo convegno presso il Forum Bressanone. Il convegno inizia alle ore 9 e dura fino alle ore 12.30. Venga anche Lei e si informi sulle tematiche nuove.'),
('256E7CD054EF499D951A4C8AD1365916', 'deu', 'Ja liebe Freunde es ist soweit, der 11. Vinschger Lederhosenball steht vor der Tür, am 27. April 2018 im Kultursaal von Burgeis organisiert von den ORIGINALEN SCHLEISER.Für Stimmung sorgen "Sauguat" ,die "Freddy Pfister Band"und "NEEDEX and LR"Eintritt ab 18 Jahren nur mit Diendl, Lederhosen und/oder traditioneller Tiroler Kleidung.Auf Euer Kommen freut sich die gesamte Mannschaft der Originalen Schleiser und des ASC Schleis'),
('256E7CD054EF499D951A4C8AD1365916', 'ita', 'Ballo dei "Lederhosen" (pantaloni tipici in pelle) nella sala culturale di Burgusio.Ingresso solo con vestiti tirolesi: Lederhosen, Dirndl, ecc.Intrattenimento musicale con il gruppo "Sauguat" , "Freddy Pfister Band"e "NEEDEX and LR"'),
('5771E303F5274496B46EAF8CB884CFF8', 'deu', 'Einfach Green Pass bereit halten - wir freuen uns auf Ihren Besuch!Während der Adventszeit liegt eine vorweihnachtliche Stimmung in der Fußgängerzone von Schlanders. Am Wochenende Mitte Dezember findet der alljährliche Weihnachtsmarkt statt. Vinschger Hobby-Künstler und Handwerker sowie heimische und italienische Produzenten bieten handgemachte Geschenkideen, traditionelles Kunsthandwerk und lokale Produkte.Umrahmt wird das romantische Wochenende im Herzen von Schlanders durch weihnachtliche Klänge.In den Geschäften finden Sie spezielle Aktionen und die Gastbetriebe verwöhnen Sie mit traditionellen und lokalen Köstlichkeiten.Termine:11. + 12.12.202118. + 19.12.2021Wichtig für Ihren Besuch:1. Zeigen Sie Ihren Green Pass an einem unserer Check-Points 2. Sie erhalten ein Armband das den ganzen Tag gültig ist3. Sie können Konsumation und Einkäufe innerhalb des Weihnachtsmarktes frei tätigen.Passanten sowie Anrainer die den Markt nicht besuchen möchten benötigen kein Armband und auch keine Green Pass Kontrolle.'),
('5771E303F5274496B46EAF8CB884CFF8', 'eng', 'During the Advent time there is a pre-Christmas atmosphere in the pedestrian zone of Silandro. On the weekend mid December the annual Christmas market takes place. Venosta hobby artists and craftsmen as well as local and Italian producers offer handmade gift ideas, traditional crafts and local products.The romantic weekend in the heart of Silandro is surrounded by Christmas sounds.In the shops you will find special offers and the restaurants spoil you with traditional and local delicacies.Date:11. + 12.12.202118. + 19.12.2021Important for your visit:1. Show your Green Pass at one of your Check Points2. you will receive a wristband that is valid for the whole day3. you can freely consume and make purchases within the Christmas market.'),
('5771E303F5274496B46EAF8CB884CFF8', 'ita', 'Tenete pronto il vostro Green Pass - vi aspettiamo!L’’area pedonale di Silandro si trova in un’’atmosfera prenatalizia nel tempo d’’avvento. Il Mercatino di Natale tradizionale di Silandro si svolge ogni anno il fine settimana a metà dicembre. Artisti amatoriali e artigiani venostani nonché produttori locali e provenienti da tutta Italia offrono idee regalo fatte a mano, artigianato tradizionale e prodotti tipici.Il week-end romantico nel centro di Silandro viene completato da suoni natalizi.Nei negozi troverete azioni speciali e i ristoranti viziano con prelibatezze tradizionali e locali.Date:11. + 12.12.202118. + 19.12.2021Importante per la vostra visita:1. Fate verificare il vostro Green Pass presso i nostri Check-Points2. Riceverete un braccialetto che è valido per tutta la giornata3. Effettuate consumazioni e acquisti liberamente all''interno del mercatinoPer chi non vuole visitare il mercatino non è obbligatorioI passanti e i residenti che non vogliono visitare il mercatino non hanno bisogno di un braccialetto o di un controlle del Green Pass.'),
('7262A8A541024A95AF68119D7A185492', 'deu', 'Die Freiwillige Feuerwehr organisiert das Gaudirennen (Ski & Snowboard) um den Yeticup!'),
('7262A8A541024A95AF68119D7A185492', 'ita', 'I Vigili del fuoco di Solda organizzano la gara divertimento (sci & snowboard) per il Trofeo Yeti!'),
('E3CA7B9C82CD485EB0A3952DE58CE8EF', 'deu', 'Vorbereitungsbewerb für Feuerwehrjugend und aktive Bewerbsgruppen in SchleisDie Freiwillige Feuerwehr Schleis, Bezirk Obervinschgau feiert im Jahre 2016 ihr 120 jähriges Gründungsjubiläum. Zu diesem Anlass organisiert die FF Schleis am Samstag, den 28. Mai 2016 den Vorbewerb für die westliche Landeshälfte Südtirols. Zu diesem Bewerb sind alle Jugendgruppen sowie aktive Bewerbsgruppen aus dem In- und Ausland recht herzlich eingeladen. Ein besonderes Rahmenprogramm sowie eine tolle Kulisse im Obervinschgau wird diesen Bewerb begleiten. Ein besonderes Highlight wird der Parallelbewerb am Bewerbsabend darstellen. Auf die Sieger des Bewerbs warten tolle feuerwehrtechnische Geräte als Preis. Der Hauptpreis ist eine Wärmebildkamera. Wir hoffen Euch alle recht herzlich zum Bewerb bei uns begrüßen zu dürfen.'),
('519ED83348524507A0705F2D78EECA4D', 'deu', 'Seit 1896 stellt das Haflinger Galopprennen am Ostermontag eine Attraktion für Einheimische und Gäste dar und verbindet bis heute erfolgreich Rennsport und Folklore.Dem Renngeschehen geht dabei stets ein Festumzug der berittenen Teilnehmer in Tracht durch die Meraner Innenstadt voraus, welche von Musikkapellen sowie von Fanfarenbläser begleitet werden. Der große Festumzug beginnt um 10 Uhr am Vinschgauer Tor und bewegt sich durch die Straßen der Innenstadt. Über Rennweg, Freiheitsstraße und Sandplatz, Kurpromenade (Richtung Theaterbrücke), Piave- und Gampenstraße erreicht der Tross den Pferderennplatz Meran.Einlass am Pferderennplatz ab 11 Uhr mit dem Eintreffen des Umzugs. Ab 11.45 Uhr Freispringen, 12.45 Uhr Grußworte der Ehrengäste, 13 Uhr Beginn der Rennläufe (die genauen Startzeiten der einzelnen Rennläufe werden am Tag der Veranstaltung veröffentlicht). Unterhaltungsprogramm für Kinder und Spielplatz. Rahmenprogramm mit verschiedenen Vorführungen, Gastronomieangebot und musikalische Unterhaltung mit DJ. Eintritt: € 13,00 (€ 7,00 für Jugendliche von 16-18 Jahre; Eintritt frei unter 16 Jahre)'),
('519ED83348524507A0705F2D78EECA4D', 'eng', 'On Easter Monday the “Haflinger” horses, famous for their chestnut coats and blond manes, compete at the Merano Racecourse (Via Palade). In the morning there is a procession through town center of many colourful floats accompanied by brass bands in local costumes, while in the afternoon local and international jockeys compete on the track.Departure of the procession from the Vinschger Tor gate at 10 a.m. (route: Via delle Corse, Corso Libertà, Piazza della Rena square, on the Passer Promenade towards Ponte della Posta bridge, Via Piave and Via Palade to the racecourse). The racecourse opens at 11 a.m. The races will start at about 1 p.m. The detailed start times will be communicated at the day of the event. Program for children and playground. Entertainment program with various performances, gastronomic specialties and music. Entrance fees: €13.00 (€7.00 from 16-18 years; free of charge for visitors under the age of 16)'),
('519ED83348524507A0705F2D78EECA4D', 'ita', 'Dal 1896, le corse degli Haflinger del lunedì di Pasqua rappresentano un’’attrazione sia per la popolazione locale e sia per gli ospiti, coniugando sport e folclore.Così come in quel lontano martedì di Pasqua del 1896, ancora oggi le competizioni sono precedute da un corteo con cavalli e cavalieri in costume tipico accompagnati da bande musicali. Il corteo parte alle ore 10 dalla porta Venosta per marciare lungo le strade del centro. Attraverso via delle Corse, corso Libertà e piazza della Rena, Passeggiata Lungo Passirio (direz. ponte Teatro), via Piave e via Palade, la sfilata raggiunge l’’Ippodromo di Merano.Ingresso all’’ippodromo dalle ore 11 con l’’arrivo del corteo. Dalle ore 11.45 salto in libertà, ore 12.45 saluto delle autorità, ore 13 inizio delle corse (gli orari di partenza delle singole competizioni saranno pubblicati il giorno dell’’evento).Programma di divertimento per bambini e parco giochi. Programma di contorno con vari spettacoli, specialità gastronomiche e intrattenimento musicale con DJ. Ingresso: € 13,00 (€ 7,00 dai 16-18 anni; ingresso libero sotto 16 anni)'),
('AED86EEC2DE04B51BCE05EF88655BE06', 'deu', 'Am Ostermontag bildet das Haflinger Galopprennen den Auftakt zur Rennsaison am Meraner Pferderennplatz. Am Vormittag (um 10.00 Uhr) ziehen die prächtig geschmückten Festwagen und Musikkapellen durch die Innenstadt. Programm am Pferderennplatz ab 11.00 Uhr und Rennen ab 13.00 Uhr.'),
('AED86EEC2DE04B51BCE05EF88655BE06', 'eng', 'On Easter Monday, the Haflinger gallop race marks the beginning of the new racing season at the Merano horse racing track. In the morning (at 10 a.m.) the magnificently decorated floats and music bands parade through the city center. Programme of events at the racecourse starts at 11 a.m. and the race starts at 1 p.m.'),
('AED86EEC2DE04B51BCE05EF88655BE06', 'ita', 'Il Lunedì dell''Angelo (Pasquetta), i cavalli Haflinger dal manto sauro e dalla bionda criniera corrono all''Ippodromo di Merano (programma a partire dalle ore 11.00), corse a partire dalle ore 13.00). L''inizio delle corse è preceduto da una sfilata (alle ore 10.00) dei partecipanti con bande e gruppi folcloristici lungo le vie del centro.'),
('F30344CBA89F4FA3A203FEFCBC14DF23', 'deu', 'Dankgottesdienst zum Abschluss des Jubiläumsjahres zelebriert von Dekan Andreas Seehausermusikalische Gestaltung: Stiftschor InnichenPropst Hans Huber führte in den siebziger Jahren des vergangenen Jahrhunderts am 31. Dezember einen Dankgottesdienst ein, der seitdem jedes Jahr vom Stiftschor mit einer Orchestermesse musikalisch umrahmt wird. Es ist dies die passende Gelegenheit, das Jubiläum in der Stiftskirche Innichen feierlich zu beenden.'),
('F30344CBA89F4FA3A203FEFCBC14DF23', 'eng', 'Graduation anniversary year: holy mass with choir and orchestra at the Collegiate Church.'),
('F30344CBA89F4FA3A203FEFCBC14DF23', 'ita', 'Celebrazione della Santa Messa di ringraziamento alla conclusione dell''anno giubilare celebrata dal Decano Andreas Seehauseraccompagnamento musicale: Coro della Collegiata di San CandidoIl parroco Hans Huber ha introdotto negli anni settanta la Santa messa il 31 dicembre; da allora ogni anno il coro della Collegiata si prepara con una messa orchestrale. Questa è l''occasione perfetta per chiudere l''anniversario nella Collegiata di San Candido.'),
('01F2B21DF575485CA794F372D7BC359F', 'deu', 'Organisiert vom Verein „Farbklecks“ anlässlich des Jubiläums „1250 Jahre Innichen“, mit der Aufgabe, die Kreativität der Innichner zu fördern und zu veranschaulichen. Künstlerisch Begabte und Handwerker, welche in Innichen geboren oder hier wohnhaft sind, ebenso Mitglieder des Vereins „Farbklecks“ und der „Freisinger Hobbykünstler E.V.“ nehmen an der Ausstellung teil.Ausstellungsobjekte: gemalte Bilder in jeder Maltechnik, Holzskulpturen und Plastiken in verschiedenen Materialien. Montags: 20.30 – 22.30 Uhr, mit musikalischer Umrahmung'),
('01F2B21DF575485CA794F372D7BC359F', 'eng', '01.07.-28.08.2019:Monday: 8.30 pm - 10.30 pm with music'),
('01F2B21DF575485CA794F372D7BC359F', 'ita', 'In occasione dell''anniversario "1250 anni San Candido", il comitato organizzatore eventi "GIUBILEO 1250 ANNI FONDAZIONE DI SAN CANDIDO" il club artistico FarbKlecks, intende promuovere un laboratorio artistico ed artigianale che illustri la creatività dei cittadini di San Candido.Artisti ed artigiani nativi o residenti a San Candido, i membri del club artistico Farbklecks  ed i membri del „Freisinger Hobbykünstler E.V.“.partecipanno alla mostra.lunedì ore 20.30 - ore 22.30 con intrattimento musicale'),
('71B99F4388844780BF991525B4A582D6', 'deu', 'Organisiert vom Verein „Farbklecks“ anlässlich des Jubiläums „1250 Jahre Innichen“, mit der Aufgabe, die Kreativität der Innichner zu fördern und zu veranschaulichen. Künstlerisch Begabte und Handwerker, welche in Innichen geboren oder hier wohnhaft sind, ebenso Mitglieder des Vereins „Farbklecks“ und der „Freisinger Hobbykünstler E.V.“ nehmen an der Ausstellung teil.Ausstellungsobjekte: gemalte Bilder in jeder Maltechnik, Holzskulpturen und Plastiken in verschiedenen Materialien. Mittwochs: 16.00 – 19.00 Uhr, Vorführung der Handwerker bei der Arbeit Handwerker:03.07.2019: Jud Johann (drechseln)10.07.2019: Knoll Albin & Siegfried Egarter (drechseln & kl. Blumen aus Holz)17.07.2019: Untersteiner Marion (Karten für besondere Anlässe)24.07.2019: Furtschegger Lois (Dekorationen aus Holz)31.07.2019: Siegfried Egarter (kl. Blumen aus Holz)07.08.2019: Rainer Raimund (Arbeiten aus Holz)14.08.2019: Max Weitlaner (kl. Gipsfiguren)21.08.2019: Stanzl Hermann (Krippen bauen)28.08.2019: Max Weitlaner (kl. Gipsfiguren)'),
('71B99F4388844780BF991525B4A582D6', 'eng', '01.07.-28.08.2019:Wednesday: 4 pm - 7 pm with local artisans'),
('71B99F4388844780BF991525B4A582D6', 'ita', 'In occasione dell''anniversario "1250 anni San Candido", il comitato organizzatore eventi "GIUBILEO 1250 ANNI FONDAZIONE DI SAN CANDIDO" il club artistico FarbKlecks, intende promuovere un laboratorio artistico ed artigianale che illustri la creatività dei cittadini di San Candido.Artisti ed artigiani nativi o residenti a San Candido, i membri del club artistico Farbklecks  ed i membri del „Freisinger Hobbykünstler E.V.“.partecipanno alla mostra.mercoledì ore 16.00 - ore 19.00 saranno presenti gli artigiani al lavoroArtigiani:03/07/2019: Jud Johann (tornitura)10/07/2019: Knoll Albin & Siegfried Egarter (tornitura & piccoli fiori di legno)17/07/2019: Untersteiner Marion (cartoline per occasioni speciali)24/07/2019: Furtschegger Lois (decorazioni di legno)31/07/2019: Siegfried Egarter (piccoli fiori di legno)07/08/2019: Rainer Raimund (lavori con il legno)14/08/2019: Max Weitlaner (piccole figurine di gesso)21/08/2019: Stanzl Hermann (presepi)28/08/2019: Max Weitlaner (piccole figurine di gesso)'),
('E820B0B91C7643799901C375B8B8BED3', 'deu', 'Ausgehend von der Romantrilogie "Eva schläft", "Über Meereshöhe", "Alle, außer mir" diskutiert die italienische Autorin mit ausgewiesenem Südtirol-Bezug zum Thema Identität - Versuch einer Erklärung.Moderation: Elmar Locher & Christine VescoliVeranstaltung in italienischer Sprache'),
('E820B0B91C7643799901C375B8B8BED3', 'eng', 'Meeting with Francesca Melandriin italian language'),
('E820B0B91C7643799901C375B8B8BED3', 'ita', 'La scrittrice di origine romana, profonda conoscitrice dell''Alto Adige e autirce dei romanzi "Eva dorme", "Più alto del mare", "Sangue giusto" discute sul tema identità - tentativo di una definizone.L''incontro sarà moderato da Elmar Locher & Christine Vescoli.Evento in lingua italiana'),
('BFA002968F494EA79C2D2D988EB3A43A', 'deu', '735 Jahre Weihe der Stiftskirche (16.10.1284)Festgottesdienst mit dem Erzbischof von München und Freising Kardinal Reinhard MarxMusikalische Gestaltung: Stiftschor Innichen'),
('BFA002968F494EA79C2D2D988EB3A43A', 'eng', '735 years consecration of the Collegiate Church (16.10.1284)Festive Mass with the Archbishop of Munich and Freising Cardinal Reinhard Marx'),
('BFA002968F494EA79C2D2D988EB3A43A', 'ita', '735 anni consacrazione della Collegiata (16.10.1284)Messa festiva con l''Arcivescovo di Monaco e di Frisinga Cardinale Reinhard Marx'),
('57F150031CE24616AD6DCCB3B1E465A8', 'deu', 'Enthüllung der Jubiläumszahl "1250" und Besuch Ausstellung "Bewegtes Leben"'),
('57F150031CE24616AD6DCCB3B1E465A8', 'eng', 'Disclosure of the anniversary number "1250" and visitation of the special exhibition Innichen/San Candido-moving life'),
('57F150031CE24616AD6DCCB3B1E465A8', 'ita', 'Inaugurazione pubblica dell''installazione a caratteri cubitali del numero dell''anniversario "1250" e visita della mostra "Vita in movimento"'),
('7C218B36F554454088282B8FF50D79C1', 'deu', 'Buchvorstellung mit den Autoren Hansjörg Plattner und Germana Nitz.'),
('7C218B36F554454088282B8FF50D79C1', 'eng', 'Book presentation in German and in Italian language.'),
('7C218B36F554454088282B8FF50D79C1', 'ita', 'Presentazione del libro di San Candido con Germana Nitz e Hansjörg Plattner.'),
('F62ED1ADF5404654A8902872DCC89170', 'deu', 'Bürgerlich, bäuerlich, armInnichen im 18. und 19. JahrhundertVortrag in deutscher Sprache von Univ. Prof. Dr. Margareth Lanzinger'),
('F62ED1ADF5404654A8902872DCC89170', 'eng', 'San Candido/Innichen in the 18th and 19th centuryin German language'),
('F62ED1ADF5404654A8902872DCC89170', 'ita', 'San Candido nel 18esimo e 19esimo secoloEvento in lingua tedesca'),
('A079B471341F45EE8999AE8201DB9E45', 'deu', '"In der Nacht ist sein Lied bei mir"Psalmtexte und Abendlieder in romantischer ChormusikMendelssohn, Reger, Hauptmann und ein Geschenk von Ulrich HarbeckeAufführende:- Stiftschor Innichen (Leitung Gasser Martin)- Kinderchor "StiCh" (Leitung Ingrid Tempele)- Orchester aus Innichen und Umgebung'),
('A079B471341F45EE8999AE8201DB9E45', 'eng', 'Choir and orchestra concert at the Collegiate Church'),
('A079B471341F45EE8999AE8201DB9E45', 'ita', '"Di notte il suo canto è con me"Salmi e testi spirituali messi in musica da Felix Mendelssohn-BartholdyEsecutori:- Coro della Collegiata di San Candido (direzione Martin Gasser),- Coro di bambini "StiCh" (direzione Ingrid Tempele),- orchestra di San Candido e dintorni'),
('666AED08535B4314B3B2554402458BF7', 'deu', 'Vorführung des Films "Collegium Artis Intica" von der deutschen und italienischen Grundschule Innichen'),
('666AED08535B4314B3B2554402458BF7', 'eng', 'Film presentation "Collegium Artis Intica" by the elementary school of Innichen/San Candido'),
('666AED08535B4314B3B2554402458BF7', 'ita', 'Presentazione del film "Collegium Artis Intica" dalla scuola elementare di lingua tedesca ed italiana di San Candido'),
('02108340A0BC4539999D2706036C3E99', 'deu', 'Innichen in alten Filmen –Ein Film von Christian Patscheider in Zusammenarbeit mit dem Landesamt für Film und MedienWürdigung des Ortschronisten Franz Brugger'),
('02108340A0BC4539999D2706036C3E99', 'ita', 'San Candido in vecchi filmati -Un film di Christian Patscheider in collaborazione con l’’Ufficio provinciale Film e MediaOmaggio a Franz Brugger, cronista locale'),
('56B421BB74864724A09BE0A0B1444298', 'deu', 'Das Programm der Abschlussveranstaltung:• Der Band zur Tagung „Von der Gründung des Stiftes 769 bis ins Hochmittelalter“• Der Rückblick• Der Ausblick „1250 PLUS“'),
('56B421BB74864724A09BE0A0B1444298', 'ita', 'Il programma della manifestazione conclusiva:• Gli atti del convegno „Dalla fondazione della Collegiata nel 769 al duecento“• Retrospettiva• Il progetto „1250 PLUS“'),
('C7F53144F3EB47D8B0659F321C97DCFC', 'deu', 'Mit Hilfe von 30 im gesamten Dorf verteilten Kennzeichnungsobjekten wird den Interessierten die Geschichte der Marktgemeinde Innichen erzählt.Nachtwächter und Trommler begleiten zu 5 Stationen des Parcours.Idee und Ausarbeitung: Chiara Menguzzowissenschaftliche und künstlerische Beratung: Kuno Prey'),
('C7F53144F3EB47D8B0659F321C97DCFC', 'eng', 'Opening of the historical route with 30 objects in the whole villageThe 30 objects tell the history of San Candido/InnichenNight watchmen and drummers accompany to 5 stations of the historical route.Idea and elaboration: Chiara Menguzzo'),
('C7F53144F3EB47D8B0659F321C97DCFC', 'ita', '30 colonne illustrative distribuite nel paese narrano a tutti gli interessati la storia del Comune di San Candido.Guardiani notturni e batteristi accompagnano a 5 stazioni dell''itinerario storico.Idea e realizzazione: Chiara Menguzzoconsulenza scientifica e artistica: Kuno Prey'),
('06117B224CB743DE99A679398D16C181', 'deu', 'Spaß und Spannung für Jung und Alt bei der Spiel-Olympiade: Luftballonmodellieren, Holzbauhof, Schminkecke...Organisation: Ortsgruppen Innichen, Vierschach und Winnebach des Kath. FamilienverbandesWo? Vor der Grundschule InnichenBei schlechtem Wetter findet die Veranstaltung im Josef-Resch-Haus statt.'),
('06117B224CB743DE99A679398D16C181', 'eng', 'Fun and excitement for young and old at the family party: Ballooning modeling, make-up corner ...'),
('06117B224CB743DE99A679398D16C181', 'ita', 'Giochi e divertimento per giovani e meno giovani: figure con i palloncini, laboratorio del legno, angolo dei trucchi...Organizzazione: gruppi locali di San Candido, Versciaco e Prato Drava dell''Associazione delle Famiglie CattolicheDove? davanti alla scuola elementareIn caso di maltempo la festa si svolgerà nel centro Josef Resch.'),
('79A07B9380BC44EA908C339C4866EFB2', 'deu', '"Vom Ursprung zur Mehrstimmigkeit"Chöre, Bläser, Streicher und vier Orgeln alternatimGesamtleitung: Martin Steidler, MünchenInstrumental- und Vokalmusik: Norbert Brandauer, SalzburgOrganisatorische Gesamtleitung: Georg Schmid, Obmann des Vereines "cantare et sonare"'),
('79A07B9380BC44EA908C339C4866EFB2', 'eng', '"From origin to polyphony"Choirs, string and wind instruments and four organsOveral management: Martin Steidler, MunichInstrumental & vocal music: Norbert Brandauer, SalzburgOrganizational management: Georg Schmid'),
('79A07B9380BC44EA908C339C4866EFB2', 'ita', '"Dalle origini alla polifonia"Si alternano cori, strumenti a fiato, strumenti ad arco e quattro organi. Direttore: Martin Steidler, Monaco di BavieraMusica strumentale e vocale: Norbert Braudauer, Salisburgo Organizzatore: Georg Schmid, direttore dell''associazione "cantare et sonare"'),
('45D2D48FF9454AA0AF507B454EAA2606', 'deu', 'Es ist dies der offizielle Höhepunkt des Festes. Mit gesungenen, gespielten, vorgetragenen und inszenierten Ständchen überbringen die Gratulanten aus nah und fern ihre Glückwünsche.Freitag, 31.05.2019 um 18.00 Uhr:Eröffnung MusikpavillonRückblick auf die Baugeschichte-Konzert der Musikkapelle Innichenum 21.00 Uhr:Musik Sommer Pustertal - geistliches Konzert in der StiftskircheSamstag, 01.06.2019 von 14.00 - 24.00 Uhr:Geburtstagsständchen der Nachbargemeinden und der örtlichen Vereine und Verbände.  Samstag, 01.06.2019Eröffnung des "Geschichtsparcours"Sonntag, 02.06.2019 09.00 Uhr:Festgottesdienst in der Stiftskirche zelebriert vom Freisinger Weihbischof Bernhard HaßlbergerMusikalische Gestaltung: Domkantorei Chiave und Bläsergruppe der Stadtkapelle Freising11.00 - 14.00 Uhr:"Freisinger Frühshoppen" mit typischen bayrischen Gerichten und musikalischer Unterhaltung'),
('45D2D48FF9454AA0AF507B454EAA2606', 'eng', 'This is the main event of the anniversary.Friday, 31.05.2019 6 pm:Opening at the bandstand with concert 8 pm:Music Summer Pusteria - concert at the Collegiate ChurchSaturday, 01.06.2019 2 - 12 pm:Birthday party with gastronomic stands. Saturday, 01.06.2019Opening of the historical routeSunday, 02.06.2019 9 am:Church festival service in the Monastery Church11 am - 2 pm:"Morning party of Freising" with tipical dishes and live music'),
('45D2D48FF9454AA0AF507B454EAA2606', 'ita', 'Questo è l''evento più importante dell''anniversario. Venerdì, 31/05/2019 ore 18.00:Apertura padiglione musicale con concerto della banda musicale di San Candidoore 21.00:Musica Estate Pusteria - concerto nella CollegiataSabato, 01/06/2019 ore 14.00 - 24.00:Festa di compleanno con vari stand gastronomici. Sabato, 01/06/2019Inaugurazione del percorso storicoDomenica, 02/06/2019 ore 09.00: Messa solenne celebrata dal vescovo ausiliare di Freising Bernhard Hasslberger. Accompagnamento musicale: Ensemble Chiave e il gruppo di strumenti a fiato della banda musicale di Freisingore 11.00 - 14.00:"Festa mattutina Frisinga" con piatti tipici bavaresi e musica dal vivo'),
('08EE008BB7AB4D248B36A49DF9AAB0F2', 'deu', 'Geburtstagsständchen der Partnerstadt Freising, der Nachbargemeinden, der Kinder aller Schulstufen und der örtlichen Vereine und Verbände14.00 Uhr: Sternmarsch der Musikkapellen Innichen, Vierschach, Winnebach und der Stadtkapelle Freising zum Festplatz beim Musikpavillon14.15-16.00 Uhr: "Geburtstagsständchen" - 1. Teil16.00 Uhr: Festakt "1.250 Jahre Innichen"17.00-20.00 Uhr: "Geburtstagsständchen"- 2 Teil20.00-24.00 Uhr: Musikunterhaltung mit den Ensembles "Pentatoniker" und "Nepomukla"'),
('08EE008BB7AB4D248B36A49DF9AAB0F2', 'eng', 'Birthday serenade by the twin town Freising, the neighboring comunes, the children of the whole school and the local clubs and associations'),
('08EE008BB7AB4D248B36A49DF9AAB0F2', 'ita', 'Tributi della città gemellata Freising, dei comuni limitrofi, dei bambini delle scuole e di associazioni e gruppi locali'),
('A55889C2ACF7440A91EE7E4F3FFC2675', 'deu', 'Titel: "Brannte uns nicht das Herz in der Brust?"Anhand von kurzen Vorträgen, Erfahrungsberichten, Gruppengesprächen, musikalischen Einlagen und gemeinsamen Andachten bzw. Gottesdiensten werden die zentralen Glaubensinhalte von Gründonnerstag, Karfreitag und Osternacht vertieft und für das alltägliche Leben zugänglich gemacht.Samstag, 06.04.:09.00 - 17.00 UhrVorträge und Vertiefung im Franziskanerkloster17.30 UhrGebetszeit (für die Teilnehmer und für alle Interessierten) im Außerkirchl19.30 - 8.00 UhrNachanbetung im FranziskanerklosterSonntag, 07.04.:08.30 - 10.00 UhrVorträge und Vertiefung im Franziskanerkloster10.15 UhrPfarrmesse in der StiftskircheTeilnehmer: öffentlich für alle Interessierten. Für Jugendliche und Kinder wird eigenes Programm angeboten.'),
('A55889C2ACF7440A91EE7E4F3FFC2675', 'eng', 'Religious faith festival for children and parents (in German and Italian language)'),
('A55889C2ACF7440A91EE7E4F3FFC2675', 'ita', 'Titolo: "Arde il nostro cuore?"Tramite brevi presentazioni, racconti di esperienze vissute, discussioni di gruppo, intermezzi musicali, funzioni e celebrazioni di Sante Messe verrano approfonditi i temi centrali del Credo del Giovedì, del Venerdì e del Sabato Santo per avvicinarli e viverli nella vita quotidiana.Sabato, 06.04.:ore 09.00 - 17.00discorsi e approfondimenti nel Convento dei Francescaniore 17.30pregheria (per i partecipanti e tutti gli interessati) nella Chiesa del Santo Sepolcroore 19.30 - 08.00pregheria notturna nel Convento dei FrancescaniDomenica, 07.04.:ore 08.30 - 10.00discorsi e approfondimenti nel Convento dei Francescaniore 10.15celebrazione eucaristica nella CollegiataPartecipanti: aperto per tutti gli interessati. Per i giovanni e i bambini verrà offerto un programma a parte.'),
('80857ABDACF74CFC8D7225C93EE30E7C', 'deu', 'Die großen Feste des kirchlichen Jahreskreises bringen seit der Gründung des Stiftes das "Gehemnis des Glaubens" zum lebendigen Ausdruck. In Text Ritus und Musik bildet die Heilige Woche ein Crescendo, das die Inhalte der Glaubenswoche und des ganzen Jahres umfasst.14.04./10.15 UhrPalmsonntag (mit Palmprozession)18.04./20.00 UhrGründonnerstag, Messe vom letzten Abendmahl19.04./20.00 UhrKarfreitag, die Feier von Leiden und Sterben Christi (Orgeln und Glocken schweigen; Chormusik)20.04./20.30 UhrOsternacht, Hochfest der Auferstehung des Herrn (Öffnen der Orgelflügel beim Gloria, Chor- und Orgelmusik)21.04./09.00 UhrOstersonntag (Chor- und Orchester)Zum Jubiläum der Ortschaft, des Stiftes, und damit auch der Kirchenmusik steht neben Händels "Halleluja" die "Missa Romantica" für Soli, Chor und Orchester auf dem Programm des Stiftchores. Wir freuen uns auf den Besuch des Komponisten der "Missa Romantica", Dr. Ulrich Harbecke zu diesem Anlass.'),
('80857ABDACF74CFC8D7225C93EE30E7C', 'eng', 'Holy Week - Easter in the Monastery ChurchSunday, 14.04. - Sunday, 21.04.2019'),
('80857ABDACF74CFC8D7225C93EE30E7C', 'ita', 'Dalla fondazione della Collegiata, le grandi feste esprimono il "Mistero della Fede". Nei testi, nei riti e nella musica, la Settimana Santa rappresenta un crescendo che comprende non solo i contenuti della Settimana stessa, ma di tutto l''anno.Per l''anniversario del paese, della Collegiata e quindi anche della musica sacra, il programma del coro delle Collegiata prevede l'' "Hallelujah" di Händel e la "Missa Romantica" di Ulrich Harbecke per soli, coro e orchestra.'),
('D1942E1BAE5D45B5835F6A48C3C6367A', 'deu', 'Noch heute erzählen die älteren Innichner mit großer Begeisterung vom historischen Festumzug vom 14. September 1969. Schon damals wurde in zahlreichen Bildern die Geschichte Innichens von der Besiedelung über die Römerzeit bis hin zur Herrschaft Freisings aufgezeigt.Egon Kühebacher hat ein Konzept erarbeitet, das in 25 Bildern (Festwägen und Fußgruppen) die Geschichte Innichens aufzeigt. Begleitet werden sie von mehreren Musikkapellen. Streckenverlauf: Bahnhofstraße - P. P. Rainer Straße - St. Michaelsplatz - Pflegplatz - Alter Markt - Freisinger Straße - Herzog Tassilo Straße - Draustraße - F. J. Rudigier Straße - St. Michaelsplatz - Pflegplatz - Alter Markt'),
('D1942E1BAE5D45B5835F6A48C3C6367A', 'eng', 'Even today the residents of Innichen/San Candido tell with great enthusiasm of the historic parade of September 14th, 1969. Even then, the history of Innichen was shown in numerous pictures from the settlement over the Roman period to the reign of Freising.Egon Kühebacher has created an concept with 25 pictures (parade floats and groups by foot). The pictures show the history of Innichen/San Candido.Route: Bahnhofsstraße/Via Stazione - P.P. Rainer Straße/Via P. P. Rainer - St. Michaelsplatz/Piazza San Michele - Pflegplatz/Piazza Magistrato - Alter Markt/Mercato Vecchio - Freisinger Straße/Via Freising - Herzog Tassilo Straße/Via Duco Tassilo - Draustraße/Via Drava - F. J. Rudigier Straße/Via F. J. Rudigier -  St. Michaelsplatz/Piazza San Michele - Pflegplatz/Piazza Magistrato - Alter Markt/Mercato Vecchio'),
('D1942E1BAE5D45B5835F6A48C3C6367A', 'ita', 'Ancora oggi gli abitanti di San Candido raccontano con grande entusiasmo della sfilata storica del 14 settembre 1969. Anche allora la storia di San Candido è stata mostrata in numerose immagini dall''insediamento di epoca romana fino al regno di Freising.Egon Kühebacher ha elaborato un programma che, in 25 immagini (carri e gruppi a piedi), rappresenta la storia di San Candido. Il corteo è accompagnato da diverse bande musicale. (Itinerario: Via Stazione - Via P. P. Rainer - Piazza San Michele - Piazza Magistrato - Mercato Vecchio - Via Freising - Via Duco Tassilo - Via Drava - Via F. J. Rudigier -  Piazza San Michele - Piazza Magistrato - Mercato Vecchio)'),
('952A5E52B7814575B6883D4BD46D8610', 'deu', 'Sternwallfahrt aus dem gesamten ehemaligen Dekanat Innichen (Innichen und Sillian) nach Innichen10.00 Uhr: Festgottesdienst zelebriert von Bischof Ivo Muser15.00 Uhr: Feierliche VesperMusikalische Gestaltung: Stiftschor InnichenVorabend: "Fensterbilder", organisiert vom kath. Familienverband, Ortsgruppe Innichen'),
('952A5E52B7814575B6883D4BD46D8610', 'eng', '10 a.m.: Holy mass with the bishop Ivo Muser at the Collegiate Church San Candido/Innichen3 p.m.: solemn vesperMusical accompaniment by the Monastery Church choir Innichen/San Candido'),
('952A5E52B7814575B6883D4BD46D8610', 'ita', 'Pellegrinaggio dell''intero Decanato di San Candido (San Candido e Sillian) a San Candidoore 10: celebrazione della Santa Messa con il Vescovo Ivo Muserore 15: celebrazione del Vespro festivoAccompagnamento musicale: Coro delle Collegiata di San CandidoVigilia: "Immagini alla finestra", organizzato dall''Associazione delle Famiglie Cattoliche San Candido'),
('1AFABFD0152B4F44A07001923A463B3D', 'deu', 'Innichen von der Gründung des Stifts 769 bis ins Hochmittelalter – Historische und kunsthistorische AspekteDas detaillierte Programm finden Sie in der untenstehenden Galerie!'),
('1AFABFD0152B4F44A07001923A463B3D', 'eng', 'Scientific conference at the museum of the Franciscan Monastery (in German and Italian language)'),
('1AFABFD0152B4F44A07001923A463B3D', 'ita', 'San Candido dalla fondazione della Collegiata (769) al Duecento - aspetti di storia e storia dell''arte.Il programma dettagliato della conferenza è visibile nella galleria qui sotto!'),
('D1DB4218DF8B4564A31B54C5DDC504A5', 'deu', 'Vorstellung der Broschüre über den Innichner Tenor Julius Cornet mit Tonbeispielen seines Repertoires durch Daniele Rubboli in italienischer Sprache'),
('D1DB4218DF8B4564A31B54C5DDC504A5', 'eng', 'Presentation of the brochure of Julius Cornet from San Candido (in Italian language)'),
('D1DB4218DF8B4564A31B54C5DDC504A5', 'ita', 'Presentazione a cura di Daniele Rubboli della brochure su Julius Cornet, tenore originario di San Candido, con brani tratti dal suo repertorio'),
('D4673882BBEF41A5AB0EB2836BF5EEEC', 'deu', 'Nach dem Osterfestkreis bilden der Advent und Weihnachten den zweiten großen Festkreis der kirchlichen Feiertage.Alle Gottesdienste im Advent werden mit verschiedenen Vokal- und Instrumentalgruppen musikalisch gestaltet.Sonntag, 01.12.2019, 09.00 Uhr: 1. Adventsonntag - WGF: Kinderchor StiChSonntag, 08.12.2019, 09.00 Uhr: Maria Empfängnis: StiftschorDienstag, 24.12.2019, 16.00 Uhr: Kindermette -WGF: Kinderchor StiChDienstag, 24.12.2019, 22.00 Uhr: Christmette: Stiftschor, Streicher, HausmusikMittwoch, 25.12.2019, 09.00 Uhr: Weihnachtstag: Stiftschor, OrchesterDonnerstag, 26.12.2019, 09.00 Uhr: Stephanstag: Ensemble SaxessenceDienstag, 31.12.2019, 18.30 Uhr: Jahresabschlussmesse: Stiftschor, OrchesterDetailliertes Programm: www.innichen.bz/stiftschor'),
('D4673882BBEF41A5AB0EB2836BF5EEEC', 'eng', 'All the Holy Masses will be accompanied by different instrumental and vocal music groupsMore information: www.innichen.bz/stiftschor'),
('D4673882BBEF41A5AB0EB2836BF5EEEC', 'ita', 'Dopo la Pasqua, l''Avvento e il Natale rappresentano il più importante ciclo di festività. Tutte le Messe dell''Avvento sono accompagnate da diversi gruppi musicali vocali e strumentali.Programma dettagliato: www.innichen.bz/stiftschor'),
('61C33EF7B5B3428E8CCE0AF0398C5ACB', 'deu', 'MUSIK SOMMER PUSTERTAL"Jesu Mi Dulcissime" - Divine Love SongsEnsemble savādi - Kristine Jaunalksne und Ulrike Hofbauer, Sopran- Marie Bournisien, BarockharfeWerke von: - Francesco Rasi- Giovanni Girolamo Kapsberger- Francesco Anerio- Christoph Bernhard- Claudio MonteverdiTicketvorverkauf im Tourismusverein InnichenPreis: € 15,00 (ermäßigt € 10,00)'),
('61C33EF7B5B3428E8CCE0AF0398C5ACB', 'eng', 'Concert for old muisc at the Collegiate Church "Jesu Mi Dulcissime" - Divine Love SongsEnsemble savādi - Kristine Jaunalksne and Ulrike Hofbauer, soprano- Marie Bournisien, baroque harpcompositions of: - Francesco Rasi- Giovanni Girolamo Kapsberger- Francesco Anerio- Christoph Bernhard- Claudio Monteverdi'),
('61C33EF7B5B3428E8CCE0AF0398C5ACB', 'ita', 'MUSICA ESTATE PUSTERIA"Jesu Mi Dulcissime" - Divine Love SongsEnsemble savādi - Kristine Jaunalksne e Ulrike Hofbauer, soprano- Marie Bournisien, arpa baroccaOpere di: - Francesco Rasi- Giovanni Girolamo Kapsberger- Francesco Anerio- Christoph Bernhard- Claudio MonteverdiPrevendita biglietti presso l''Associazione Turistica San CandidoPrezzo: € 15,00 (ridotto € 10,00)'),
('9F4BC17266EE4E16BF26683D26522443', 'deu', 'Muttertagskonzert der Musikkapelle Innichen im Josef Resch Haus in Innichen.Die Musikkapelle Innichen (gegründet 1834) feiert im Jubiläumsjahr das 185. Gründungsjubiläum. Zu diesem Anlass hat Kurt Gäble ein Auftragswerk komponiert, das beim Konzert uraufgeführt wird. Weiters wird die Musikkapelle die neu eingespielte CD vorstellen.'),
('9F4BC17266EE4E16BF26683D26522443', 'eng', 'Mother''s day concert and anniversary concert of the local traditional band of San Candido/Innichen in the Josef Resch Center in San Candido/Innichen.'),
('9F4BC17266EE4E16BF26683D26522443', 'ita', 'Concerto per la festa della mamma della banda musicale di San Candido nel Centro Josef Resch a San Candido.La banda musicale di San Candido festeggia il 185° anniversario della sua fondazione: prima esecuzione della composizione commissionata a Kurt Gäble "Bergwelten" (Mondi montani) e presentazione del nuovo CD.'),
('480D60418C044060B2E593E9EC353797', 'deu', 'Außerkirchl: Truhenorgel (Klop 2003/2017)St. Michaelskirche: Brüstungsorgel (Putz 1630/Pirchner 1997)Stiftskirche: Chororgel (Klop 2014) und Hauptorgel (Putz 1628-1629/Pirchner 2003)Organisten:- Nikita Gasser, Schlägl - Josef Gasser, Wien - Simon Brandlechner, EnnebergEintritt frei'),
('480D60418C044060B2E593E9EC353797', 'eng', 'Organ promenade from the Altötting Chapel to the San Michele Parish Church and the Collegiate ChurchFree entrance'),
('480D60418C044060B2E593E9EC353797', 'ita', 'Passeggiata d''organo dalla Cappella Altötting alla Chiesa San Michele ed alla CollegiataOrganisti: Nikita Gasser (Schlägl)Josef Gasser (Vienna)Simon Brandlechner (Marebbe)Ingresso libero'),
('C24923917EE44B3C8B2C08670477DFF5', 'deu', 'Festgottesdienst am Gedenktag des Hl. Markgraf Leopold. Im Anschluss Begegnung bei einer Agape mit den Franziskanerpatres.'),
('C24923917EE44B3C8B2C08670477DFF5', 'eng', 'Holy mass on the feast day of St. Leopold, margrave from Austria'),
('C24923917EE44B3C8B2C08670477DFF5', 'ita', 'Messa solenne nel giorno di San Leopoldo, margravio d''Austria.A seguire, incontro e agape con i padri francescani.'),
('740AC36DAFA943299353BDE7C0354937', 'deu', 'Im Rahmen des „World Orienteering Day“ findet in Innichen ein Orientierungslauf statt, bei welchem innerhalb einer vorgegebenen Zeit möglichst viele Posten gesammelt werden müssen, die je nach Entfernung und Schwierigkeit unterschiedlich gewertet werden. Die höchstmöglich erreichbare Punktezahl wird natürlich „1250“ sein. Der Wettkampf zählt auch als Etappe des „Puschtracup 2019“, teilnehmen können alle Interessierten jeden Alters.Info: www.haunoldoteam.it'),
('740AC36DAFA943299353BDE7C0354937', 'eng', 'As part of the "World Orienteering Day" in Innichen/San Candido takes place an orienteering in which within a given time as many items must be collected, which are valued differently depending on distance and difficulty.The highest achievable score will of course be "1250".The competition also counts as a part of the "Puschtracup 2019", all interested people of all ages can participate.Info: www.haunoldoteam.it'),
('740AC36DAFA943299353BDE7C0354937', 'ita', 'Nell''ambito del "World Orienteering Day" a San Candido si svolge un orienteering nel quale devono essere raccolti tanti oggetti in un tempo determinato.Il punteggio più alto raggiungibile sarà ovviamente "1250".La competizione conta anche come una tappa del "Puschtracup 2019", la partecipazione e aperta per tutte le fascie d''età.Info: www.haunoldoteam.it'),
('D347ECFF30E042C89EFCE796A95990F0', 'deu', 'Das Seminar geht der Frage nach: „Was hat Tourismus mit christlichen Werten zu tun und welche Impulse könnten sich aus einer positiven Wechselbeziehung zwischen Tourismus und christlichem Glauben ergeben?“'),
('D347ECFF30E042C89EFCE796A95990F0', 'eng', 'Seminar "Hospitality as a Christian value" (in German language)'),
('D347ECFF30E042C89EFCE796A95990F0', 'ita', 'Il seminario esplora la domanda: "Che cosa ha a che fare il turismo con i valori cristiani e quali impulsi potrebbero derivare da una correlazione positiva tra turismo e fede cristiana?"'),
('1DFE16798D85405C8125B607D9F269AA', 'deu', 'Sommersportfest mit Musik, Speis und Trank am neugestalteten Pflegplatz organisiert vom 58. Club Frecce Tricolori Innichen - Pustertal, zu Gunsten der Krebshilfe Hochpustertal.'),
('1DFE16798D85405C8125B607D9F269AA', 'eng', 'Summer sports festival with music, food and drink at the Pflegplatz/Piazza del Magistrato, organized by the 58th Club Frecce Tricolori San Candido - Val Pusteria.'),
('1DFE16798D85405C8125B607D9F269AA', 'ita', 'Festa dello sport con musica e bancarelle gastronomiche, organizzata dal 58° Club Frecce Tricolori San Candido - Val Pusteria, a favore dell''Assistenza Tumori Alta Pusteria.'),
('33857198B5DD44EE899CFCD4BABFC459', 'deu', '09.00 Uhr:Festgottesdienst in der Stiftskirche zelebriert vom Freisinger Weihbischof Bernhard HaßlbergerMusikalische Gestaltung: Domkantorei Chiave und Bläsergruppe der Stadtkapelle Freising10.00 - 14.00 Uhr:"Freisinger Frühshoppen" mit typischen bayrischen Gerichten und musikalischer Unterhaltung am Pflegplatz/Musikpavillon'),
('33857198B5DD44EE899CFCD4BABFC459', 'eng', '9 am:Church festival service in the Monastery Church10 am - 2 pm:"Morning party of Freising" with tipical dishes and live music'),
('33857198B5DD44EE899CFCD4BABFC459', 'ita', 'ore 09.00: Messa solenne celebrata dal vescovo ausiliare di Freising Bernhard Hasslberger. Accompagnamento musicale: Ensemble Chiave e il gruppo di strumenti a fiato della banda musicale di Freisingore 10.00 - 14.00:"Frühschoppen frisinghese", il tradizionale brindisi mattutino con piatti tipici bavaresi e musica dal vivo'),
('ABF7B48BF1964654A307A25D8E295F1C', 'deu', 'Teatro Stabile Bolzano:"Tournèe da bar" - "Macbeth" von der Gruppe von Davide Lorenzo Pallain italienischer Sprache'),
('ABF7B48BF1964654A307A25D8E295F1C', 'eng', 'Teatro Stabile Bolzano: "Tournèe da bar" - "Macbeth" (in Italian language)'),
('ABF7B48BF1964654A307A25D8E295F1C', 'ita', 'Teatro Stabile Bolzano:"Tournèe da bar" - Opera shakesperiana "Macbeth" della Compagnia di Davide Lorenzo PallaIn questo dramma, chiamato dai teatranti "la tragedia scozzese" a causa delle superstizioni che lo accompagnano, viene evocato un mondo magico al confine tra il fantasy, l''horror e la black comedy.'),
('A8AA3B2223574C6E8FF75F172FA9166B', 'deu', 'Teatro Stabile Bolzano:"Tournèe da bar" - "Romeo e Giuliette" von der Gruppe von Davide Lorenzo Pallain italienischer Sprache'),
('A8AA3B2223574C6E8FF75F172FA9166B', 'eng', 'Teatro Stabile Bolzano: "Tournèe da bar" - "Romeo e Giulietta" (in Italian language)'),
('A8AA3B2223574C6E8FF75F172FA9166B', 'ita', 'Teatro Stabile Bolzano:"Tournèe da bar" - Opera shakesperiana "Romeo e Giulietta" della Compagnia di Davide Lorenzo PallaUno spettacolo in puro stile Shakespeariano: un percorso in cui si accompagna il pubblico a riscoprire la storia di Romeo e Giulietta tra narrazione, azione, coinvolgimento diretto degli spettatori e brani originali.'),
('0B9E28C0CFE140F2A125D3B91EAED807', 'deu', 'Theateraufführung "Haunoldland" von Heinrich SchwazerInszenierung: Torsten Schilling'),
('0B9E28C0CFE140F2A125D3B91EAED807', 'eng', 'Theatrical performance "Haunoldland" in German language'),
('0B9E28C0CFE140F2A125D3B91EAED807', 'ita', 'Rappresentazione teatrale in lingua tedesca "Haunoldland"'),
('C87A9463C162460E9CF7BD2753921AD2', 'deu', 'MUSIK SOMMER PUSTERTALEröffnungskonzertKomponist: Herbert GrasslText: Gottfried KasparekAuftragswerk des „Südtiroler Künstlerbundes“Kartenvorverkauf im Tourismusverein Innichen (ab 01.04.2019)'),
('C87A9463C162460E9CF7BD2753921AD2', 'eng', 'MUSIK SOMMER PUSTERTALMUSICA ESTATE PUSTERIA Opening concertComposer: Herbert GrasslText: Gottfried KasparekCommissioned by the "Südtiroler Künstlerbund"Ticket sale at the Tourist Association Innichen/San Candido'),
('C87A9463C162460E9CF7BD2753921AD2', 'ita', 'MUSICA ESTATE PUSTERIAConcerto d''aperturaCompositore: Herbert GrasslTesti: Gottfried KasparekOpera su commissione da parte del “Südtiroler Künstlerbund”Prevendita biglietti presso l''Associazione Turistica San Candido (dal 01/04/2019)'),
('3CEEBBC773064AD6958E8C4679E3BF8C', 'deu', 'Laudatio auf Egon Kühebacher und Präsentation seines Bandes "1250 Jahre Innichen - Eine Festschrift zum Jubiläumsjahr 2019" von Hans Heiss und Votrag von Roman Deutinger "Herzog Tassilo III. als Stifter"'),
('3CEEBBC773064AD6958E8C4679E3BF8C', 'eng', 'Presentation of the book "1250 Jahre Innichen - Eine Festschrift zum Jubiläumsjahr 2019" of Egon Kühebacher (in German language)'),
('3CEEBBC773064AD6958E8C4679E3BF8C', 'ita', 'Elogio di Egon Kühebacher e presentazione del suo volume "1250 Jahre Innichen - Eine Festschrift zum Jubiläumsjahr 2019" da parte di Hans Heiss con conferenza di Roman Deutinger "Herzog Tassilo III. als Stifter" (in lingua tedesca)');

--Events - Insert at table urls
INSERT INTO urls (resource_id, lang, content)
VALUES
('FD7DC58E68A9447FB987460138FB3C85', 'deu', 'http://www.giroditalia.it/'),
('FD7DC58E68A9447FB987460138FB3C85', 'eng', 'http://www.giroditalia.it/'),
('FD7DC58E68A9447FB987460138FB3C85', 'ita', 'http://www.giroditalia.it/'),
('8F118C2CCB854FF7A9B77C3AC19BCAFC', 'deu', 'http://www.kohlererbahn.it/'),
('8F118C2CCB854FF7A9B77C3AC19BCAFC', 'eng', 'http://www.kohlererbahn.it/'),
('8F118C2CCB854FF7A9B77C3AC19BCAFC', 'ita', 'http://www.kohlererbahn.it/'),
('377ADD10E0F14C78988B9A86DAD1462F', 'deu', 'https://http://www.dekadenz.it'),
('1A2B6A30FB6E46BDB2644B6984D06C29', 'deu', 'https://tvratschings.guestnet.info/activity-calendar'),
('1A2B6A30FB6E46BDB2644B6984D06C29', 'ita', 'https://tvratschings.guestnet.info/it/activity-calendar'),
('FCDEB65BAF22402380F06B977C91A54B', 'deu', 'http://http: www.barbian.it'),
('FCDEB65BAF22402380F06B977C91A54B', 'eng', 'http://http: www.barbian.it'),
('FCDEB65BAF22402380F06B977C91A54B', 'ita', 'http://http: www.barbian.it'),
('303E1B8404CD473483D9A37D8C521F62', 'deu', 'https://www.barcampsuedtirol.org'),
('303E1B8404CD473483D9A37D8C521F62', 'eng', 'https://www.barcampsuedtirol.org'),
('303E1B8404CD473483D9A37D8C521F62', 'ita', 'https://www.barcampsuedtirol.org'),
('A8F3E3A8522143448672AD80435A38BE', 'deu', 'http://www.eggentalclassic.it'),
('A8F3E3A8522143448672AD80435A38BE', 'eng', 'http://www.eggentalclassic.it'),
('A8F3E3A8522143448672AD80435A38BE', 'ita', 'http://www.eggentalclassic.it'),
('499783AA7CF34A0F86EC63FB706459CD', 'deu', 'https://www.facebook.com/events/1830170200620273/'),
('499783AA7CF34A0F86EC63FB706459CD', 'eng', 'https://www.facebook.com/events/1830170200620273/'),
('499783AA7CF34A0F86EC63FB706459CD', 'ita', 'https://www.facebook.com/events/1830170200620273/'),
('39B9AFB528A0483E98BFDACE69AE43CD', 'deu', 'http://www.wintersportbarbian.wordpress.com'),
('39B9AFB528A0483E98BFDACE69AE43CD', 'eng', 'http://www.wintersportbarbian.wordpress.com'),
('39B9AFB528A0483E98BFDACE69AE43CD', 'ita', 'http://www.wintersportbarbian.wordpress.com'),
('9EE43BFB7DE841018148FEB5ED31B537', 'deu', 'https://www.mansio-sebatum.it/'),
('9EE43BFB7DE841018148FEB5ED31B537', 'eng', 'https://www.mansio-sebatum.it/'),
('9EE43BFB7DE841018148FEB5ED31B537', 'ita', 'https://www.mansio-sebatum.it/'),
('D5ED433CF94F40B9ACC797592C90BC98', 'deu', 'http://www.ritten.com'),
('D5ED433CF94F40B9ACC797592C90BC98', 'eng', 'http://www.renon.com'),
('D5ED433CF94F40B9ACC797592C90BC98', 'ita', 'http://www.renon.com'),
('A5572B2CF74941C789F3F4E139FB9C0E', 'deu', 'https://www.tramin.com/de/event/jubilaeumsfest-volle-tschodo/'),
('4504DB9D28C84D8584856DF340C2037B', 'deu', 'https://www.kuenstlerbund.org'),
('4504DB9D28C84D8584856DF340C2037B', 'eng', 'https://www.kuenstlerbund.org'),
('4504DB9D28C84D8584856DF340C2037B', 'ita', 'https://www.kuenstlerbund.org'),
('37A37707FBEB4F258B32E94885503D14', 'deu', 'http://www.kartoffelfest.it/'),
('37A37707FBEB4F258B32E94885503D14', 'ita', 'http://www.kartoffelfest.it/'),
('D368218BBEC44A4899D591EB8C1F4B2E', 'deu', 'http://www.kartoffelfest.it/'),
('D368218BBEC44A4899D591EB8C1F4B2E', 'ita', 'http://www.kartoffelfest.it/'),
('52022A2764A14DACBE110F9DBBFDF652', 'deu', 'http://www.kartoffelfest.it/'),
('52022A2764A14DACBE110F9DBBFDF652', 'ita', 'http://www.kartoffelfest.it/'),
('AAB92129C6844065BB7B4A82A2F4F2DA', 'deu', 'http://www.ascbarbian.com'),
('47FD17D2DE264AAEBF6E44B3C32D1367', 'deu', 'https://www.sanvigilio.com'),
('47FD17D2DE264AAEBF6E44B3C32D1367', 'eng', 'https://www.sanvigilio.com'),
('47FD17D2DE264AAEBF6E44B3C32D1367', 'ita', 'https://www.sanvigilio.com'),
('BFF16EC65D344F66BC1AB47D20347D74', 'deu', 'http://www.yogameeting.org/'),
('BFF16EC65D344F66BC1AB47D20347D74', 'eng', 'http://www.yogameeting.org/'),
('BFF16EC65D344F66BC1AB47D20347D74', 'ita', 'http://www.yogameeting.org/'),
('BD65BB8CC6744C309B77C2EE3A02440E', 'deu', 'http://http: www.barbian.it'),
('BD65BB8CC6744C309B77C2EE3A02440E', 'eng', 'http://http: www.barbian.it'),
('BD65BB8CC6744C309B77C2EE3A02440E', 'ita', 'http://http: www.barbian.it'),
('26055F0E32CE4D5BACF1AE4092385C23', 'deu', 'http://www.klausen.it/de/genuss-kultur/highlights-veranstaltungen/barbianer-zwetschkenwochen/'),
('26055F0E32CE4D5BACF1AE4092385C23', 'eng', 'http://www.klausen.it/en/gourmet-culture/highlight-events/plums-weeks-barbian/'),
('26055F0E32CE4D5BACF1AE4092385C23', 'ita', 'http://www.klausen.it/it/piaceri-cultura/highlights-eventi/settimane-della-prugna-barbiano/'),
('98ACF86788904DD19E36408BDA8565CE', 'deu', 'http://www.eggentalclassic.it'),
('98ACF86788904DD19E36408BDA8565CE', 'eng', 'http://www.eggentalclassic.it'),
('98ACF86788904DD19E36408BDA8565CE', 'ita', 'http://www.eggentalclassic.it'),
('0CE668469A1445A58A658607B9D6C92E', 'deu', 'http://www.gipfeltour.info'),
('0CE668469A1445A58A658607B9D6C92E', 'eng', 'http://www.gipfeltour.info'),
('0CE668469A1445A58A658607B9D6C92E', 'ita', 'http://www.gipfeltour.info'),
('41A78ED159624AFD803418A89E95E388', 'deu', 'http://www.helmissimo.it'),
('41A78ED159624AFD803418A89E95E388', 'eng', 'http://www.helmissimo.it'),
('41A78ED159624AFD803418A89E95E388', 'ita', 'http://www.helmissimo.it'),
('4CF166956D8A49938CA84B06C77C878E', 'deu', 'http://www.telmekomteam.com'),
('4CF166956D8A49938CA84B06C77C878E', 'eng', 'http://www.telmekomteam.com'),
('4CF166956D8A49938CA84B06C77C878E', 'ita', 'http://www.telmekomteam.com'),
('A9DDAF00E3394ADD8C13B8650C16793E', 'deu', 'http://bklatsch.com/'),
('A9DDAF00E3394ADD8C13B8650C16793E', 'eng', 'http://bklatsch.com/'),
('A9DDAF00E3394ADD8C13B8650C16793E', 'ita', 'http://bklatsch.com/'),
('8FA372564C5043A5B19AC2B0F4BE3C87', 'deu', 'http://www.rieslingtage.com'),
('A343F87203F64AF8930FC322232EB781', 'deu', 'http://www.bring.bz.it'),
('A343F87203F64AF8930FC322232EB781', 'eng', 'http://www.bring.bz.it'),
('A343F87203F64AF8930FC322232EB781', 'ita', 'http://www.bring.bz.it'),
('256E7CD054EF499D951A4C8AD1365916', 'deu', 'http://www.ferienregion-obervinschgau.it'),
('256E7CD054EF499D951A4C8AD1365916', 'ita', 'http://www.altavenosta-vacanze.it'),
('5771E303F5274496B46EAF8CB884CFF8', 'deu', 'http://www.schlanders-laas.it'),
('5771E303F5274496B46EAF8CB884CFF8', 'eng', 'http://www.silandro-lasa.it'),
('5771E303F5274496B46EAF8CB884CFF8', 'ita', 'http://www.silandro-lasa.it'),
('E3CA7B9C82CD485EB0A3952DE58CE8EF', 'deu', 'http://https://www.lfvbz.it/de/bewerbe/vorbereitungsbewerb-für-feuerwehrjugend-und-aktive-bewerbsgruppen-in-schleis/128-847.html'),
('519ED83348524507A0705F2D78EECA4D', 'deu', 'https://www.meran.eu'),
('519ED83348524507A0705F2D78EECA4D', 'eng', 'https://www.merano.eu'),
('519ED83348524507A0705F2D78EECA4D', 'ita', 'https://www.merano.eu'),
('AED86EEC2DE04B51BCE05EF88655BE06', 'deu', 'https://www.haflinger-pferdesportverein.com'),
('AED86EEC2DE04B51BCE05EF88655BE06', 'eng', 'https://www.haflinger-pferdesportverein.com'),
('AED86EEC2DE04B51BCE05EF88655BE06', 'ita', 'https://www.haflinger-pferdesportverein.com'),
('F30344CBA89F4FA3A203FEFCBC14DF23', 'deu', 'https://www.1250.bz.it'),
('F30344CBA89F4FA3A203FEFCBC14DF23', 'eng', 'https://www.1250.bz.it'),
('F30344CBA89F4FA3A203FEFCBC14DF23', 'ita', 'https://www.1250.bz.it'),
('01F2B21DF575485CA794F372D7BC359F', 'deu', 'http://www.1250.bz.it'),
('01F2B21DF575485CA794F372D7BC359F', 'eng', 'http://www.1250.bz.it'),
('01F2B21DF575485CA794F372D7BC359F', 'ita', 'http://www.1250.bz.it'),
('71B99F4388844780BF991525B4A582D6', 'deu', 'http://www.1250.bz.it'),
('71B99F4388844780BF991525B4A582D6', 'eng', 'http://www.1250.bz.it'),
('71B99F4388844780BF991525B4A582D6', 'ita', 'http://www.1250.bz.it'),
('E820B0B91C7643799901C375B8B8BED3', 'deu', 'https://www.1250.bz.it'),
('E820B0B91C7643799901C375B8B8BED3', 'eng', 'https://www.1250.bz.it'),
('E820B0B91C7643799901C375B8B8BED3', 'ita', 'https://www.1250.bz.it'),
('BFA002968F494EA79C2D2D988EB3A43A', 'deu', 'https://www.1250.bz.it'),
('BFA002968F494EA79C2D2D988EB3A43A', 'eng', 'https://www.1250.bz.it'),
('BFA002968F494EA79C2D2D988EB3A43A', 'ita', 'https://www.1250.bz.it'),
('57F150031CE24616AD6DCCB3B1E465A8', 'deu', 'https://www.1250.bz.it'),
('57F150031CE24616AD6DCCB3B1E465A8', 'eng', 'https://www.1250.bz.it'),
('57F150031CE24616AD6DCCB3B1E465A8', 'ita', 'https://www.1250.bz.it'),
('7C218B36F554454088282B8FF50D79C1', 'deu', 'http://www.1250.bz.it'),
('7C218B36F554454088282B8FF50D79C1', 'eng', 'http://www.1250.bz.it'),
('7C218B36F554454088282B8FF50D79C1', 'ita', 'http://www.1250.bz.it'),
('F62ED1ADF5404654A8902872DCC89170', 'deu', 'https://www.1250.bz.it'),
('F62ED1ADF5404654A8902872DCC89170', 'eng', 'https://www.1250.bz.it'),
('F62ED1ADF5404654A8902872DCC89170', 'ita', 'https://www.1250.bz.it'),
('A079B471341F45EE8999AE8201DB9E45', 'deu', 'https://www.1250.bz.it'),
('A079B471341F45EE8999AE8201DB9E45', 'eng', 'https://www.1250.bz.it'),
('A079B471341F45EE8999AE8201DB9E45', 'ita', 'https://www.1250.bz.it'),
('666AED08535B4314B3B2554402458BF7', 'deu', 'http://www.1250.bz.it'),
('666AED08535B4314B3B2554402458BF7', 'eng', 'http://www.1250.bz.it'),
('666AED08535B4314B3B2554402458BF7', 'ita', 'http://www.1250.bz.it'),
('02108340A0BC4539999D2706036C3E99', 'deu', 'https://www.1250.bz.it'),
('02108340A0BC4539999D2706036C3E99', 'eng', 'https://www.1250.bz.it'),
('02108340A0BC4539999D2706036C3E99', 'ita', 'https://www.1250.bz.it'),
('56B421BB74864724A09BE0A0B1444298', 'deu', 'http://www.innichen.it'),
('56B421BB74864724A09BE0A0B1444298', 'eng', 'http://www.innichen.it'),
('56B421BB74864724A09BE0A0B1444298', 'ita', 'http://www.innichen.it'),
('C7F53144F3EB47D8B0659F321C97DCFC', 'deu', 'https://www.1250.bz.it'),
('C7F53144F3EB47D8B0659F321C97DCFC', 'eng', 'https://www.1250.bz.it'),
('C7F53144F3EB47D8B0659F321C97DCFC', 'ita', 'https://www.1250.bz.it'),
('06117B224CB743DE99A679398D16C181', 'deu', 'http://www.1250.bz.it'),
('06117B224CB743DE99A679398D16C181', 'eng', 'http://www.1250.bz.it'),
('06117B224CB743DE99A679398D16C181', 'ita', 'http://www.1250.bz.it'),
('79A07B9380BC44EA908C339C4866EFB2', 'deu', 'https://www.1250.bz.it'),
('79A07B9380BC44EA908C339C4866EFB2', 'eng', 'https://www.1250.bz.it'),
('79A07B9380BC44EA908C339C4866EFB2', 'ita', 'https://www.1250.bz.it'),
('45D2D48FF9454AA0AF507B454EAA2606', 'deu', 'https://www.1250.bz.it'),
('45D2D48FF9454AA0AF507B454EAA2606', 'eng', 'https://www.1250.bz.it'),
('45D2D48FF9454AA0AF507B454EAA2606', 'ita', 'https://www.1250.bz.it'),
('08EE008BB7AB4D248B36A49DF9AAB0F2', 'deu', 'https://www.1250.bz.it'),
('08EE008BB7AB4D248B36A49DF9AAB0F2', 'eng', 'https://www.1250.bz.it'),
('08EE008BB7AB4D248B36A49DF9AAB0F2', 'ita', 'https://www.1250.bz.it'),
('A55889C2ACF7440A91EE7E4F3FFC2675', 'deu', 'https://www.1250.bz.it'),
('A55889C2ACF7440A91EE7E4F3FFC2675', 'eng', 'https://www.1250.bz.it'),
('A55889C2ACF7440A91EE7E4F3FFC2675', 'ita', 'https://www.1250.bz.it'),
('80857ABDACF74CFC8D7225C93EE30E7C', 'deu', 'https://www.1250.bz.it'),
('80857ABDACF74CFC8D7225C93EE30E7C', 'eng', 'https://www.1250.bz.it'),
('80857ABDACF74CFC8D7225C93EE30E7C', 'ita', 'https://www.1250.bz.it'),
('D1942E1BAE5D45B5835F6A48C3C6367A', 'deu', 'http://www.innichen.it'),
('D1942E1BAE5D45B5835F6A48C3C6367A', 'eng', 'http://www.innichen.it'),
('D1942E1BAE5D45B5835F6A48C3C6367A', 'ita', 'http://www.innichen.it'),
('952A5E52B7814575B6883D4BD46D8610', 'deu', 'https://www.1250.bz.it'),
('952A5E52B7814575B6883D4BD46D8610', 'eng', 'https://www.1250.bz.it'),
('952A5E52B7814575B6883D4BD46D8610', 'ita', 'https://www.1250.bz.it'),
('1AFABFD0152B4F44A07001923A463B3D', 'deu', 'https://www.1250.bz.it'),
('1AFABFD0152B4F44A07001923A463B3D', 'eng', 'https://www.1250.bz.it'),
('1AFABFD0152B4F44A07001923A463B3D', 'ita', 'https://www.1250.bz.it'),
('D1DB4218DF8B4564A31B54C5DDC504A5', 'deu', 'https://www.1250.bz.it'),
('D1DB4218DF8B4564A31B54C5DDC504A5', 'eng', 'https://www.1250.bz.it'),
('D1DB4218DF8B4564A31B54C5DDC504A5', 'ita', 'https://www.1250.bz.it'),
('D4673882BBEF41A5AB0EB2836BF5EEEC', 'deu', 'https://www.1250.bz.it'),
('D4673882BBEF41A5AB0EB2836BF5EEEC', 'eng', 'https://www.1250.bz.it'),
('D4673882BBEF41A5AB0EB2836BF5EEEC', 'ita', 'https://www.1250.bz.it'),
('61C33EF7B5B3428E8CCE0AF0398C5ACB', 'deu', 'https://www.1250.bz.it'),
('61C33EF7B5B3428E8CCE0AF0398C5ACB', 'eng', 'https://www.1250.bz.it'),
('61C33EF7B5B3428E8CCE0AF0398C5ACB', 'ita', 'https://www.1250.bz.it'),
('9F4BC17266EE4E16BF26683D26522443', 'deu', 'http://www.innichen.it'),
('9F4BC17266EE4E16BF26683D26522443', 'eng', 'http://www.innichen.it'),
('9F4BC17266EE4E16BF26683D26522443', 'ita', 'http://www.sancandido.info'),
('480D60418C044060B2E593E9EC353797', 'deu', 'https://www.1250.bz.it'),
('480D60418C044060B2E593E9EC353797', 'eng', 'https://www.1250.bz.it'),
('480D60418C044060B2E593E9EC353797', 'ita', 'https://www.1250.bz.it'),
('C24923917EE44B3C8B2C08670477DFF5', 'deu', 'https://www.1250.bz.it'),
('C24923917EE44B3C8B2C08670477DFF5', 'eng', 'https://www.1250.bz.it'),
('C24923917EE44B3C8B2C08670477DFF5', 'ita', 'https://www.1250.bz.it'),
('740AC36DAFA943299353BDE7C0354937', 'deu', 'https://www.1250.bz.it'),
('740AC36DAFA943299353BDE7C0354937', 'eng', 'https://www.1250.bz.it'),
('740AC36DAFA943299353BDE7C0354937', 'ita', 'https://www.1250.bz.it'),
('D347ECFF30E042C89EFCE796A95990F0', 'deu', 'http://www.1250.bz.it'),
('D347ECFF30E042C89EFCE796A95990F0', 'eng', 'http://www.1250.bz.it'),
('D347ECFF30E042C89EFCE796A95990F0', 'ita', 'http://www.1250.bz.it'),
('1DFE16798D85405C8125B607D9F269AA', 'deu', 'https://www.1250.bz.it'),
('1DFE16798D85405C8125B607D9F269AA', 'eng', 'https://www.1250.bz.it'),
('1DFE16798D85405C8125B607D9F269AA', 'ita', 'https://www.1250.bz.it'),
('33857198B5DD44EE899CFCD4BABFC459', 'deu', 'https://www.1250.bz.it'),
('33857198B5DD44EE899CFCD4BABFC459', 'eng', 'https://www.1250.bz.it'),
('33857198B5DD44EE899CFCD4BABFC459', 'ita', 'https://www.1250.bz.it'),
('ABF7B48BF1964654A307A25D8E295F1C', 'deu', 'https://www.1250.bz.it'),
('ABF7B48BF1964654A307A25D8E295F1C', 'eng', 'https://www.1250.bz.it'),
('ABF7B48BF1964654A307A25D8E295F1C', 'ita', 'https://www.1250.bz.it'),
('A8AA3B2223574C6E8FF75F172FA9166B', 'deu', 'https://www.1250.bz.it'),
('A8AA3B2223574C6E8FF75F172FA9166B', 'eng', 'https://www.1250.bz.it'),
('A8AA3B2223574C6E8FF75F172FA9166B', 'ita', 'https://www.1250.bz.it'),
('0B9E28C0CFE140F2A125D3B91EAED807', 'deu', 'http://www.theaterwerkstatt-innichen.com'),
('0B9E28C0CFE140F2A125D3B91EAED807', 'eng', 'http://www.theaterwerkstatt-innichen.com'),
('0B9E28C0CFE140F2A125D3B91EAED807', 'ita', 'http://www.theaterwerkstatt-innichen.com'),
('C87A9463C162460E9CF7BD2753921AD2', 'deu', 'https://www.1250.bz.it'),
('C87A9463C162460E9CF7BD2753921AD2', 'eng', 'https://www.1250.bz.it'),
('C87A9463C162460E9CF7BD2753921AD2', 'ita', 'https://www.1250.bz.it'),
('3CEEBBC773064AD6958E8C4679E3BF8C', 'deu', 'https://www.1250.bz.it'),
('3CEEBBC773064AD6958E8C4679E3BF8C', 'eng', 'https://www.1250.bz.it'),
('3CEEBBC773064AD6958E8C4679E3BF8C', 'ita', 'https://www.1250.bz.it');

--Events - Insert Event data at table Events
INSERT INTO events (id, capacity, end_date, start_date, parent_id, publisher_id, series_id, status)
VALUES
('FD7DC58E68A9447FB987460138FB3C85', null, '2017-05-26 00:00:00', '2017-05-26 00:00:00', null, 
                'publisher', 'default_series', 'published'),
('4231E17139FA49D0BA4C0503DB34E86B', null, '2018-07-15 00:00:00', '2018-07-15 00:00:00', null, 
                'publisher', 'default_series', 'published'),
('8F118C2CCB854FF7A9B77C3AC19BCAFC', null, '2018-06-29 00:00:00', '2018-06-29 00:00:00', null, 
                'publisher', 'default_series', 'published'),
('377ADD10E0F14C78988B9A86DAD1462F', null, '2019-03-06 00:00:00', '2019-03-24 00:00:00', null, 
                'publisher', 'default_series', 'published'),
('1A2B6A30FB6E46BDB2644B6984D06C29', null, '2021-06-23 00:00:00', '2021-08-25 00:00:00', null, 
                'publisher', 'default_series', 'published'),
('FCDEB65BAF22402380F06B977C91A54B', null, '2018-09-09 00:00:00', '2018-09-09 00:00:00', null, 
                'publisher', 'default_series', 'published'),
('303E1B8404CD473483D9A37D8C521F62', null, '2021-09-24 00:00:00', '2021-09-25 00:00:00', null, 
                'publisher', 'default_series', 'published'),
('9FA3C0F97FD84F12957E6F73FCBB0389', null, '2021-07-04 00:00:00', '2021-07-04 00:00:00', null, 
                'publisher', 'default_series', 'published'),
('A8F3E3A8522143448672AD80435A38BE', null, '2015-10-10 00:00:00', '2015-10-10 00:00:00', null, 
                'publisher', 'default_series', 'published'),
('0465D969FB9642DB98F49ABE952CA66F', null, '2019-07-28 00:00:00', '2019-07-29 00:00:00', null, 
                'publisher', 'default_series', 'published'),
('20D8424667EF42ACAD390F6F6BD9AF42', null, '2020-02-20 00:00:00', '2020-02-22 00:00:00', null, 
                'publisher', 'default_series', 'published'),
('499783AA7CF34A0F86EC63FB706459CD', null, '2018-05-26 00:00:00', '2018-05-27 00:00:00', null, 
                'publisher', 'default_series', 'published'),
('39B9AFB528A0483E98BFDACE69AE43CD', null, '2019-02-16 00:00:00', '2019-02-16 00:00:00', null, 
                'publisher', 'default_series', 'published'),
('049E5F0AA3304BFCB42445C464952ACF', null, '2018-07-15 00:00:00', '2018-07-15 00:00:00', null, 
                'publisher', 'default_series', 'published'),
('40ADDFB1A5104A5A89EB123BF7A34CF5', null, '2017-10-21 00:00:00', '2017-10-21 00:00:00', null, 
                'publisher', 'default_series', 'published'),
('0DC1CF556A5C42B6A21451A2142484DF', null, '2021-09-10 00:00:00', '2021-09-10 00:00:00', null, 
                'publisher', 'default_series', 'published'),
('9EE43BFB7DE841018148FEB5ED31B537', null, '2021-09-25 00:00:00', '2021-09-25 00:00:00', null, 
                'publisher', 'default_series', 'published'),
('D5ED433CF94F40B9ACC797592C90BC98', null, '2019-05-23 00:00:00', '2019-05-23 00:00:00', null, 
                'publisher', 'default_series', 'published'),
('82DAD121ED1F44E0884A688B87104885', null, '2017-09-17 00:00:00', '2017-09-17 00:00:00', null, 
                'publisher', 'default_series', 'published'),
('7F818118F58B4503904CE8F5A1C3394F', null, '2018-07-08 00:00:00', '2018-07-08 00:00:00', null, 
                'publisher', 'default_series', 'published'),
('36AA39BAF87C4DBE9CF973238A974220', null, '2019-07-07 00:00:00', '2019-07-07 00:00:00', null, 
                'publisher', 'default_series', 'published'),
('A5572B2CF74941C789F3F4E139FB9C0E', null, '2019-05-25 00:00:00', '2019-05-25 00:00:00', null, 
                'publisher', 'default_series', 'published'),
('4504DB9D28C84D8584856DF340C2037B', null, '2019-11-25 00:00:00', '2019-12-06 00:00:00', null, 
                'publisher', 'default_series', 'published'),
('37A37707FBEB4F258B32E94885503D14', null, '2022-09-24 00:00:00', '2022-09-25 00:00:00', null, 
                'publisher', 'default_series', 'published'),
('D368218BBEC44A4899D591EB8C1F4B2E', null, '2022-09-24 00:00:00', '2022-09-25 00:00:00', null, 
                'publisher', 'default_series', 'published'),
('52022A2764A14DACBE110F9DBBFDF652', null, '2022-09-16 00:00:00', '2022-09-25 00:00:00', null, 
                'publisher', 'default_series', 'published'),
('F1F2807F4E6F42DE9931510237C7C948', null, '2019-08-16 00:00:00', '2019-08-16 00:00:00', null, 
                'publisher', 'default_series', 'published'),
('0A0A0BAA2BA0458AA81F14F4D4FB61D0', null, '2018-04-02 00:00:00', '2018-04-02 00:00:00', null, 
                'publisher', 'default_series', 'published'),
('AAB92129C6844065BB7B4A82A2F4F2DA', null, '2018-01-05 00:00:00', '2018-01-05 00:00:00', null, 
                'publisher', 'default_series', 'published'),
('60C1E3AC92E1429988D4DEED4BEB7393', null, '2016-03-12 00:00:00', '2016-03-12 00:00:00', null, 
                'publisher', 'default_series', 'published'),
('25CE3C696D104E09A29A8CD00AB30B4D', null, '2019-06-13 00:00:00', '2019-06-13 00:00:00', null, 
                'publisher', 'default_series', 'published'),
('47FD17D2DE264AAEBF6E44B3C32D1367', null, '2019-06-29 00:00:00', '2019-06-29 00:00:00', null, 
                'publisher', 'default_series', 'published'),
('BFF16EC65D344F66BC1AB47D20347D74', null, '2022-04-23 00:00:00', '2022-04-24 00:00:00', null, 
                'publisher', 'default_series', 'published'),
('75199C9977B846F2BAAF84727FFC8242', null, '2019-08-18 00:00:00', '2019-08-18 00:00:00', null, 
                'publisher', 'default_series', 'published'),
('BD65BB8CC6744C309B77C2EE3A02440E', null, '2019-09-08 00:00:00', '2019-09-08 00:00:00', null, 
                'publisher', 'default_series', 'published'),
('26055F0E32CE4D5BACF1AE4092385C23', null, '2019-08-31 00:00:00', '2019-09-15 00:00:00', null, 
                'publisher', 'default_series', 'published'),
('98ACF86788904DD19E36408BDA8565CE', null, '2016-10-06 00:00:00', '2016-10-12 00:00:00', null, 
                'publisher', 'default_series', 'published'),
('0CE668469A1445A58A658607B9D6C92E', null, '2022-09-17 00:00:00', '2022-09-17 00:00:00', null, 
                'publisher', 'default_series', 'published'),
('41A78ED159624AFD803418A89E95E388', null, '2019-03-23 00:00:00', '2019-03-23 00:00:00', null, 
                'publisher', 'default_series', 'published'),
('4CF166956D8A49938CA84B06C77C878E', null, '2016-09-04 00:00:00', '2016-09-04 00:00:00', null, 
                'publisher', 'default_series', 'published'),
('991A294AF8334FF98B44462F2078D6E6', null, '2018-03-10 00:00:00', '2018-03-11 00:00:00', null, 
                'publisher', 'default_series', 'published'),
('A9DDAF00E3394ADD8C13B8650C16793E', null, '2017-08-05 00:00:00', '2017-08-06 00:00:00', null, 
                'publisher', 'default_series', 'published'),
('D53723B3C6D84CFE8708F534816795DF', null, '2015-10-19 00:00:00', '2015-10-19 00:00:00', null, 
                'publisher', 'default_series', 'published'),
('A7B108835D774A32A2C558E4F4B6CF54', null, '2015-10-26 00:00:00', '2015-10-26 00:00:00', null, 
                'publisher', 'default_series', 'published'),
('D6AB0CD4E2514345B260CF2948939036', null, '2015-10-12 00:00:00', '2015-10-12 00:00:00', null, 
                'publisher', 'default_series', 'published'),
('53F39C768F28421DA420A1A8F1D092B8', null, '2015-11-09 00:00:00', '2015-11-09 00:00:00', null, 
                'publisher', 'default_series', 'published'),
('2BA8BA8260084B6198FF083AB689859D', null, '2015-11-02 00:00:00', '2015-11-02 00:00:00', null, 
                'publisher', 'default_series', 'published'),
('C8EEE7ADAA66425E84103524A64A9EAF', null, '2015-11-08 00:00:00', '2015-11-08 00:00:00', null, 
                'publisher', 'default_series', 'published'),
('757944A711854B49A8EFB53633C6E313', null, '2015-11-08 00:00:00', '2015-11-08 00:00:00', null, 
                'publisher', 'default_series', 'published'),
('8FA372564C5043A5B19AC2B0F4BE3C87', null, '2015-10-29 00:00:00', '2015-11-12 00:00:00', null, 
                'publisher', 'default_series', 'published'),
('AB752E976A364BFFA37ED3AB1F130E1A', null, '2015-10-28 00:00:00', '2015-10-28 00:00:00', null, 
                'publisher', 'default_series', 'published'),
('DE51CC0C0C954A0ABF2ED37C9CD4E389', null, '2015-11-11 00:00:00', '2015-11-11 00:00:00', null, 
                'publisher', 'default_series', 'published'),
('BABFEA5ADDCF41CEB3A3750B170024DF', null, '2015-10-14 00:00:00', '2015-10-14 00:00:00', null, 
                'publisher', 'default_series', 'published'),
('D2EAC305F8C54F1AB77065DA19C2E763', null, '2015-11-04 00:00:00', '2015-11-04 00:00:00', null, 
                'publisher', 'default_series', 'published'),
('2DA979F17AD841D8AA4176851EAB71A1', null, '2015-10-21 00:00:00', '2015-10-21 00:00:00', null, 
                'publisher', 'default_series', 'published'),
('A343F87203F64AF8930FC322232EB781', null, '2018-02-02 00:00:00', '2018-02-02 00:00:00', null, 
                'publisher', 'default_series', 'published'),
('256E7CD054EF499D951A4C8AD1365916', null, '2018-04-27 00:00:00', '2018-04-27 00:00:00', null, 
                'publisher', 'default_series', 'published'),
('5771E303F5274496B46EAF8CB884CFF8', null, '2021-12-11 00:00:00', '2021-12-19 00:00:00', null, 
                'publisher', 'default_series', 'published'),
('7262A8A541024A95AF68119D7A185492', null, '2017-04-29 00:00:00', '2017-04-29 00:00:00', null, 
                'publisher', 'default_series', 'published'),
('E3CA7B9C82CD485EB0A3952DE58CE8EF', null, '2016-05-28 00:00:00', '2016-05-28 00:00:00', null, 
                'publisher', 'default_series', 'published'),
('519ED83348524507A0705F2D78EECA4D', null, '2020-04-13 00:00:00', '2020-04-13 00:00:00', null, 
                'publisher', 'default_series', 'published'),
('AED86EEC2DE04B51BCE05EF88655BE06', null, '2022-04-18 00:00:00', '2022-04-18 00:00:00', null, 
                'publisher', 'default_series', 'published'),
('F30344CBA89F4FA3A203FEFCBC14DF23', null, '2019-12-31 00:00:00', '2019-12-31 00:00:00', null, 
                'publisher', 'default_series', 'published'),
('01F2B21DF575485CA794F372D7BC359F', null, '2019-07-08 00:00:00', '2019-08-26 00:00:00', null, 
                'publisher', 'default_series', 'published'),
('71B99F4388844780BF991525B4A582D6', null, '2019-07-10 00:00:00', '2019-08-28 00:00:00', null, 
                'publisher', 'default_series', 'published'),
('E820B0B91C7643799901C375B8B8BED3', null, '2019-08-11 00:00:00', '2019-08-11 00:00:00', null, 
                'publisher', 'default_series', 'published'),
('BFA002968F494EA79C2D2D988EB3A43A', null, '2019-10-20 00:00:00', '2019-10-20 00:00:00', null, 
                'publisher', 'default_series', 'published'),
('57F150031CE24616AD6DCCB3B1E465A8', null, '2019-01-12 00:00:00', '2019-01-12 00:00:00', null, 
                'publisher', 'default_series', 'published'),
('7C218B36F554454088282B8FF50D79C1', null, '2019-07-02 00:00:00', '2019-08-27 00:00:00', null, 
                'publisher', 'default_series', 'published'),
('F62ED1ADF5404654A8902872DCC89170', null, '2019-09-19 00:00:00', '2019-09-19 00:00:00', null, 
                'publisher', 'default_series', 'published'),
('A079B471341F45EE8999AE8201DB9E45', null, '2019-11-17 00:00:00', '2019-11-17 00:00:00', null, 
                'publisher', 'default_series', 'published'),
('666AED08535B4314B3B2554402458BF7', null, '2019-05-25 00:00:00', '2019-05-25 00:00:00', null, 
                'publisher', 'default_series', 'published'),
('02108340A0BC4539999D2706036C3E99', null, '2020-01-08 00:00:00', '2020-01-08 00:00:00', null, 
                'publisher', 'default_series', 'published'),
('56B421BB74864724A09BE0A0B1444298', null, '2020-01-14 00:00:00', '2020-01-14 00:00:00', null, 
                'publisher', 'default_series', 'published'),
('C7F53144F3EB47D8B0659F321C97DCFC', null, '2019-07-24 00:00:00', '2019-07-24 00:00:00', null, 
                'publisher', 'default_series', 'published'),
('06117B224CB743DE99A679398D16C181', null, '2019-04-28 00:00:00', '2019-04-28 00:00:00', null, 
                'publisher', 'default_series', 'published'),
('79A07B9380BC44EA908C339C4866EFB2', null, '2019-09-29 00:00:00', '2019-09-29 00:00:00', null, 
                'publisher', 'default_series', 'published'),
('45D2D48FF9454AA0AF507B454EAA2606', null, '2019-05-31 00:00:00', '2019-06-02 00:00:00', null, 
                'publisher', 'default_series', 'published'),
('08EE008BB7AB4D248B36A49DF9AAB0F2', null, '2019-06-01 00:00:00', '2019-06-01 00:00:00', null, 
                'publisher', 'default_series', 'published'),
('A55889C2ACF7440A91EE7E4F3FFC2675', null, '2019-04-06 00:00:00', '2019-04-07 00:00:00', null, 
                'publisher', 'default_series', 'published'),
('80857ABDACF74CFC8D7225C93EE30E7C', null, '2019-04-14 00:00:00', '2019-04-21 00:00:00', null, 
                'publisher', 'default_series', 'published'),
('D1942E1BAE5D45B5835F6A48C3C6367A', null, '2019-07-14 00:00:00', '2019-07-14 00:00:00', null, 
                'publisher', 'default_series', 'published'),
('952A5E52B7814575B6883D4BD46D8610', null, '2019-09-15 00:00:00', '2019-09-15 00:00:00', null, 
                'publisher', 'default_series', 'published'),
('1AFABFD0152B4F44A07001923A463B3D', null, '2019-01-31 00:00:00', '2019-02-02 00:00:00', null, 
                'publisher', 'default_series', 'published'),
('D1DB4218DF8B4564A31B54C5DDC504A5', null, '2019-05-09 00:00:00', '2019-05-09 00:00:00', null, 
                'publisher', 'default_series', 'published'),
('D4673882BBEF41A5AB0EB2836BF5EEEC', null, '2019-12-01 00:00:00', '2020-01-06 00:00:00', null, 
                'publisher', 'default_series', 'published'),
('61C33EF7B5B3428E8CCE0AF0398C5ACB', null, '2019-07-22 00:00:00', '2019-07-22 00:00:00', null, 
                'publisher', 'default_series', 'published'),
('9F4BC17266EE4E16BF26683D26522443', null, '2019-05-12 00:00:00', '2019-05-12 00:00:00', null, 
                'publisher', 'default_series', 'published'),
('480D60418C044060B2E593E9EC353797', null, '2019-02-02 00:00:00', '2019-02-02 00:00:00', null, 
                'publisher', 'default_series', 'published'),
('C24923917EE44B3C8B2C08670477DFF5', null, '2019-11-15 00:00:00', '2019-11-15 00:00:00', null, 
                'publisher', 'default_series', 'published'),
('740AC36DAFA943299353BDE7C0354937', null, '2019-05-18 00:00:00', '2019-05-18 00:00:00', null, 
                'publisher', 'default_series', 'published'),
('D347ECFF30E042C89EFCE796A95990F0', null, '2019-11-09 00:00:00', '2019-11-09 00:00:00', null, 
                'publisher', 'default_series', 'published'),
('1DFE16798D85405C8125B607D9F269AA', null, '2019-08-31 00:00:00', '2019-09-01 00:00:00', null, 
                'publisher', 'default_series', 'published'),
('33857198B5DD44EE899CFCD4BABFC459', null, '2019-06-02 00:00:00', '2019-06-02 00:00:00', null, 
                'publisher', 'default_series', 'published'),
('ABF7B48BF1964654A307A25D8E295F1C', null, '2019-04-28 00:00:00', '2019-04-28 00:00:00', null, 
                'publisher', 'default_series', 'published'),
('A8AA3B2223574C6E8FF75F172FA9166B', null, '2019-03-15 00:00:00', '2019-03-15 00:00:00', null, 
                'publisher', 'default_series', 'published'),
('0B9E28C0CFE140F2A125D3B91EAED807', null, '2019-09-18 00:00:00', '2019-09-22 00:00:00', null, 
                'publisher', 'default_series', 'published'),
('C87A9463C162460E9CF7BD2753921AD2', null, '2019-05-31 00:00:00', '2019-05-31 00:00:00', null, 
                'publisher', 'default_series', 'published'),
('3CEEBBC773064AD6958E8C4679E3BF8C', null, '2019-01-31 00:00:00', '2019-01-31 00:00:00', null, 
                'publisher', 'default_series', 'published');

--Events - Insert Event Organizers at table Agents
INSERT INTO resources (id,odh_id,type,data_provider,last_update,created_at,simple_url)
VALUES
('FD7DC58E68A9447FB987460138FB3C85_organizer','null','agents','http://tourism.opendatahub.bz.it/','2022-02-16 18:26:42.891','2022-02-16 18:26:42.891','null'),
('4231E17139FA49D0BA4C0503DB34E86B_organizer','null','agents','http://tourism.opendatahub.bz.it/','2022-02-16 18:26:42.891','2022-02-16 18:26:42.891','null'),
('8F118C2CCB854FF7A9B77C3AC19BCAFC_organizer','null','agents','http://tourism.opendatahub.bz.it/','2022-02-16 18:26:42.891','2022-02-16 18:26:42.891','null'),
('377ADD10E0F14C78988B9A86DAD1462F_organizer','null','agents','http://tourism.opendatahub.bz.it/','2022-02-16 18:26:42.891','2022-02-16 18:26:42.891','null'),
('1A2B6A30FB6E46BDB2644B6984D06C29_organizer','null','agents','http://tourism.opendatahub.bz.it/','2022-02-16 18:26:42.893','2022-02-16 18:26:42.893','null'),
('FCDEB65BAF22402380F06B977C91A54B_organizer','null','agents','http://tourism.opendatahub.bz.it/','2022-02-16 18:26:42.893','2022-02-16 18:26:42.893','null'),
('303E1B8404CD473483D9A37D8C521F62_organizer','null','agents','http://tourism.opendatahub.bz.it/','2022-02-16 18:26:42.893','2022-02-16 18:26:42.893','null'),
('9FA3C0F97FD84F12957E6F73FCBB0389_organizer','null','agents','http://tourism.opendatahub.bz.it/','2022-02-16 18:26:42.893','2022-02-16 18:26:42.893','null'),
('A8F3E3A8522143448672AD80435A38BE_organizer','null','agents','http://tourism.opendatahub.bz.it/','2022-02-16 18:26:42.893','2022-02-16 18:26:42.893','null'),
('0465D969FB9642DB98F49ABE952CA66F_organizer','null','agents','http://tourism.opendatahub.bz.it/','2022-02-16 18:26:42.893','2022-02-16 18:26:42.893','null'),
('20D8424667EF42ACAD390F6F6BD9AF42_organizer','null','agents','http://tourism.opendatahub.bz.it/','2022-02-16 18:26:42.893','2022-02-16 18:26:42.893','null'),
('499783AA7CF34A0F86EC63FB706459CD_organizer','null','agents','http://tourism.opendatahub.bz.it/','2022-02-16 18:26:42.893','2022-02-16 18:26:42.894','null'),
('39B9AFB528A0483E98BFDACE69AE43CD_organizer','null','agents','http://tourism.opendatahub.bz.it/','2022-02-16 18:26:42.894','2022-02-16 18:26:42.894','null'),
('049E5F0AA3304BFCB42445C464952ACF_organizer','null','agents','http://tourism.opendatahub.bz.it/','2022-02-16 18:26:42.894','2022-02-16 18:26:42.894','null'),
('40ADDFB1A5104A5A89EB123BF7A34CF5_organizer','null','agents','http://tourism.opendatahub.bz.it/','2022-02-16 18:26:42.894','2022-02-16 18:26:42.894','null'),
('0DC1CF556A5C42B6A21451A2142484DF_organizer','null','agents','http://tourism.opendatahub.bz.it/','2022-02-16 18:26:42.894','2022-02-16 18:26:42.894','null'),
('9EE43BFB7DE841018148FEB5ED31B537_organizer','null','agents','http://tourism.opendatahub.bz.it/','2022-02-16 18:26:42.894','2022-02-16 18:26:42.894','null'),
('D5ED433CF94F40B9ACC797592C90BC98_organizer','null','agents','http://tourism.opendatahub.bz.it/','2022-02-16 18:26:42.894','2022-02-16 18:26:42.894','null'),
('82DAD121ED1F44E0884A688B87104885_organizer','null','agents','http://tourism.opendatahub.bz.it/','2022-02-16 18:26:42.894','2022-02-16 18:26:42.894','null'),
('7F818118F58B4503904CE8F5A1C3394F_organizer','null','agents','http://tourism.opendatahub.bz.it/','2022-02-16 18:26:42.894','2022-02-16 18:26:42.894','null'),
('36AA39BAF87C4DBE9CF973238A974220_organizer','null','agents','http://tourism.opendatahub.bz.it/','2022-02-16 18:26:42.894','2022-02-16 18:26:42.894','null'),
('A5572B2CF74941C789F3F4E139FB9C0E_organizer','null','agents','http://tourism.opendatahub.bz.it/','2022-02-16 18:26:42.894','2022-02-16 18:26:42.894','null'),
('4504DB9D28C84D8584856DF340C2037B_organizer','null','agents','http://tourism.opendatahub.bz.it/','2022-02-16 18:26:42.894','2022-02-16 18:26:42.894','null'),
('37A37707FBEB4F258B32E94885503D14_organizer','null','agents','http://tourism.opendatahub.bz.it/','2022-02-16 18:26:42.894','2022-02-16 18:26:42.894','null'),
('D368218BBEC44A4899D591EB8C1F4B2E_organizer','null','agents','http://tourism.opendatahub.bz.it/','2022-02-16 18:26:42.894','2022-02-16 18:26:42.894','null'),
('52022A2764A14DACBE110F9DBBFDF652_organizer','null','agents','http://tourism.opendatahub.bz.it/','2022-02-16 18:26:42.894','2022-02-16 18:26:42.894','null'),
('F1F2807F4E6F42DE9931510237C7C948_organizer','null','agents','http://tourism.opendatahub.bz.it/','2022-02-16 18:26:42.894','2022-02-16 18:26:42.894','null'),
('0A0A0BAA2BA0458AA81F14F4D4FB61D0_organizer','null','agents','http://tourism.opendatahub.bz.it/','2022-02-16 18:26:42.894','2022-02-16 18:26:42.894','null'),
('AAB92129C6844065BB7B4A82A2F4F2DA_organizer','null','agents','http://tourism.opendatahub.bz.it/','2022-02-16 18:26:42.894','2022-02-16 18:26:42.894','null'),
('60C1E3AC92E1429988D4DEED4BEB7393_organizer','null','agents','http://tourism.opendatahub.bz.it/','2022-02-16 18:26:42.894','2022-02-16 18:26:42.894','null'),
('25CE3C696D104E09A29A8CD00AB30B4D_organizer','null','agents','http://tourism.opendatahub.bz.it/','2022-02-16 18:26:42.894','2022-02-16 18:26:42.894','null'),
('47FD17D2DE264AAEBF6E44B3C32D1367_organizer','null','agents','http://tourism.opendatahub.bz.it/','2022-02-16 18:26:42.894','2022-02-16 18:26:42.894','null'),
('BFF16EC65D344F66BC1AB47D20347D74_organizer','null','agents','http://tourism.opendatahub.bz.it/','2022-02-16 18:26:42.894','2022-02-16 18:26:42.894','null'),
('75199C9977B846F2BAAF84727FFC8242_organizer','null','agents','http://tourism.opendatahub.bz.it/','2022-02-16 18:26:42.894','2022-02-16 18:26:42.894','null'),
('BD65BB8CC6744C309B77C2EE3A02440E_organizer','null','agents','http://tourism.opendatahub.bz.it/','2022-02-16 18:26:42.894','2022-02-16 18:26:42.894','null'),
('26055F0E32CE4D5BACF1AE4092385C23_organizer','null','agents','http://tourism.opendatahub.bz.it/','2022-02-16 18:26:42.894','2022-02-16 18:26:42.894','null'),
('98ACF86788904DD19E36408BDA8565CE_organizer','null','agents','http://tourism.opendatahub.bz.it/','2022-02-16 18:26:42.894','2022-02-16 18:26:42.894','null'),
('0CE668469A1445A58A658607B9D6C92E_organizer','null','agents','http://tourism.opendatahub.bz.it/','2022-02-16 18:26:42.894','2022-02-16 18:26:42.894','null'),
('41A78ED159624AFD803418A89E95E388_organizer','null','agents','http://tourism.opendatahub.bz.it/','2022-02-16 18:26:42.894','2022-02-16 18:26:42.894','null'),
('4CF166956D8A49938CA84B06C77C878E_organizer','null','agents','http://tourism.opendatahub.bz.it/','2022-02-16 18:26:42.894','2022-02-16 18:26:42.894','null'),
('991A294AF8334FF98B44462F2078D6E6_organizer','null','agents','http://tourism.opendatahub.bz.it/','2022-02-16 18:26:42.894','2022-02-16 18:26:42.894','null'),
('A9DDAF00E3394ADD8C13B8650C16793E_organizer','null','agents','http://tourism.opendatahub.bz.it/','2022-02-16 18:26:42.894','2022-02-16 18:26:42.894','null'),
('D53723B3C6D84CFE8708F534816795DF_organizer','null','agents','http://tourism.opendatahub.bz.it/','2022-02-16 18:26:42.894','2022-02-16 18:26:42.894','null'),
('A7B108835D774A32A2C558E4F4B6CF54_organizer','null','agents','http://tourism.opendatahub.bz.it/','2022-02-16 18:26:42.894','2022-02-16 18:26:42.894','null'),
('D6AB0CD4E2514345B260CF2948939036_organizer','null','agents','http://tourism.opendatahub.bz.it/','2022-02-16 18:26:42.894','2022-02-16 18:26:42.894','null'),
('53F39C768F28421DA420A1A8F1D092B8_organizer','null','agents','http://tourism.opendatahub.bz.it/','2022-02-16 18:26:42.894','2022-02-16 18:26:42.894','null'),
('2BA8BA8260084B6198FF083AB689859D_organizer','null','agents','http://tourism.opendatahub.bz.it/','2022-02-16 18:26:42.894','2022-02-16 18:26:42.894','null'),
('C8EEE7ADAA66425E84103524A64A9EAF_organizer','null','agents','http://tourism.opendatahub.bz.it/','2022-02-16 18:26:42.894','2022-02-16 18:26:42.894','null'),
('757944A711854B49A8EFB53633C6E313_organizer','null','agents','http://tourism.opendatahub.bz.it/','2022-02-16 18:26:42.894','2022-02-16 18:26:42.894','null'),
('8FA372564C5043A5B19AC2B0F4BE3C87_organizer','null','agents','http://tourism.opendatahub.bz.it/','2022-02-16 18:26:42.894','2022-02-16 18:26:42.894','null'),
('AB752E976A364BFFA37ED3AB1F130E1A_organizer','null','agents','http://tourism.opendatahub.bz.it/','2022-02-16 18:26:42.894','2022-02-16 18:26:42.894','null'),
('DE51CC0C0C954A0ABF2ED37C9CD4E389_organizer','null','agents','http://tourism.opendatahub.bz.it/','2022-02-16 18:26:42.894','2022-02-16 18:26:42.894','null'),
('BABFEA5ADDCF41CEB3A3750B170024DF_organizer','null','agents','http://tourism.opendatahub.bz.it/','2022-02-16 18:26:42.894','2022-02-16 18:26:42.894','null'),
('D2EAC305F8C54F1AB77065DA19C2E763_organizer','null','agents','http://tourism.opendatahub.bz.it/','2022-02-16 18:26:42.894','2022-02-16 18:26:42.894','null'),
('2DA979F17AD841D8AA4176851EAB71A1_organizer','null','agents','http://tourism.opendatahub.bz.it/','2022-02-16 18:26:42.894','2022-02-16 18:26:42.894','null'),
('A343F87203F64AF8930FC322232EB781_organizer','null','agents','http://tourism.opendatahub.bz.it/','2022-02-16 18:26:42.894','2022-02-16 18:26:42.894','null'),
('256E7CD054EF499D951A4C8AD1365916_organizer','null','agents','http://tourism.opendatahub.bz.it/','2022-02-16 18:26:42.894','2022-02-16 18:26:42.894','null'),
('5771E303F5274496B46EAF8CB884CFF8_organizer','null','agents','http://tourism.opendatahub.bz.it/','2022-02-16 18:26:42.894','2022-02-16 18:26:42.894','null'),
('7262A8A541024A95AF68119D7A185492_organizer','null','agents','http://tourism.opendatahub.bz.it/','2022-02-16 18:26:42.894','2022-02-16 18:26:42.894','null'),
('E3CA7B9C82CD485EB0A3952DE58CE8EF_organizer','null','agents','http://tourism.opendatahub.bz.it/','2022-02-16 18:26:42.894','2022-02-16 18:26:42.894','null'),
('519ED83348524507A0705F2D78EECA4D_organizer','null','agents','http://tourism.opendatahub.bz.it/','2022-02-16 18:26:42.894','2022-02-16 18:26:42.894','null'),
('AED86EEC2DE04B51BCE05EF88655BE06_organizer','null','agents','http://tourism.opendatahub.bz.it/','2022-02-16 18:26:42.894','2022-02-16 18:26:42.894','null'),
('F30344CBA89F4FA3A203FEFCBC14DF23_organizer','null','agents','http://tourism.opendatahub.bz.it/','2022-02-16 18:26:42.894','2022-02-16 18:26:42.894','null'),
('01F2B21DF575485CA794F372D7BC359F_organizer','null','agents','http://tourism.opendatahub.bz.it/','2022-02-16 18:26:42.894','2022-02-16 18:26:42.894','null'),
('71B99F4388844780BF991525B4A582D6_organizer','null','agents','http://tourism.opendatahub.bz.it/','2022-02-16 18:26:42.894','2022-02-16 18:26:42.894','null'),
('E820B0B91C7643799901C375B8B8BED3_organizer','null','agents','http://tourism.opendatahub.bz.it/','2022-02-16 18:26:42.894','2022-02-16 18:26:42.894','null'),
('BFA002968F494EA79C2D2D988EB3A43A_organizer','null','agents','http://tourism.opendatahub.bz.it/','2022-02-16 18:26:42.894','2022-02-16 18:26:42.894','null'),
('57F150031CE24616AD6DCCB3B1E465A8_organizer','null','agents','http://tourism.opendatahub.bz.it/','2022-02-16 18:26:42.894','2022-02-16 18:26:42.894','null'),
('7C218B36F554454088282B8FF50D79C1_organizer','null','agents','http://tourism.opendatahub.bz.it/','2022-02-16 18:26:42.894','2022-02-16 18:26:42.894','null'),
('F62ED1ADF5404654A8902872DCC89170_organizer','null','agents','http://tourism.opendatahub.bz.it/','2022-02-16 18:26:42.894','2022-02-16 18:26:42.894','null'),
('A079B471341F45EE8999AE8201DB9E45_organizer','null','agents','http://tourism.opendatahub.bz.it/','2022-02-16 18:26:42.894','2022-02-16 18:26:42.894','null'),
('666AED08535B4314B3B2554402458BF7_organizer','null','agents','http://tourism.opendatahub.bz.it/','2022-02-16 18:26:42.894','2022-02-16 18:26:42.894','null'),
('02108340A0BC4539999D2706036C3E99_organizer','null','agents','http://tourism.opendatahub.bz.it/','2022-02-16 18:26:42.894','2022-02-16 18:26:42.894','null'),
('56B421BB74864724A09BE0A0B1444298_organizer','null','agents','http://tourism.opendatahub.bz.it/','2022-02-16 18:26:42.894','2022-02-16 18:26:42.894','null'),
('C7F53144F3EB47D8B0659F321C97DCFC_organizer','null','agents','http://tourism.opendatahub.bz.it/','2022-02-16 18:26:42.894','2022-02-16 18:26:42.894','null'),
('06117B224CB743DE99A679398D16C181_organizer','null','agents','http://tourism.opendatahub.bz.it/','2022-02-16 18:26:42.894','2022-02-16 18:26:42.894','null'),
('79A07B9380BC44EA908C339C4866EFB2_organizer','null','agents','http://tourism.opendatahub.bz.it/','2022-02-16 18:26:42.894','2022-02-16 18:26:42.894','null'),
('45D2D48FF9454AA0AF507B454EAA2606_organizer','null','agents','http://tourism.opendatahub.bz.it/','2022-02-16 18:26:42.894','2022-02-16 18:26:42.894','null'),
('08EE008BB7AB4D248B36A49DF9AAB0F2_organizer','null','agents','http://tourism.opendatahub.bz.it/','2022-02-16 18:26:42.894','2022-02-16 18:26:42.894','null'),
('A55889C2ACF7440A91EE7E4F3FFC2675_organizer','null','agents','http://tourism.opendatahub.bz.it/','2022-02-16 18:26:42.894','2022-02-16 18:26:42.894','null'),
('80857ABDACF74CFC8D7225C93EE30E7C_organizer','null','agents','http://tourism.opendatahub.bz.it/','2022-02-16 18:26:42.894','2022-02-16 18:26:42.894','null'),
('D1942E1BAE5D45B5835F6A48C3C6367A_organizer','null','agents','http://tourism.opendatahub.bz.it/','2022-02-16 18:26:42.894','2022-02-16 18:26:42.894','null'),
('952A5E52B7814575B6883D4BD46D8610_organizer','null','agents','http://tourism.opendatahub.bz.it/','2022-02-16 18:26:42.894','2022-02-16 18:26:42.894','null'),
('1AFABFD0152B4F44A07001923A463B3D_organizer','null','agents','http://tourism.opendatahub.bz.it/','2022-02-16 18:26:42.894','2022-02-16 18:26:42.894','null'),
('D1DB4218DF8B4564A31B54C5DDC504A5_organizer','null','agents','http://tourism.opendatahub.bz.it/','2022-02-16 18:26:42.894','2022-02-16 18:26:42.894','null'),
('D4673882BBEF41A5AB0EB2836BF5EEEC_organizer','null','agents','http://tourism.opendatahub.bz.it/','2022-02-16 18:26:42.894','2022-02-16 18:26:42.894','null'),
('61C33EF7B5B3428E8CCE0AF0398C5ACB_organizer','null','agents','http://tourism.opendatahub.bz.it/','2022-02-16 18:26:42.894','2022-02-16 18:26:42.894','null'),
('9F4BC17266EE4E16BF26683D26522443_organizer','null','agents','http://tourism.opendatahub.bz.it/','2022-02-16 18:26:42.894','2022-02-16 18:26:42.894','null'),
('480D60418C044060B2E593E9EC353797_organizer','null','agents','http://tourism.opendatahub.bz.it/','2022-02-16 18:26:42.894','2022-02-16 18:26:42.894','null'),
('C24923917EE44B3C8B2C08670477DFF5_organizer','null','agents','http://tourism.opendatahub.bz.it/','2022-02-16 18:26:42.894','2022-02-16 18:26:42.894','null'),
('740AC36DAFA943299353BDE7C0354937_organizer','null','agents','http://tourism.opendatahub.bz.it/','2022-02-16 18:26:42.894','2022-02-16 18:26:42.894','null'),
('D347ECFF30E042C89EFCE796A95990F0_organizer','null','agents','http://tourism.opendatahub.bz.it/','2022-02-16 18:26:42.894','2022-02-16 18:26:42.894','null'),
('1DFE16798D85405C8125B607D9F269AA_organizer','null','agents','http://tourism.opendatahub.bz.it/','2022-02-16 18:26:42.894','2022-02-16 18:26:42.894','null'),
('33857198B5DD44EE899CFCD4BABFC459_organizer','null','agents','http://tourism.opendatahub.bz.it/','2022-02-16 18:26:42.894','2022-02-16 18:26:42.894','null'),
('ABF7B48BF1964654A307A25D8E295F1C_organizer','null','agents','http://tourism.opendatahub.bz.it/','2022-02-16 18:26:42.894','2022-02-16 18:26:42.894','null'),
('A8AA3B2223574C6E8FF75F172FA9166B_organizer','null','agents','http://tourism.opendatahub.bz.it/','2022-02-16 18:26:42.894','2022-02-16 18:26:42.894','null'),
('0B9E28C0CFE140F2A125D3B91EAED807_organizer','null','agents','http://tourism.opendatahub.bz.it/','2022-02-16 18:26:42.894','2022-02-16 18:26:42.894','null'),
('C87A9463C162460E9CF7BD2753921AD2_organizer','null','agents','http://tourism.opendatahub.bz.it/','2022-02-16 18:26:42.894','2022-02-16 18:26:42.894','null'),
('3CEEBBC773064AD6958E8C4679E3BF8C_organizer','null','agents','http://tourism.opendatahub.bz.it/','2022-02-16 18:26:42.894','2022-02-16 18:26:42.894','null');

INSERT INTO agents (id)
VALUES
('FD7DC58E68A9447FB987460138FB3C85_organizer'),
('4231E17139FA49D0BA4C0503DB34E86B_organizer'),
('8F118C2CCB854FF7A9B77C3AC19BCAFC_organizer'),
('377ADD10E0F14C78988B9A86DAD1462F_organizer'),
('1A2B6A30FB6E46BDB2644B6984D06C29_organizer'),
('FCDEB65BAF22402380F06B977C91A54B_organizer'),
('303E1B8404CD473483D9A37D8C521F62_organizer'),
('9FA3C0F97FD84F12957E6F73FCBB0389_organizer'),
('A8F3E3A8522143448672AD80435A38BE_organizer'),
('0465D969FB9642DB98F49ABE952CA66F_organizer'),
('20D8424667EF42ACAD390F6F6BD9AF42_organizer'),
('499783AA7CF34A0F86EC63FB706459CD_organizer'),
('39B9AFB528A0483E98BFDACE69AE43CD_organizer'),
('049E5F0AA3304BFCB42445C464952ACF_organizer'),
('40ADDFB1A5104A5A89EB123BF7A34CF5_organizer'),
('0DC1CF556A5C42B6A21451A2142484DF_organizer'),
('9EE43BFB7DE841018148FEB5ED31B537_organizer'),
('D5ED433CF94F40B9ACC797592C90BC98_organizer'),
('82DAD121ED1F44E0884A688B87104885_organizer'),
('7F818118F58B4503904CE8F5A1C3394F_organizer'),
('36AA39BAF87C4DBE9CF973238A974220_organizer'),
('A5572B2CF74941C789F3F4E139FB9C0E_organizer'),
('4504DB9D28C84D8584856DF340C2037B_organizer'),
('37A37707FBEB4F258B32E94885503D14_organizer'),
('D368218BBEC44A4899D591EB8C1F4B2E_organizer'),
('52022A2764A14DACBE110F9DBBFDF652_organizer'),
('F1F2807F4E6F42DE9931510237C7C948_organizer'),
('0A0A0BAA2BA0458AA81F14F4D4FB61D0_organizer'),
('AAB92129C6844065BB7B4A82A2F4F2DA_organizer'),
('60C1E3AC92E1429988D4DEED4BEB7393_organizer'),
('25CE3C696D104E09A29A8CD00AB30B4D_organizer'),
('47FD17D2DE264AAEBF6E44B3C32D1367_organizer'),
('BFF16EC65D344F66BC1AB47D20347D74_organizer'),
('75199C9977B846F2BAAF84727FFC8242_organizer'),
('BD65BB8CC6744C309B77C2EE3A02440E_organizer'),
('26055F0E32CE4D5BACF1AE4092385C23_organizer'),
('98ACF86788904DD19E36408BDA8565CE_organizer'),
('0CE668469A1445A58A658607B9D6C92E_organizer'),
('41A78ED159624AFD803418A89E95E388_organizer'),
('4CF166956D8A49938CA84B06C77C878E_organizer'),
('991A294AF8334FF98B44462F2078D6E6_organizer'),
('A9DDAF00E3394ADD8C13B8650C16793E_organizer'),
('D53723B3C6D84CFE8708F534816795DF_organizer'),
('A7B108835D774A32A2C558E4F4B6CF54_organizer'),
('D6AB0CD4E2514345B260CF2948939036_organizer'),
('53F39C768F28421DA420A1A8F1D092B8_organizer'),
('2BA8BA8260084B6198FF083AB689859D_organizer'),
('C8EEE7ADAA66425E84103524A64A9EAF_organizer'),
('757944A711854B49A8EFB53633C6E313_organizer'),
('8FA372564C5043A5B19AC2B0F4BE3C87_organizer'),
('AB752E976A364BFFA37ED3AB1F130E1A_organizer'),
('DE51CC0C0C954A0ABF2ED37C9CD4E389_organizer'),
('BABFEA5ADDCF41CEB3A3750B170024DF_organizer'),
('D2EAC305F8C54F1AB77065DA19C2E763_organizer'),
('2DA979F17AD841D8AA4176851EAB71A1_organizer'),
('A343F87203F64AF8930FC322232EB781_organizer'),
('256E7CD054EF499D951A4C8AD1365916_organizer'),
('5771E303F5274496B46EAF8CB884CFF8_organizer'),
('7262A8A541024A95AF68119D7A185492_organizer'),
('E3CA7B9C82CD485EB0A3952DE58CE8EF_organizer'),
('519ED83348524507A0705F2D78EECA4D_organizer'),
('AED86EEC2DE04B51BCE05EF88655BE06_organizer'),
('F30344CBA89F4FA3A203FEFCBC14DF23_organizer'),
('01F2B21DF575485CA794F372D7BC359F_organizer'),
('71B99F4388844780BF991525B4A582D6_organizer'),
('E820B0B91C7643799901C375B8B8BED3_organizer'),
('BFA002968F494EA79C2D2D988EB3A43A_organizer'),
('57F150031CE24616AD6DCCB3B1E465A8_organizer'),
('7C218B36F554454088282B8FF50D79C1_organizer'),
('F62ED1ADF5404654A8902872DCC89170_organizer'),
('A079B471341F45EE8999AE8201DB9E45_organizer'),
('666AED08535B4314B3B2554402458BF7_organizer'),
('02108340A0BC4539999D2706036C3E99_organizer'),
('56B421BB74864724A09BE0A0B1444298_organizer'),
('C7F53144F3EB47D8B0659F321C97DCFC_organizer'),
('06117B224CB743DE99A679398D16C181_organizer'),
('79A07B9380BC44EA908C339C4866EFB2_organizer'),
('45D2D48FF9454AA0AF507B454EAA2606_organizer'),
('08EE008BB7AB4D248B36A49DF9AAB0F2_organizer'),
('A55889C2ACF7440A91EE7E4F3FFC2675_organizer'),
('80857ABDACF74CFC8D7225C93EE30E7C_organizer'),
('D1942E1BAE5D45B5835F6A48C3C6367A_organizer'),
('952A5E52B7814575B6883D4BD46D8610_organizer'),
('1AFABFD0152B4F44A07001923A463B3D_organizer'),
('D1DB4218DF8B4564A31B54C5DDC504A5_organizer'),
('D4673882BBEF41A5AB0EB2836BF5EEEC_organizer'),
('61C33EF7B5B3428E8CCE0AF0398C5ACB_organizer'),
('9F4BC17266EE4E16BF26683D26522443_organizer'),
('480D60418C044060B2E593E9EC353797_organizer'),
('C24923917EE44B3C8B2C08670477DFF5_organizer'),
('740AC36DAFA943299353BDE7C0354937_organizer'),
('D347ECFF30E042C89EFCE796A95990F0_organizer'),
('1DFE16798D85405C8125B607D9F269AA_organizer'),
('33857198B5DD44EE899CFCD4BABFC459_organizer'),
('ABF7B48BF1964654A307A25D8E295F1C_organizer'),
('A8AA3B2223574C6E8FF75F172FA9166B_organizer'),
('0B9E28C0CFE140F2A125D3B91EAED807_organizer'),
('C87A9463C162460E9CF7BD2753921AD2_organizer'),
('3CEEBBC773064AD6958E8C4679E3BF8C_organizer');

--Events - Insert Organizer name at multilingual tables
INSERT INTO names (resource_id, lang, content)
VALUES
('FD7DC58E68A9447FB987460138FB3C85_organizer', 'deu', 'Tourismusverein Innichen'),
('FD7DC58E68A9447FB987460138FB3C85_organizer', 'eng', 'Tourist office  Innichen'),
('FD7DC58E68A9447FB987460138FB3C85_organizer', 'ita', 'Associazione Turistica  S. Candido'),
('4231E17139FA49D0BA4C0503DB34E86B_organizer', 'deu', 'sonstige'),
('4231E17139FA49D0BA4C0503DB34E86B_organizer', 'eng', 'Undefiniert'),
('4231E17139FA49D0BA4C0503DB34E86B_organizer', 'ita', 'sonstige'),
('8F118C2CCB854FF7A9B77C3AC19BCAFC_organizer', 'deu', 'Italienisches Institut für Außenhandel ICE'),
('377ADD10E0F14C78988B9A86DAD1462F_organizer', 'deu', 'Gruppe Dekadenz'),
('1A2B6A30FB6E46BDB2644B6984D06C29_organizer', 'deu', 'Tourismusgenossenschaft Sterzing'),
('1A2B6A30FB6E46BDB2644B6984D06C29_organizer', 'ita', 'Società cooperativa turistica di Vipiteno'),
('FCDEB65BAF22402380F06B977C91A54B_organizer', 'deu', 'Südt. Bauernjugend und Bäuerinnen Barbian'),
('303E1B8404CD473483D9A37D8C521F62_organizer', 'deu', 'NOI AG'),
('303E1B8404CD473483D9A37D8C521F62_organizer', 'ita', 'NOI SpA'),
('9FA3C0F97FD84F12957E6F73FCBB0389_organizer', 'deu', 'Active & Events Büro Wolkenstein - Dolomites'),
('9FA3C0F97FD84F12957E6F73FCBB0389_organizer', 'eng', 'Active & Events office'),
('9FA3C0F97FD84F12957E6F73FCBB0389_organizer', 'ita', 'Ufficio Active & Events Selva Val Gardena - Dolomites'),
('0465D969FB9642DB98F49ABE952CA66F_organizer', 'deu', 'Tourismusverein Jenesien'),
('20D8424667EF42ACAD390F6F6BD9AF42_organizer', 'deu', 'Männergesangsverein Goldrain'),
('499783AA7CF34A0F86EC63FB706459CD_organizer', 'deu', 'Grieser Platzfest Komitee'),
('499783AA7CF34A0F86EC63FB706459CD_organizer', 'eng', 'Grieser Platzfest Komitee'),
('499783AA7CF34A0F86EC63FB706459CD_organizer', 'ita', 'Grieser Platzfest Komitee'),
('39B9AFB528A0483E98BFDACE69AE43CD_organizer', 'deu', 'ASC Barbian Raiffeisen'),
('39B9AFB528A0483E98BFDACE69AE43CD_organizer', 'eng', 'ASC Barbian Raiffeisen'),
('39B9AFB528A0483E98BFDACE69AE43CD_organizer', 'ita', 'ASC Barbian Raiffeisen'),
('049E5F0AA3304BFCB42445C464952ACF_organizer', 'deu', 'Männerchor Seis am Schlern'),
('049E5F0AA3304BFCB42445C464952ACF_organizer', 'ita', 'Coro Maschile di Siusi allo Sciliar'),
('40ADDFB1A5104A5A89EB123BF7A34CF5_organizer', 'deu', 'Bildungsausschuss Feldthurns'),
('40ADDFB1A5104A5A89EB123BF7A34CF5_organizer', 'eng', 'Undefiniert'),
('40ADDFB1A5104A5A89EB123BF7A34CF5_organizer', 'ita', 'Bildungsausschuss Velturno'),
('0DC1CF556A5C42B6A21451A2142484DF_organizer', 'deu', 'Lebenshilfe'),
('0DC1CF556A5C42B6A21451A2142484DF_organizer', 'ita', 'Undefiniert'),
('9EE43BFB7DE841018148FEB5ED31B537_organizer', 'deu', 'Bruneck Kronplatz Tourismus'),
('9EE43BFB7DE841018148FEB5ED31B537_organizer', 'eng', 'Bruneck Kronplatz Tourismus'),
('9EE43BFB7DE841018148FEB5ED31B537_organizer', 'ita', 'Brunico Kronplatz Turismo'),
('D5ED433CF94F40B9ACC797592C90BC98_organizer', 'deu', 'Ritten'),
('D5ED433CF94F40B9ACC797592C90BC98_organizer', 'eng', 'Renon'),
('D5ED433CF94F40B9ACC797592C90BC98_organizer', 'ita', 'Renon'),
('82DAD121ED1F44E0884A688B87104885_organizer', 'deu', 'Tourismusverein Antholzertal'),
('82DAD121ED1F44E0884A688B87104885_organizer', 'eng', 'Tourismusverein Antholzertal'),
('82DAD121ED1F44E0884A688B87104885_organizer', 'ita', 'Ass. Turistica Valle Anterselva'),
('7F818118F58B4503904CE8F5A1C3394F_organizer', 'deu', 'Stefina Lödan'),
('7F818118F58B4503904CE8F5A1C3394F_organizer', 'eng', 'Stefina Lödan'),
('7F818118F58B4503904CE8F5A1C3394F_organizer', 'ita', 'Stefina Lödan'),
('36AA39BAF87C4DBE9CF973238A974220_organizer', 'deu', 'Texelbahn'),
('36AA39BAF87C4DBE9CF973238A974220_organizer', 'ita', 'Funivia Texelbahn'),
('A5572B2CF74941C789F3F4E139FB9C0E_organizer', 'deu', 'Tourismusverein Tramin'),
('A5572B2CF74941C789F3F4E139FB9C0E_organizer', 'eng', 'Tourist Association Tramin'),
('A5572B2CF74941C789F3F4E139FB9C0E_organizer', 'ita', 'Associazione Turistica Termeno'),
('4504DB9D28C84D8584856DF340C2037B_organizer', 'deu', 'Südtiroler Künstlerbund'),
('4504DB9D28C84D8584856DF340C2037B_organizer', 'eng', 'Südtiroler Künstlerbund'),
('4504DB9D28C84D8584856DF340C2037B_organizer', 'ita', 'Südtiroler Künstlerbund'),
('37A37707FBEB4F258B32E94885503D14_organizer', 'deu', 'Tourismusverein Niederdorf'),
('37A37707FBEB4F258B32E94885503D14_organizer', 'ita', 'Associazione Turistica Villabassa'),
('D368218BBEC44A4899D591EB8C1F4B2E_organizer', 'deu', 'Tourismusverein Niederdorf'),
('D368218BBEC44A4899D591EB8C1F4B2E_organizer', 'ita', 'Associazione Turistica Villabassa'),
('52022A2764A14DACBE110F9DBBFDF652_organizer', 'deu', 'Tourismusverein Niederdorf'),
('52022A2764A14DACBE110F9DBBFDF652_organizer', 'ita', 'Associazione Turistica Villabassa'),
('F1F2807F4E6F42DE9931510237C7C948_organizer', 'deu', 'Musikkapelle Oberinn'),
('F1F2807F4E6F42DE9931510237C7C948_organizer', 'eng', 'Music band Oberinn'),
('F1F2807F4E6F42DE9931510237C7C948_organizer', 'ita', 'Banda musicale Auna di Sopra'),
('0A0A0BAA2BA0458AA81F14F4D4FB61D0_organizer', 'deu', 'Info Villanders - Tourismusverein Klausen, Barbian, Feldthurns und Villanders'),
('AAB92129C6844065BB7B4A82A2F4F2DA_organizer', 'deu', 'ASC Barbian Raiffeisen'),
('60C1E3AC92E1429988D4DEED4BEB7393_organizer', 'deu', 'Kirchenchor Schmieden'),
('60C1E3AC92E1429988D4DEED4BEB7393_organizer', 'eng', 'Choir of the church of Schmieden'),
('60C1E3AC92E1429988D4DEED4BEB7393_organizer', 'ita', 'Coro della chiesa di Ferrara'),
('47FD17D2DE264AAEBF6E44B3C32D1367_organizer', 'deu', 'Tourismusverein San Vigilio|San Martin - Dolomites'),
('47FD17D2DE264AAEBF6E44B3C32D1367_organizer', 'eng', 'Tourist Office San Vigilio|San Martin - Dolomites'),
('47FD17D2DE264AAEBF6E44B3C32D1367_organizer', 'ita', 'Associazione Turistica San Vigilio|San Martin - Dolomites'),
('BFF16EC65D344F66BC1AB47D20347D74_organizer', 'deu', 'Associazione Arté'),
('BFF16EC65D344F66BC1AB47D20347D74_organizer', 'eng', 'Associazione Arté'),
('BFF16EC65D344F66BC1AB47D20347D74_organizer', 'ita', 'Associazione Arté'),
('75199C9977B846F2BAAF84727FFC8242_organizer', 'deu', 'Tourismusverein San Vigilio|San Martin - Dolomites'),
('75199C9977B846F2BAAF84727FFC8242_organizer', 'ita', 'Associazione Turistica San Vigilio|San Martin - Dolomites'),
('BD65BB8CC6744C309B77C2EE3A02440E_organizer', 'deu', 'Südt. Bauernjugend und Bäuerinnen Barbian'),
('26055F0E32CE4D5BACF1AE4092385C23_organizer', 'deu', 'Info Barbian - Tourismusgen. Klausen, Barbian, Feldthurns & Villanders'),
('26055F0E32CE4D5BACF1AE4092385C23_organizer', 'eng', '.'),
('26055F0E32CE4D5BACF1AE4092385C23_organizer', 'ita', 'Info Barbiano - Soc. Coop. Turistica di Chiusa, Barbiano, Velturno e Villandro'),
('98ACF86788904DD19E36408BDA8565CE_organizer', 'deu', 'Eggentaler Classic Club'),
('98ACF86788904DD19E36408BDA8565CE_organizer', 'eng', 'Eggentaler Classic Club'),
('98ACF86788904DD19E36408BDA8565CE_organizer', 'ita', 'Eggentaler Classic Club'),
('0CE668469A1445A58A658607B9D6C92E_organizer', 'deu', '11-Gipfel-Tour'),
('0CE668469A1445A58A658607B9D6C92E_organizer', 'eng', '11-peaks-tour'),
('0CE668469A1445A58A658607B9D6C92E_organizer', 'ita', '11-cime-tour'),
('41A78ED159624AFD803418A89E95E388_organizer', 'deu', 'SV Helm Vierschach'),
('41A78ED159624AFD803418A89E95E388_organizer', 'eng', 'SV Helm/Versciaco'),
('41A78ED159624AFD803418A89E95E388_organizer', 'ita', 'SV Monte Elmo/Versciaco'),
('4CF166956D8A49938CA84B06C77C878E_organizer', 'deu', 'ASV Telmekom Team Südtirol'),
('4CF166956D8A49938CA84B06C77C878E_organizer', 'eng', 'ASV Telmekom Team Südtirol'),
('4CF166956D8A49938CA84B06C77C878E_organizer', 'ita', 'ASV Telmekom Team Alto Adige'),
('991A294AF8334FF98B44462F2078D6E6_organizer', 'deu', 'Regionalentwicklungsgenossenschaft Martell 3B'),
('991A294AF8334FF98B44462F2078D6E6_organizer', 'eng', 'Regionalentwicklungsgenossenschaft Martell 3B'),
('991A294AF8334FF98B44462F2078D6E6_organizer', 'ita', 'Regionalentwicklungsgenossenschaft Martell 3B'),
('A9DDAF00E3394ADD8C13B8650C16793E_organizer', 'deu', 'Bürgerkapelle Latsch'),
('A9DDAF00E3394ADD8C13B8650C16793E_organizer', 'eng', 'Bürgerkapelle Latsch'),
('A9DDAF00E3394ADD8C13B8650C16793E_organizer', 'ita', 'Banda musicale di Laces'),
('D53723B3C6D84CFE8708F534816795DF_organizer', 'deu', 'Tourismusverein Naturns'),
('D53723B3C6D84CFE8708F534816795DF_organizer', 'eng', 'Naturno Tourist Board'),
('D53723B3C6D84CFE8708F534816795DF_organizer', 'ita', 'Associazione Turistica di Naturno'),
('A7B108835D774A32A2C558E4F4B6CF54_organizer', 'deu', 'Tourismusverein Naturns'),
('A7B108835D774A32A2C558E4F4B6CF54_organizer', 'eng', 'Naturno Tourist Board'),
('A7B108835D774A32A2C558E4F4B6CF54_organizer', 'ita', 'Associazione Turistica di Naturno'),
('D6AB0CD4E2514345B260CF2948939036_organizer', 'deu', 'Tourismusverein Naturns'),
('D6AB0CD4E2514345B260CF2948939036_organizer', 'eng', 'Naturno Tourist Board'),
('D6AB0CD4E2514345B260CF2948939036_organizer', 'ita', 'Associazione Turistica di Naturno'),
('53F39C768F28421DA420A1A8F1D092B8_organizer', 'deu', 'Tourismusverein Naturns'),
('53F39C768F28421DA420A1A8F1D092B8_organizer', 'eng', 'Naturno Tourist Board'),
('53F39C768F28421DA420A1A8F1D092B8_organizer', 'ita', 'Associazione Turistica di Naturno'),
('2BA8BA8260084B6198FF083AB689859D_organizer', 'deu', 'Tourismusverein Naturns'),
('C8EEE7ADAA66425E84103524A64A9EAF_organizer', 'deu', 'Tourismusverein Naturns'),
('C8EEE7ADAA66425E84103524A64A9EAF_organizer', 'eng', 'Naturno Tourist Board'),
('C8EEE7ADAA66425E84103524A64A9EAF_organizer', 'ita', 'Associazione Turistica di Naturno'),
('757944A711854B49A8EFB53633C6E313_organizer', 'deu', 'Tourismusverein Naturns'),
('757944A711854B49A8EFB53633C6E313_organizer', 'eng', 'Naturno Tourist Board'),
('757944A711854B49A8EFB53633C6E313_organizer', 'ita', 'Associazione Turistica di Naturno'),
('8FA372564C5043A5B19AC2B0F4BE3C87_organizer', 'deu', 'Tourismusverein Naturns'),
('AB752E976A364BFFA37ED3AB1F130E1A_organizer', 'deu', 'Tourismusverein Naturns'),
('AB752E976A364BFFA37ED3AB1F130E1A_organizer', 'eng', 'Naturno Tourist Board'),
('AB752E976A364BFFA37ED3AB1F130E1A_organizer', 'ita', 'Associazione Turistica di Naturno'),
('DE51CC0C0C954A0ABF2ED37C9CD4E389_organizer', 'deu', 'Tourismusverein Naturns'),
('DE51CC0C0C954A0ABF2ED37C9CD4E389_organizer', 'eng', 'Naturno Tourist Board'),
('DE51CC0C0C954A0ABF2ED37C9CD4E389_organizer', 'ita', 'Associazione Turistica di Naturno'),
('BABFEA5ADDCF41CEB3A3750B170024DF_organizer', 'deu', 'Tourismusverein Naturns'),
('D2EAC305F8C54F1AB77065DA19C2E763_organizer', 'deu', 'Tourismusverein Naturns'),
('D2EAC305F8C54F1AB77065DA19C2E763_organizer', 'eng', 'Naturno Tourist Board'),
('D2EAC305F8C54F1AB77065DA19C2E763_organizer', 'ita', 'Associazione Turistica di Naturno'),
('2DA979F17AD841D8AA4176851EAB71A1_organizer', 'deu', 'Tourismusverein Naturns'),
('2DA979F17AD841D8AA4176851EAB71A1_organizer', 'eng', 'Naturno Tourist Board'),
('2DA979F17AD841D8AA4176851EAB71A1_organizer', 'ita', 'Associazione Turistica di Naturno'),
('A343F87203F64AF8930FC322232EB781_organizer', 'deu', 'bring-beratungsring berglandwirtschaft'),
('A343F87203F64AF8930FC322232EB781_organizer', 'eng', 'bring-beratungsring berglandwirtschaft'),
('A343F87203F64AF8930FC322232EB781_organizer', 'ita', 'bring-beratungsring berglandwirtschaft'),
('256E7CD054EF499D951A4C8AD1365916_organizer', 'deu', 'Tourismusverein der Gemeinden Mals, Schluderns, Taufers i. M. und der Stadt Glurns'),
('256E7CD054EF499D951A4C8AD1365916_organizer', 'ita', 'Associazione turistica dei comuni di Malles, Sluderno, Tubre i. V. M. e della città di Glorenza'),
('5771E303F5274496B46EAF8CB884CFF8_organizer', 'deu', 'Tourismusverein Schlanders-Laas'),
('5771E303F5274496B46EAF8CB884CFF8_organizer', 'eng', 'Tourism Association Schlanders-Laas'),
('5771E303F5274496B46EAF8CB884CFF8_organizer', 'ita', 'Associazione Turistica Silandro-Lasa'),
('7262A8A541024A95AF68119D7A185492_organizer', 'deu', 'Freiwillige Feuerwehr Sulden'),
('7262A8A541024A95AF68119D7A185492_organizer', 'eng', 'Fire Brigade Solda'),
('7262A8A541024A95AF68119D7A185492_organizer', 'ita', 'Vigili del Fuoco Solda'),
('E3CA7B9C82CD485EB0A3952DE58CE8EF_organizer', 'deu', 'Tourismusverein der Gemeinden Mals, Schluderns, Taufers i. M. und der Stadt Glurns'),
('E3CA7B9C82CD485EB0A3952DE58CE8EF_organizer', 'eng', 'Tourismusverein der Gemeinden Mals, Schluderns, Taufers i. M. und der Stadt Glurns'),
('E3CA7B9C82CD485EB0A3952DE58CE8EF_organizer', 'ita', 'Associazione turistica dei comuni di Malles, Sluderno, Tubre i. V. M. e della città di Glorenza'),
('519ED83348524507A0705F2D78EECA4D_organizer', 'deu', 'Südtiroler Haflinger Pferde Sportverein'),
('519ED83348524507A0705F2D78EECA4D_organizer', 'eng', 'Undefiniert'),
('519ED83348524507A0705F2D78EECA4D_organizer', 'ita', 'Associazione Sportiva Haflinger Alto Adige'),
('AED86EEC2DE04B51BCE05EF88655BE06_organizer', 'deu', 'Südtiroler Haflinger Pferde-Sportverein'),
('AED86EEC2DE04B51BCE05EF88655BE06_organizer', 'eng', 'Südtiroler Haflinger Pferde-Sportverein'),
('AED86EEC2DE04B51BCE05EF88655BE06_organizer', 'ita', 'Südtiroler Haflinger Pferde-Sportverein'),
('F30344CBA89F4FA3A203FEFCBC14DF23_organizer', 'deu', 'Jubiläumskomitee 1250 Jahre Innichen'),
('F30344CBA89F4FA3A203FEFCBC14DF23_organizer', 'eng', 'Anniversary committee 1250 years Innichen/San Candido'),
('F30344CBA89F4FA3A203FEFCBC14DF23_organizer', 'ita', 'Comitato del giubileo 1250 anni San Candido'),
('01F2B21DF575485CA794F372D7BC359F_organizer', 'deu', 'Farbklecks'),
('01F2B21DF575485CA794F372D7BC359F_organizer', 'eng', 'Farbklecks'),
('01F2B21DF575485CA794F372D7BC359F_organizer', 'ita', 'Farbklecks'),
('71B99F4388844780BF991525B4A582D6_organizer', 'deu', 'Farbklecks'),
('71B99F4388844780BF991525B4A582D6_organizer', 'eng', 'Farbklecks'),
('71B99F4388844780BF991525B4A582D6_organizer', 'ita', 'Farbklecks'),
('E820B0B91C7643799901C375B8B8BED3_organizer', 'deu', 'Jubiläumskomitee 1250 Jahre Innichen'),
('E820B0B91C7643799901C375B8B8BED3_organizer', 'eng', 'Anniversary committee 1250 years Innichen/San Candido'),
('E820B0B91C7643799901C375B8B8BED3_organizer', 'ita', 'Comitato del giubileo 1250 anni San Candido'),
('BFA002968F494EA79C2D2D988EB3A43A_organizer', 'deu', 'Jubiläumskomitee 1250 Jahre Innichen'),
('BFA002968F494EA79C2D2D988EB3A43A_organizer', 'eng', 'Anniversary committee 1250 years Innichen/San Candido'),
('BFA002968F494EA79C2D2D988EB3A43A_organizer', 'ita', 'Comitato del giubileo 1250 anni San Candido'),
('57F150031CE24616AD6DCCB3B1E465A8_organizer', 'deu', 'Jubiläumskomitee 1250 Jahre Innichen'),
('57F150031CE24616AD6DCCB3B1E465A8_organizer', 'eng', 'Anniversary committee 1250 years Innichen/San Candido'),
('57F150031CE24616AD6DCCB3B1E465A8_organizer', 'ita', 'Comitato del giubileo 1250 anni San Candido'),
('7C218B36F554454088282B8FF50D79C1_organizer', 'deu', 'Farbklecks'),
('7C218B36F554454088282B8FF50D79C1_organizer', 'eng', 'Farbklecks'),
('7C218B36F554454088282B8FF50D79C1_organizer', 'ita', 'Farbklecks'),
('F62ED1ADF5404654A8902872DCC89170_organizer', 'deu', 'Jubiläumskomitee 1250 Jahre Innichen'),
('F62ED1ADF5404654A8902872DCC89170_organizer', 'eng', 'Anniversary committee 1250 years Innichen/San Candido'),
('F62ED1ADF5404654A8902872DCC89170_organizer', 'ita', 'Comitato del giubileo 1250 anni San Candido'),
('A079B471341F45EE8999AE8201DB9E45_organizer', 'deu', 'Jubiläumskomitee 1250 Jahre Innichen'),
('A079B471341F45EE8999AE8201DB9E45_organizer', 'eng', 'Anniversary committee 1250 years Innichen/San Candido'),
('A079B471341F45EE8999AE8201DB9E45_organizer', 'ita', 'Comitato del giubileo 1250 anni San Candido'),
('666AED08535B4314B3B2554402458BF7_organizer', 'deu', 'Jubiläumskomitee 1250 Jahre Innichen'),
('666AED08535B4314B3B2554402458BF7_organizer', 'eng', 'Anniversary committee 1250 years Innichen/San Candido'),
('666AED08535B4314B3B2554402458BF7_organizer', 'ita', 'Comitato del giubileo 1250 anni San Candido'),
('02108340A0BC4539999D2706036C3E99_organizer', 'deu', 'Jubiläumskomitee 1250 Jahre Innichen'),
('02108340A0BC4539999D2706036C3E99_organizer', 'eng', 'Anniversary committee 1250 years Innichen/San Candido'),
('02108340A0BC4539999D2706036C3E99_organizer', 'ita', 'Comitato del giubileo 1250 anni San Candido'),
('56B421BB74864724A09BE0A0B1444298_organizer', 'deu', 'Jubiläumskomitee 1250 Jahre Innichen'),
('56B421BB74864724A09BE0A0B1444298_organizer', 'eng', 'Anniversary committee 1250 years Innichen/San Candido'),
('56B421BB74864724A09BE0A0B1444298_organizer', 'ita', 'Comitato del giubileo 1250 anni San Candido'),
('C7F53144F3EB47D8B0659F321C97DCFC_organizer', 'deu', 'Jubiläumskomitee 1250 Jahre Innichen'),
('C7F53144F3EB47D8B0659F321C97DCFC_organizer', 'eng', 'Anniversary committee 1250 years Innichen/San Candido'),
('C7F53144F3EB47D8B0659F321C97DCFC_organizer', 'ita', 'Comitato del giubileo 1250 anni San Candido'),
('06117B224CB743DE99A679398D16C181_organizer', 'deu', 'Jubiläumskomitee 1250 Jahre Innichen'),
('06117B224CB743DE99A679398D16C181_organizer', 'eng', 'Anniversary committee 1250 years Innichen/San Candido'),
('06117B224CB743DE99A679398D16C181_organizer', 'ita', 'Comitato del giubileo 1250 anni San Candido'),
('79A07B9380BC44EA908C339C4866EFB2_organizer', 'deu', 'Jubiläumskomitee 1250 Jahre Innichen'),
('79A07B9380BC44EA908C339C4866EFB2_organizer', 'eng', 'Anniversary committee 1250 years Innichen/San Candido'),
('79A07B9380BC44EA908C339C4866EFB2_organizer', 'ita', 'Comitato del giubileo 1250 anni San Candido'),
('45D2D48FF9454AA0AF507B454EAA2606_organizer', 'deu', 'Jubiläumskomitee 1250 Jahre Innichen'),
('45D2D48FF9454AA0AF507B454EAA2606_organizer', 'eng', 'Anniversary committee 1250 years Innichen/San Candido'),
('45D2D48FF9454AA0AF507B454EAA2606_organizer', 'ita', 'Comitato del giubileo 1250 anni San Candido'),
('08EE008BB7AB4D248B36A49DF9AAB0F2_organizer', 'deu', 'Jubiläumskomitee 1250 Jahre Innichen'),
('08EE008BB7AB4D248B36A49DF9AAB0F2_organizer', 'eng', 'Anniversary committee 1250 years Innichen/San Candido'),
('08EE008BB7AB4D248B36A49DF9AAB0F2_organizer', 'ita', 'Comitato del giubileo 1250 anni San Candido'),
('A55889C2ACF7440A91EE7E4F3FFC2675_organizer', 'deu', 'Jubiläumskomitee 1250 Jahre Innichen'),
('A55889C2ACF7440A91EE7E4F3FFC2675_organizer', 'eng', 'Anniversary committee 1250 years Innichen/San Candido'),
('A55889C2ACF7440A91EE7E4F3FFC2675_organizer', 'ita', 'Comitato del giubileo 1250 anni San Candido'),
('80857ABDACF74CFC8D7225C93EE30E7C_organizer', 'deu', 'Jubiläumskomitee 1250 Jahre Innichen'),
('80857ABDACF74CFC8D7225C93EE30E7C_organizer', 'eng', 'Anniversary committee 1250 years Innichen/San Candido'),
('80857ABDACF74CFC8D7225C93EE30E7C_organizer', 'ita', 'Comitato del giubileo 1250 anni San Candido'),
('D1942E1BAE5D45B5835F6A48C3C6367A_organizer', 'deu', 'Tourismusverein Innichen'),
('D1942E1BAE5D45B5835F6A48C3C6367A_organizer', 'eng', 'Tourist office  Innichen'),
('D1942E1BAE5D45B5835F6A48C3C6367A_organizer', 'ita', 'Associazione Turistica  S. Candido'),
('952A5E52B7814575B6883D4BD46D8610_organizer', 'deu', 'Jubiläumskomitee 1250 Jahre Innichen'),
('952A5E52B7814575B6883D4BD46D8610_organizer', 'eng', 'Anniversary committee 1250 years Innichen/San Candido'),
('952A5E52B7814575B6883D4BD46D8610_organizer', 'ita', 'Comitato del giubileo 1250 anni San Candido'),
('1AFABFD0152B4F44A07001923A463B3D_organizer', 'deu', 'Jubiläumskomitee 1250 Jahre Innichen'),
('1AFABFD0152B4F44A07001923A463B3D_organizer', 'eng', 'Anniversary committee 1250 years Innichen/San Candido'),
('1AFABFD0152B4F44A07001923A463B3D_organizer', 'ita', 'Comitato del giubileo 1250 anni San Candido'),
('D1DB4218DF8B4564A31B54C5DDC504A5_organizer', 'deu', 'Jubiläumskomitee 1250 Jahre Innichen'),
('D1DB4218DF8B4564A31B54C5DDC504A5_organizer', 'eng', 'Anniversary committee 1250 years Innichen/San Candido'),
('D1DB4218DF8B4564A31B54C5DDC504A5_organizer', 'ita', 'Comitato del giubileo 1250 anni San Candido'),
('D4673882BBEF41A5AB0EB2836BF5EEEC_organizer', 'deu', 'Jubiläumskomitee 1250 Jahre Innichen'),
('D4673882BBEF41A5AB0EB2836BF5EEEC_organizer', 'eng', 'Anniversary committee 1250 years Innichen/San Candido'),
('D4673882BBEF41A5AB0EB2836BF5EEEC_organizer', 'ita', 'Comitato del giubileo 1250 anni San Candido'),
('61C33EF7B5B3428E8CCE0AF0398C5ACB_organizer', 'deu', 'Jubiläumskomitee 1250 Jahre Innichen'),
('61C33EF7B5B3428E8CCE0AF0398C5ACB_organizer', 'eng', 'Anniversary committee 1250 years Innichen/San Candido'),
('61C33EF7B5B3428E8CCE0AF0398C5ACB_organizer', 'ita', 'Comitato del giubileo 1250 anni San Candido'),
('9F4BC17266EE4E16BF26683D26522443_organizer', 'deu', 'Tourismusverein Innichen'),
('9F4BC17266EE4E16BF26683D26522443_organizer', 'eng', 'Tourist office  Innichen'),
('9F4BC17266EE4E16BF26683D26522443_organizer', 'ita', 'Associazione Turistica  S. Candido'),
('480D60418C044060B2E593E9EC353797_organizer', 'deu', 'Jubiläumskomitee 1250 Jahre Innichen'),
('480D60418C044060B2E593E9EC353797_organizer', 'eng', 'Anniversary committee 1250 years Innichen/San Candido'),
('480D60418C044060B2E593E9EC353797_organizer', 'ita', 'Comitato del giubileo 1250 anni San Candido'),
('C24923917EE44B3C8B2C08670477DFF5_organizer', 'deu', 'Jubiläumskomitee 1250 Jahre Innichen'),
('C24923917EE44B3C8B2C08670477DFF5_organizer', 'eng', 'Anniversary committee 1250 years Innichen/San Candido'),
('C24923917EE44B3C8B2C08670477DFF5_organizer', 'ita', 'Comitato del giubileo 1250 anni San Candido'),
('740AC36DAFA943299353BDE7C0354937_organizer', 'deu', 'Jubiläumskomitee 1250 Jahre Innichen'),
('740AC36DAFA943299353BDE7C0354937_organizer', 'eng', 'Anniversary committee 1250 years Innichen/San Candido'),
('740AC36DAFA943299353BDE7C0354937_organizer', 'ita', 'Comitato del giubileo 1250 anni San Candido'),
('D347ECFF30E042C89EFCE796A95990F0_organizer', 'deu', 'Jubiläumskomitee 1250 Jahre Innichen'),
('D347ECFF30E042C89EFCE796A95990F0_organizer', 'eng', 'Anniversary committee 1250 years Innichen/San Candido'),
('D347ECFF30E042C89EFCE796A95990F0_organizer', 'ita', 'Comitato del giubileo 1250 anni San Candido'),
('1DFE16798D85405C8125B607D9F269AA_organizer', 'deu', 'Jubiläumskomitee 1250 Jahre Innichen'),
('1DFE16798D85405C8125B607D9F269AA_organizer', 'eng', 'Anniversary committee 1250 years Innichen/San Candido'),
('1DFE16798D85405C8125B607D9F269AA_organizer', 'ita', 'Comitato del giubileo 1250 anni San Candido'),
('33857198B5DD44EE899CFCD4BABFC459_organizer', 'deu', 'Jubiläumskomitee 1250 Jahre Innichen'),
('33857198B5DD44EE899CFCD4BABFC459_organizer', 'eng', 'Anniversary committee 1250 years Innichen/San Candido'),
('33857198B5DD44EE899CFCD4BABFC459_organizer', 'ita', 'Comitato del giubileo 1250 anni San Candido'),
('ABF7B48BF1964654A307A25D8E295F1C_organizer', 'deu', 'Jubiläumskomitee 1250 Jahre Innichen'),
('ABF7B48BF1964654A307A25D8E295F1C_organizer', 'eng', 'Anniversary committee 1250 years Innichen/San Candido'),
('ABF7B48BF1964654A307A25D8E295F1C_organizer', 'ita', 'Comitato del giubileo 1250 anni San Candido'),
('A8AA3B2223574C6E8FF75F172FA9166B_organizer', 'deu', 'Jubiläumskomitee 1250 Jahre Innichen'),
('A8AA3B2223574C6E8FF75F172FA9166B_organizer', 'eng', 'Anniversary committee 1250 years Innichen/San Candido'),
('A8AA3B2223574C6E8FF75F172FA9166B_organizer', 'ita', 'Comitato del giubileo 1250 anni San Candido'),
('0B9E28C0CFE140F2A125D3B91EAED807_organizer', 'deu', 'Theaterwerkstatt Innichen'),
('0B9E28C0CFE140F2A125D3B91EAED807_organizer', 'eng', 'Undefiniert'),
('0B9E28C0CFE140F2A125D3B91EAED807_organizer', 'ita', 'Undefiniert'),
('C87A9463C162460E9CF7BD2753921AD2_organizer', 'deu', 'Jubiläumskomitee 1250 Jahre Innichen'),
('C87A9463C162460E9CF7BD2753921AD2_organizer', 'eng', 'Anniversary committee 1250 years Innichen/San Candido'),
('C87A9463C162460E9CF7BD2753921AD2_organizer', 'ita', 'Comitato del giubileo 1250 anni San Candido'),
('3CEEBBC773064AD6958E8C4679E3BF8C_organizer', 'deu', 'Jubiläumskomitee 1250 Jahre Innichen'),
('3CEEBBC773064AD6958E8C4679E3BF8C_organizer', 'eng', 'Anniversary committee 1250 years Innichen/San Candido'),
('3CEEBBC773064AD6958E8C4679E3BF8C_organizer', 'ita', 'Comitato del giubileo 1250 anni San Candido');

--Events - Insert Organizer Url at multilingual tables
INSERT INTO urls (resource_id, lang, content)
VALUES
('FD7DC58E68A9447FB987460138FB3C85_organizer', 'deu', 'http://www.sancandido.info'),
('FD7DC58E68A9447FB987460138FB3C85_organizer', 'eng', 'http://www.sancandido.info'),
('FD7DC58E68A9447FB987460138FB3C85_organizer', 'ita', 'http://www.sancandido.info'),
('8F118C2CCB854FF7A9B77C3AC19BCAFC_organizer', 'deu', 'http://www.italien-on-line.de'),
('8F118C2CCB854FF7A9B77C3AC19BCAFC_organizer', 'eng', 'http://www.italien-on-line.de'),
('8F118C2CCB854FF7A9B77C3AC19BCAFC_organizer', 'ita', 'http://www.italien-on-line.de'),
('377ADD10E0F14C78988B9A86DAD1462F_organizer', 'deu', 'http://www.dekadenz.it'),
('1A2B6A30FB6E46BDB2644B6984D06C29_organizer', 'deu', 'http://www.sterzing.com'),
('1A2B6A30FB6E46BDB2644B6984D06C29_organizer', 'ita', 'http://www.sterzing.com'),
('303E1B8404CD473483D9A37D8C521F62_organizer', 'deu', 'https://www.noi.bz.it'),
('303E1B8404CD473483D9A37D8C521F62_organizer', 'eng', 'https://www.noi.bz.it'),
('303E1B8404CD473483D9A37D8C521F62_organizer', 'ita', 'https://www.noi.bz.it'),
('9FA3C0F97FD84F12957E6F73FCBB0389_organizer', 'deu', 'http://www.valgardena.it'),
('9FA3C0F97FD84F12957E6F73FCBB0389_organizer', 'eng', 'http://www.valgardena.it'),
('9FA3C0F97FD84F12957E6F73FCBB0389_organizer', 'ita', 'http://www.valgardena.it'),
('A8F3E3A8522143448672AD80435A38BE_organizer', 'deu', 'http://www.ritten.com/'),
('A8F3E3A8522143448672AD80435A38BE_organizer', 'eng', 'http://www.ritten.com/'),
('A8F3E3A8522143448672AD80435A38BE_organizer', 'ita', 'http://www.ritten.com/'),
('0465D969FB9642DB98F49ABE952CA66F_organizer', 'deu', 'http://www.jenesien.net'),
('39B9AFB528A0483E98BFDACE69AE43CD_organizer', 'deu', 'http://www.ascbarbian.com'),
('39B9AFB528A0483E98BFDACE69AE43CD_organizer', 'eng', 'http://www.ascbarbian.com'),
('39B9AFB528A0483E98BFDACE69AE43CD_organizer', 'ita', 'http://www.ascbarbian.com'),
('9EE43BFB7DE841018148FEB5ED31B537_organizer', 'deu', 'http://www.bruneck.com'),
('9EE43BFB7DE841018148FEB5ED31B537_organizer', 'eng', 'http://www.bruneck.com'),
('9EE43BFB7DE841018148FEB5ED31B537_organizer', 'ita', 'http://www.bruneck.com'),
('D5ED433CF94F40B9ACC797592C90BC98_organizer', 'deu', 'http://www.ritten.com'),
('D5ED433CF94F40B9ACC797592C90BC98_organizer', 'eng', 'http://www.ritten.com'),
('D5ED433CF94F40B9ACC797592C90BC98_organizer', 'ita', 'http://www.ritten.com'),
('82DAD121ED1F44E0884A688B87104885_organizer', 'deu', 'http://www.antholzertal.com'),
('82DAD121ED1F44E0884A688B87104885_organizer', 'eng', 'http://www.antholzertal.com'),
('82DAD121ED1F44E0884A688B87104885_organizer', 'ita', 'http://www.antholzertal.com'),
('36AA39BAF87C4DBE9CF973238A974220_organizer', 'deu', 'http://www.texelbahn.info'),
('36AA39BAF87C4DBE9CF973238A974220_organizer', 'ita', 'http://www.texelbahn.info'),
('A5572B2CF74941C789F3F4E139FB9C0E_organizer', 'deu', 'http://www.tramin.com'),
('A5572B2CF74941C789F3F4E139FB9C0E_organizer', 'eng', 'http://www.tramin.com'),
('A5572B2CF74941C789F3F4E139FB9C0E_organizer', 'ita', 'http://www.tramin.com'),
('4504DB9D28C84D8584856DF340C2037B_organizer', 'deu', 'http://www.kuenstlerbund.org'),
('4504DB9D28C84D8584856DF340C2037B_organizer', 'eng', 'http://www.kuenstlerbund.org'),
('4504DB9D28C84D8584856DF340C2037B_organizer', 'ita', 'http://www.kuenstlerbund.org'),
('37A37707FBEB4F258B32E94885503D14_organizer', 'deu', 'http://www.niederdorf.it'),
('37A37707FBEB4F258B32E94885503D14_organizer', 'ita', 'http://www.niederdorf.it'),
('D368218BBEC44A4899D591EB8C1F4B2E_organizer', 'deu', 'http://www.niederdorf.it'),
('D368218BBEC44A4899D591EB8C1F4B2E_organizer', 'ita', 'http://www.niederdorf.it'),
('52022A2764A14DACBE110F9DBBFDF652_organizer', 'deu', 'http://www.niederdorf.it'),
('52022A2764A14DACBE110F9DBBFDF652_organizer', 'ita', 'http://www.niederdorf.it'),
('F1F2807F4E6F42DE9931510237C7C948_organizer', 'deu', 'http://www.mk-oberinn.org'),
('F1F2807F4E6F42DE9931510237C7C948_organizer', 'eng', 'http://www.mk-oberinn.org'),
('F1F2807F4E6F42DE9931510237C7C948_organizer', 'ita', 'http://www.mk-oberinn.org'),
('0A0A0BAA2BA0458AA81F14F4D4FB61D0_organizer', 'deu', 'http://www.villanders.info'),
('AAB92129C6844065BB7B4A82A2F4F2DA_organizer', 'deu', 'http://www.ascbarbian.com'),
('47FD17D2DE264AAEBF6E44B3C32D1367_organizer', 'deu', 'http://www.sanvigilio.com'),
('47FD17D2DE264AAEBF6E44B3C32D1367_organizer', 'eng', 'http://www.sanvigilio.com'),
('47FD17D2DE264AAEBF6E44B3C32D1367_organizer', 'ita', 'http://www.sanvigilio.com'),
('BFF16EC65D344F66BC1AB47D20347D74_organizer', 'deu', 'http://www.yogameeting.org'),
('BFF16EC65D344F66BC1AB47D20347D74_organizer', 'eng', 'http://www.yogameeting.org'),
('BFF16EC65D344F66BC1AB47D20347D74_organizer', 'ita', 'http://www.yogameeting.org'),
('75199C9977B846F2BAAF84727FFC8242_organizer', 'deu', 'http://www.sanvigilio.com'),
('75199C9977B846F2BAAF84727FFC8242_organizer', 'ita', 'http://www.sanvigilio.com'),
('26055F0E32CE4D5BACF1AE4092385C23_organizer', 'deu', 'http://www.barbian.it'),
('26055F0E32CE4D5BACF1AE4092385C23_organizer', 'eng', 'http://www.barbian.it'),
('26055F0E32CE4D5BACF1AE4092385C23_organizer', 'ita', 'http://www.barbian.it'),
('98ACF86788904DD19E36408BDA8565CE_organizer', 'deu', 'http://www.eggentalclassic.it'),
('98ACF86788904DD19E36408BDA8565CE_organizer', 'eng', 'http://www.eggentalclassic.it'),
('98ACF86788904DD19E36408BDA8565CE_organizer', 'ita', 'http://www.eggentalclassic.it'),
('0CE668469A1445A58A658607B9D6C92E_organizer', 'deu', 'http://www.gipfeltour.info'),
('0CE668469A1445A58A658607B9D6C92E_organizer', 'eng', 'http://www.gipfeltour.info'),
('0CE668469A1445A58A658607B9D6C92E_organizer', 'ita', 'http://www.gipfeltour.info'),
('4CF166956D8A49938CA84B06C77C878E_organizer', 'deu', 'http://www.telmekomteam.com'),
('4CF166956D8A49938CA84B06C77C878E_organizer', 'eng', 'http://www.telmekomteam.com'),
('4CF166956D8A49938CA84B06C77C878E_organizer', 'ita', 'http://www.telmekomteam.com'),
('A9DDAF00E3394ADD8C13B8650C16793E_organizer', 'deu', 'http://www.bklatsch.com/'),
('A9DDAF00E3394ADD8C13B8650C16793E_organizer', 'eng', 'http://www.bklatsch.com/'),
('A9DDAF00E3394ADD8C13B8650C16793E_organizer', 'ita', 'http://www.bklatsch.com/'),
('D53723B3C6D84CFE8708F534816795DF_organizer', 'deu', 'http://www.naturns.it'),
('D53723B3C6D84CFE8708F534816795DF_organizer', 'eng', 'http://www.naturns.it'),
('D53723B3C6D84CFE8708F534816795DF_organizer', 'ita', 'http://www.naturns.it'),
('A7B108835D774A32A2C558E4F4B6CF54_organizer', 'deu', 'http://www.naturns.it'),
('A7B108835D774A32A2C558E4F4B6CF54_organizer', 'eng', 'http://www.naturns.it'),
('A7B108835D774A32A2C558E4F4B6CF54_organizer', 'ita', 'http://www.naturns.it'),
('D6AB0CD4E2514345B260CF2948939036_organizer', 'deu', 'http://www.naturns.it'),
('D6AB0CD4E2514345B260CF2948939036_organizer', 'eng', 'http://www.naturns.it'),
('D6AB0CD4E2514345B260CF2948939036_organizer', 'ita', 'http://www.naturns.it'),
('53F39C768F28421DA420A1A8F1D092B8_organizer', 'deu', 'http://www.naturns.it'),
('53F39C768F28421DA420A1A8F1D092B8_organizer', 'eng', 'http://www.naturns.it'),
('53F39C768F28421DA420A1A8F1D092B8_organizer', 'ita', 'http://www.naturns.it'),
('2BA8BA8260084B6198FF083AB689859D_organizer', 'deu', 'http://www.naturns.it'),
('C8EEE7ADAA66425E84103524A64A9EAF_organizer', 'deu', 'http://www.naturns.it'),
('C8EEE7ADAA66425E84103524A64A9EAF_organizer', 'eng', 'http://www.naturns.it'),
('C8EEE7ADAA66425E84103524A64A9EAF_organizer', 'ita', 'http://www.naturns.it'),
('757944A711854B49A8EFB53633C6E313_organizer', 'deu', 'http://www.naturns.it'),
('757944A711854B49A8EFB53633C6E313_organizer', 'eng', 'http://www.naturns.it'),
('757944A711854B49A8EFB53633C6E313_organizer', 'ita', 'http://www.naturns.it'),
('8FA372564C5043A5B19AC2B0F4BE3C87_organizer', 'deu', 'http://www.naturns.it'),
('AB752E976A364BFFA37ED3AB1F130E1A_organizer', 'deu', 'http://www.naturns.it'),
('AB752E976A364BFFA37ED3AB1F130E1A_organizer', 'eng', 'http://www.naturns.it'),
('AB752E976A364BFFA37ED3AB1F130E1A_organizer', 'ita', 'http://www.naturns.it'),
('DE51CC0C0C954A0ABF2ED37C9CD4E389_organizer', 'deu', 'http://www.naturns.it'),
('DE51CC0C0C954A0ABF2ED37C9CD4E389_organizer', 'eng', 'http://www.naturns.it'),
('DE51CC0C0C954A0ABF2ED37C9CD4E389_organizer', 'ita', 'http://www.naturns.it'),
('BABFEA5ADDCF41CEB3A3750B170024DF_organizer', 'deu', 'http://www.naturns.it'),
('D2EAC305F8C54F1AB77065DA19C2E763_organizer', 'deu', 'http://www.naturns.it'),
('D2EAC305F8C54F1AB77065DA19C2E763_organizer', 'eng', 'http://www.naturns.it'),
('D2EAC305F8C54F1AB77065DA19C2E763_organizer', 'ita', 'http://www.naturns.it'),
('2DA979F17AD841D8AA4176851EAB71A1_organizer', 'deu', 'http://www.naturns.it'),
('2DA979F17AD841D8AA4176851EAB71A1_organizer', 'eng', 'http://www.naturns.it'),
('2DA979F17AD841D8AA4176851EAB71A1_organizer', 'ita', 'http://www.naturns.it'),
('A343F87203F64AF8930FC322232EB781_organizer', 'deu', 'http://www.bring.bz.it'),
('A343F87203F64AF8930FC322232EB781_organizer', 'eng', 'http://www.bring.bz.it'),
('A343F87203F64AF8930FC322232EB781_organizer', 'ita', 'http://www.bring.bz.it'),
('256E7CD054EF499D951A4C8AD1365916_organizer', 'deu', 'http://www.ferienregion-obervinschgau.it'),
('256E7CD054EF499D951A4C8AD1365916_organizer', 'ita', 'http://www.ferienregion-obervinschgau.it'),
('5771E303F5274496B46EAF8CB884CFF8_organizer', 'deu', 'http://www.schlanders-laas.it'),
('5771E303F5274496B46EAF8CB884CFF8_organizer', 'eng', 'http://www.schlanders-laas.it'),
('5771E303F5274496B46EAF8CB884CFF8_organizer', 'ita', 'http://www.schlanders-laas.it'),
('E3CA7B9C82CD485EB0A3952DE58CE8EF_organizer', 'deu', 'http://www.ferienregion-obervinschgau.it'),
('E3CA7B9C82CD485EB0A3952DE58CE8EF_organizer', 'eng', 'http://www.ferienregion-obervinschgau.it'),
('E3CA7B9C82CD485EB0A3952DE58CE8EF_organizer', 'ita', 'http://www.ferienregion-obervinschgau.it'),
('519ED83348524507A0705F2D78EECA4D_organizer', 'deu', 'https://www.haflinger-pferdesportverein.com'),
('519ED83348524507A0705F2D78EECA4D_organizer', 'eng', 'https://www.haflinger-pferdesportverein.com'),
('519ED83348524507A0705F2D78EECA4D_organizer', 'ita', 'https://www.haflinger-pferdesportverein.com'),
('AED86EEC2DE04B51BCE05EF88655BE06_organizer', 'deu', 'http://haflinger-pferdesportverein.com'),
('AED86EEC2DE04B51BCE05EF88655BE06_organizer', 'eng', 'http://haflinger-pferdesportverein.com'),
('AED86EEC2DE04B51BCE05EF88655BE06_organizer', 'ita', 'http://haflinger-pferdesportverein.com'),
('F30344CBA89F4FA3A203FEFCBC14DF23_organizer', 'deu', 'https://www.1250.bz.it'),
('F30344CBA89F4FA3A203FEFCBC14DF23_organizer', 'eng', 'https://www.1250.bz.it'),
('F30344CBA89F4FA3A203FEFCBC14DF23_organizer', 'ita', 'https://www.1250.bz.it'),
('E820B0B91C7643799901C375B8B8BED3_organizer', 'deu', 'https://www.1250.bz.it'),
('E820B0B91C7643799901C375B8B8BED3_organizer', 'eng', 'https://www.1250.bz.it'),
('E820B0B91C7643799901C375B8B8BED3_organizer', 'ita', 'https://www.1250.bz.it'),
('BFA002968F494EA79C2D2D988EB3A43A_organizer', 'deu', 'https://www.1250.bz.it'),
('BFA002968F494EA79C2D2D988EB3A43A_organizer', 'eng', 'https://www.1250.bz.it'),
('BFA002968F494EA79C2D2D988EB3A43A_organizer', 'ita', 'https://www.1250.bz.it'),
('57F150031CE24616AD6DCCB3B1E465A8_organizer', 'deu', 'https://www.1250.bz.it'),
('57F150031CE24616AD6DCCB3B1E465A8_organizer', 'eng', 'https://www.1250.bz.it'),
('57F150031CE24616AD6DCCB3B1E465A8_organizer', 'ita', 'https://www.1250.bz.it'),
('F62ED1ADF5404654A8902872DCC89170_organizer', 'deu', 'https://www.1250.bz.it'),
('F62ED1ADF5404654A8902872DCC89170_organizer', 'eng', 'https://www.1250.bz.it'),
('F62ED1ADF5404654A8902872DCC89170_organizer', 'ita', 'https://www.1250.bz.it'),
('A079B471341F45EE8999AE8201DB9E45_organizer', 'deu', 'https://www.1250.bz.it'),
('A079B471341F45EE8999AE8201DB9E45_organizer', 'eng', 'https://www.1250.bz.it'),
('A079B471341F45EE8999AE8201DB9E45_organizer', 'ita', 'https://www.1250.bz.it'),
('666AED08535B4314B3B2554402458BF7_organizer', 'deu', 'https://www.1250.bz.it'),
('666AED08535B4314B3B2554402458BF7_organizer', 'eng', 'https://www.1250.bz.it'),
('666AED08535B4314B3B2554402458BF7_organizer', 'ita', 'https://www.1250.bz.it'),
('02108340A0BC4539999D2706036C3E99_organizer', 'deu', 'https://www.1250.bz.it'),
('02108340A0BC4539999D2706036C3E99_organizer', 'eng', 'https://www.1250.bz.it'),
('02108340A0BC4539999D2706036C3E99_organizer', 'ita', 'https://www.1250.bz.it'),
('56B421BB74864724A09BE0A0B1444298_organizer', 'deu', 'https://www.1250.bz.it'),
('56B421BB74864724A09BE0A0B1444298_organizer', 'eng', 'https://www.1250.bz.it'),
('56B421BB74864724A09BE0A0B1444298_organizer', 'ita', 'https://www.1250.bz.it'),
('C7F53144F3EB47D8B0659F321C97DCFC_organizer', 'deu', 'https://www.1250.bz.it'),
('C7F53144F3EB47D8B0659F321C97DCFC_organizer', 'eng', 'https://www.1250.bz.it'),
('C7F53144F3EB47D8B0659F321C97DCFC_organizer', 'ita', 'https://www.1250.bz.it'),
('06117B224CB743DE99A679398D16C181_organizer', 'deu', 'https://www.1250.bz.it'),
('06117B224CB743DE99A679398D16C181_organizer', 'eng', 'https://www.1250.bz.it'),
('06117B224CB743DE99A679398D16C181_organizer', 'ita', 'https://www.1250.bz.it'),
('79A07B9380BC44EA908C339C4866EFB2_organizer', 'deu', 'https://www.1250.bz.it'),
('79A07B9380BC44EA908C339C4866EFB2_organizer', 'eng', 'https://www.1250.bz.it'),
('79A07B9380BC44EA908C339C4866EFB2_organizer', 'ita', 'https://www.1250.bz.it'),
('45D2D48FF9454AA0AF507B454EAA2606_organizer', 'deu', 'https://www.1250.bz.it'),
('45D2D48FF9454AA0AF507B454EAA2606_organizer', 'eng', 'https://www.1250.bz.it'),
('45D2D48FF9454AA0AF507B454EAA2606_organizer', 'ita', 'https://www.1250.bz.it'),
('08EE008BB7AB4D248B36A49DF9AAB0F2_organizer', 'deu', 'https://www.1250.bz.it'),
('08EE008BB7AB4D248B36A49DF9AAB0F2_organizer', 'eng', 'https://www.1250.bz.it'),
('08EE008BB7AB4D248B36A49DF9AAB0F2_organizer', 'ita', 'https://www.1250.bz.it'),
('A55889C2ACF7440A91EE7E4F3FFC2675_organizer', 'deu', 'https://www.1250.bz.it'),
('A55889C2ACF7440A91EE7E4F3FFC2675_organizer', 'eng', 'https://www.1250.bz.it'),
('A55889C2ACF7440A91EE7E4F3FFC2675_organizer', 'ita', 'https://www.1250.bz.it'),
('80857ABDACF74CFC8D7225C93EE30E7C_organizer', 'deu', 'https://www.1250.bz.it'),
('80857ABDACF74CFC8D7225C93EE30E7C_organizer', 'eng', 'https://www.1250.bz.it'),
('80857ABDACF74CFC8D7225C93EE30E7C_organizer', 'ita', 'https://www.1250.bz.it'),
('D1942E1BAE5D45B5835F6A48C3C6367A_organizer', 'deu', 'http://www.sancandido.info'),
('D1942E1BAE5D45B5835F6A48C3C6367A_organizer', 'eng', 'http://www.sancandido.info'),
('D1942E1BAE5D45B5835F6A48C3C6367A_organizer', 'ita', 'http://www.sancandido.info'),
('952A5E52B7814575B6883D4BD46D8610_organizer', 'deu', 'https://www.1250.bz.it'),
('952A5E52B7814575B6883D4BD46D8610_organizer', 'eng', 'https://www.1250.bz.it'),
('952A5E52B7814575B6883D4BD46D8610_organizer', 'ita', 'https://www.1250.bz.it'),
('1AFABFD0152B4F44A07001923A463B3D_organizer', 'deu', 'https://www.1250.bz.it'),
('1AFABFD0152B4F44A07001923A463B3D_organizer', 'eng', 'https://www.1250.bz.it'),
('1AFABFD0152B4F44A07001923A463B3D_organizer', 'ita', 'https://www.1250.bz.it'),
('D1DB4218DF8B4564A31B54C5DDC504A5_organizer', 'deu', 'https://www.1250.bz.it'),
('D1DB4218DF8B4564A31B54C5DDC504A5_organizer', 'eng', 'https://www.1250.bz.it'),
('D1DB4218DF8B4564A31B54C5DDC504A5_organizer', 'ita', 'https://www.1250.bz.it'),
('D4673882BBEF41A5AB0EB2836BF5EEEC_organizer', 'deu', 'https://www.1250.bz.it'),
('D4673882BBEF41A5AB0EB2836BF5EEEC_organizer', 'eng', 'https://www.1250.bz.it'),
('D4673882BBEF41A5AB0EB2836BF5EEEC_organizer', 'ita', 'https://www.1250.bz.it'),
('61C33EF7B5B3428E8CCE0AF0398C5ACB_organizer', 'deu', 'https://www.1250.bz.it'),
('61C33EF7B5B3428E8CCE0AF0398C5ACB_organizer', 'eng', 'https://www.1250.bz.it'),
('61C33EF7B5B3428E8CCE0AF0398C5ACB_organizer', 'ita', 'https://www.1250.bz.it'),
('9F4BC17266EE4E16BF26683D26522443_organizer', 'deu', 'http://www.sancandido.info'),
('9F4BC17266EE4E16BF26683D26522443_organizer', 'eng', 'http://www.sancandido.info'),
('9F4BC17266EE4E16BF26683D26522443_organizer', 'ita', 'http://www.sancandido.info'),
('480D60418C044060B2E593E9EC353797_organizer', 'deu', 'https://www.1250.bz.it'),
('480D60418C044060B2E593E9EC353797_organizer', 'eng', 'https://www.1250.bz.it'),
('480D60418C044060B2E593E9EC353797_organizer', 'ita', 'https://www.1250.bz.it'),
('C24923917EE44B3C8B2C08670477DFF5_organizer', 'deu', 'https://www.1250.bz.it'),
('C24923917EE44B3C8B2C08670477DFF5_organizer', 'eng', 'https://www.1250.bz.it'),
('C24923917EE44B3C8B2C08670477DFF5_organizer', 'ita', 'https://www.1250.bz.it'),
('740AC36DAFA943299353BDE7C0354937_organizer', 'deu', 'https://www.1250.bz.it'),
('740AC36DAFA943299353BDE7C0354937_organizer', 'eng', 'https://www.1250.bz.it'),
('740AC36DAFA943299353BDE7C0354937_organizer', 'ita', 'https://www.1250.bz.it'),
('D347ECFF30E042C89EFCE796A95990F0_organizer', 'deu', 'https://www.1250.bz.it'),
('D347ECFF30E042C89EFCE796A95990F0_organizer', 'eng', 'https://www.1250.bz.it'),
('D347ECFF30E042C89EFCE796A95990F0_organizer', 'ita', 'https://www.1250.bz.it'),
('1DFE16798D85405C8125B607D9F269AA_organizer', 'deu', 'https://www.1250.bz.it'),
('1DFE16798D85405C8125B607D9F269AA_organizer', 'eng', 'https://www.1250.bz.it'),
('1DFE16798D85405C8125B607D9F269AA_organizer', 'ita', 'https://www.1250.bz.it'),
('33857198B5DD44EE899CFCD4BABFC459_organizer', 'deu', 'https://www.1250.bz.it'),
('33857198B5DD44EE899CFCD4BABFC459_organizer', 'eng', 'https://www.1250.bz.it'),
('33857198B5DD44EE899CFCD4BABFC459_organizer', 'ita', 'https://www.1250.bz.it'),
('ABF7B48BF1964654A307A25D8E295F1C_organizer', 'deu', 'https://www.1250.bz.it'),
('ABF7B48BF1964654A307A25D8E295F1C_organizer', 'eng', 'https://www.1250.bz.it'),
('ABF7B48BF1964654A307A25D8E295F1C_organizer', 'ita', 'https://www.1250.bz.it'),
('A8AA3B2223574C6E8FF75F172FA9166B_organizer', 'deu', 'https://www.1250.bz.it'),
('A8AA3B2223574C6E8FF75F172FA9166B_organizer', 'eng', 'https://www.1250.bz.it'),
('A8AA3B2223574C6E8FF75F172FA9166B_organizer', 'ita', 'https://www.1250.bz.it'),
('0B9E28C0CFE140F2A125D3B91EAED807_organizer', 'deu', 'http://www.theaterwerkstatt-innichen.com'),
('0B9E28C0CFE140F2A125D3B91EAED807_organizer', 'eng', 'http://www.theaterwerkstatt-innichen.com'),
('0B9E28C0CFE140F2A125D3B91EAED807_organizer', 'ita', 'http://www.theaterwerkstatt-innichen.com'),
('C87A9463C162460E9CF7BD2753921AD2_organizer', 'deu', 'https://www.1250.bz.it'),
('C87A9463C162460E9CF7BD2753921AD2_organizer', 'eng', 'https://www.1250.bz.it'),
('C87A9463C162460E9CF7BD2753921AD2_organizer', 'ita', 'https://www.1250.bz.it'),
('3CEEBBC773064AD6958E8C4679E3BF8C_organizer', 'deu', 'https://www.1250.bz.it'),
('3CEEBBC773064AD6958E8C4679E3BF8C_organizer', 'eng', 'https://www.1250.bz.it'),
('3CEEBBC773064AD6958E8C4679E3BF8C_organizer', 'ita', 'https://www.1250.bz.it');

--Events - Insert Event Location at table Venues
INSERT INTO resources (id,odh_id,type,data_provider,last_update,created_at,simple_url)
VALUES
('FD7DC58E68A9447FB987460138FB3C85_venue','522822DA51CA11D18F1400A02427D15E','venues','http://tourism.opendatahub.bz.it/','2022-02-16 18:26:42.917','2022-02-16 18:26:42.917','null'),
('4231E17139FA49D0BA4C0503DB34E86B_venue','522822E951CA11D18F1400A02427D15E','venues','http://tourism.opendatahub.bz.it/','2022-02-16 18:26:42.917','2022-02-16 18:26:42.917','null'),
('8F118C2CCB854FF7A9B77C3AC19BCAFC_venue','5228229451CA11D18F1400A02427D15E','venues','http://tourism.opendatahub.bz.it/','2022-02-16 18:26:42.917','2022-02-16 18:26:42.917','null'),
('377ADD10E0F14C78988B9A86DAD1462F_venue','5228229751CA11D18F1400A02427D15E','venues','http://tourism.opendatahub.bz.it/','2022-02-16 18:26:42.917','2022-02-16 18:26:42.917','null'),
('1A2B6A30FB6E46BDB2644B6984D06C29_venue','522822FF51CA11D18F1400A02427D15E','venues','http://tourism.opendatahub.bz.it/','2022-02-16 18:26:42.917','2022-02-16 18:26:42.917','null'),
('FCDEB65BAF22402380F06B977C91A54B_venue','522822A151CA11D18F1400A02427D15E','venues','http://tourism.opendatahub.bz.it/','2022-02-16 18:26:42.917','2022-02-16 18:26:42.917','null'),
('303E1B8404CD473483D9A37D8C521F62_venue','522822BE51CA11D18F1400A02427D15E','venues','http://tourism.opendatahub.bz.it/','2022-02-16 18:26:42.917','2022-02-16 18:26:42.917','null'),
('9FA3C0F97FD84F12957E6F73FCBB0389_venue','522822E651CA11D18F1400A02427D15E','venues','http://tourism.opendatahub.bz.it/','2022-02-16 18:26:42.917','2022-02-16 18:26:42.917','null'),
('A8F3E3A8522143448672AD80435A38BE_venue','522822D451CA11D18F1400A02427D15E','venues','http://tourism.opendatahub.bz.it/','2022-02-16 18:26:42.917','2022-02-16 18:26:42.917','null'),
('0465D969FB9642DB98F49ABE952CA66F_venue','522822DB51CA11D18F1400A02427D15E','venues','http://tourism.opendatahub.bz.it/','2022-02-16 18:26:42.917','2022-02-16 18:26:42.917','null'),
('20D8424667EF42ACAD390F6F6BD9AF42_venue','522822B051CA11D18F1400A02427D15E','venues','http://tourism.opendatahub.bz.it/','2022-02-16 18:26:42.917','2022-02-16 18:26:42.918','null'),
('499783AA7CF34A0F86EC63FB706459CD_venue','5228229451CA11D18F1400A02427D15E','venues','http://tourism.opendatahub.bz.it/','2022-02-16 18:26:42.918','2022-02-16 18:26:42.918','null'),
('39B9AFB528A0483E98BFDACE69AE43CD_venue','522822A151CA11D18F1400A02427D15E','venues','http://tourism.opendatahub.bz.it/','2022-02-16 18:26:42.918','2022-02-16 18:26:42.918','null'),
('049E5F0AA3304BFCB42445C464952ACF_venue','5228229E51CA11D18F1400A02427D15E','venues','http://tourism.opendatahub.bz.it/','2022-02-16 18:26:42.918','2022-02-16 18:26:42.918','null'),
('40ADDFB1A5104A5A89EB123BF7A34CF5_venue','522822A151CA11D18F1400A02427D15E','venues','http://tourism.opendatahub.bz.it/','2022-02-16 18:26:42.918','2022-02-16 18:26:42.918','null'),
('0DC1CF556A5C42B6A21451A2142484DF_venue','5228229851CA11D18F1400A02427D15E','venues','http://tourism.opendatahub.bz.it/','2022-02-16 18:26:42.918','2022-02-16 18:26:42.918','null'),
('9EE43BFB7DE841018148FEB5ED31B537_venue','5228229851CA11D18F1400A02427D15E','venues','http://tourism.opendatahub.bz.it/','2022-02-16 18:26:42.918','2022-02-16 18:26:42.918','null'),
('D5ED433CF94F40B9ACC797592C90BC98_venue','522822D451CA11D18F1400A02427D15E','venues','http://tourism.opendatahub.bz.it/','2022-02-16 18:26:42.918','2022-02-16 18:26:42.918','null'),
('82DAD121ED1F44E0884A688B87104885_venue','522822D351CA11D18F1400A02427D15E','venues','http://tourism.opendatahub.bz.it/','2022-02-16 18:26:42.918','2022-02-16 18:26:42.918','null'),
('7F818118F58B4503904CE8F5A1C3394F_venue','5228229851CA11D18F1400A02427D15E','venues','http://tourism.opendatahub.bz.it/','2022-02-16 18:26:42.918','2022-02-16 18:26:42.918','null'),
('36AA39BAF87C4DBE9CF973238A974220_venue','522822CA51CA11D18F1400A02427D15E','venues','http://tourism.opendatahub.bz.it/','2022-02-16 18:26:42.918','2022-02-16 18:26:42.918','null'),
('A5572B2CF74941C789F3F4E139FB9C0E_venue','522822EE51CA11D18F1400A02427D15E','venues','http://tourism.opendatahub.bz.it/','2022-02-16 18:26:42.918','2022-02-16 18:26:42.918','null'),
('4504DB9D28C84D8584856DF340C2037B_venue','5228229451CA11D18F1400A02427D15E','venues','http://tourism.opendatahub.bz.it/','2022-02-16 18:26:42.918','2022-02-16 18:26:42.918','null'),
('37A37707FBEB4F258B32E94885503D14_venue','522822FD51CA11D18F1400A02427D15E','venues','http://tourism.opendatahub.bz.it/','2022-02-16 18:26:42.918','2022-02-16 18:26:42.918','null'),
('D368218BBEC44A4899D591EB8C1F4B2E_venue','522822FD51CA11D18F1400A02427D15E','venues','http://tourism.opendatahub.bz.it/','2022-02-16 18:26:42.918','2022-02-16 18:26:42.918','null'),
('52022A2764A14DACBE110F9DBBFDF652_venue','522822FD51CA11D18F1400A02427D15E','venues','http://tourism.opendatahub.bz.it/','2022-02-16 18:26:42.918','2022-02-16 18:26:42.918','null'),
('F1F2807F4E6F42DE9931510237C7C948_venue','522822D451CA11D18F1400A02427D15E','venues','http://tourism.opendatahub.bz.it/','2022-02-16 18:26:42.918','2022-02-16 18:26:42.918','null'),
('0A0A0BAA2BA0458AA81F14F4D4FB61D0_venue','522822A151CA11D18F1400A02427D15E','venues','http://tourism.opendatahub.bz.it/','2022-02-16 18:26:42.918','2022-02-16 18:26:42.918','null'),
('AAB92129C6844065BB7B4A82A2F4F2DA_venue','522822A151CA11D18F1400A02427D15E','venues','http://tourism.opendatahub.bz.it/','2022-02-16 18:26:42.918','2022-02-16 18:26:42.918','null'),
('60C1E3AC92E1429988D4DEED4BEB7393_venue','5228229551CA11D18F1400A02427D15E','venues','http://tourism.opendatahub.bz.it/','2022-02-16 18:26:42.918','2022-02-16 18:26:42.918','null'),
('25CE3C696D104E09A29A8CD00AB30B4D_venue','522822B351CA11D18F1400A02427D15E','venues','http://tourism.opendatahub.bz.it/','2022-02-16 18:26:42.918','2022-02-16 18:26:42.918','null'),
('47FD17D2DE264AAEBF6E44B3C32D1367_venue','522822BA51CA11D18F1400A02427D15E','venues','http://tourism.opendatahub.bz.it/','2022-02-16 18:26:42.918','2022-02-16 18:26:42.918','null'),
('BFF16EC65D344F66BC1AB47D20347D74_venue','522822BE51CA11D18F1400A02427D15E','venues','http://tourism.opendatahub.bz.it/','2022-02-16 18:26:42.918','2022-02-16 18:26:42.918','null'),
('75199C9977B846F2BAAF84727FFC8242_venue','522822BA51CA11D18F1400A02427D15E','venues','http://tourism.opendatahub.bz.it/','2022-02-16 18:26:42.918','2022-02-16 18:26:42.918','null'),
('BD65BB8CC6744C309B77C2EE3A02440E_venue','522822A151CA11D18F1400A02427D15E','venues','http://tourism.opendatahub.bz.it/','2022-02-16 18:26:42.918','2022-02-16 18:26:42.918','null'),
('26055F0E32CE4D5BACF1AE4092385C23_venue','522822A151CA11D18F1400A02427D15E','venues','http://tourism.opendatahub.bz.it/','2022-02-16 18:26:42.918','2022-02-16 18:26:42.918','null'),
('98ACF86788904DD19E36408BDA8565CE_venue','522822C751CA11D18F1400A02427D15E','venues','http://tourism.opendatahub.bz.it/','2022-02-16 18:26:42.918','2022-02-16 18:26:42.918','null'),
('0CE668469A1445A58A658607B9D6C92E_venue','522822D351CA11D18F1400A02427D15E','venues','http://tourism.opendatahub.bz.it/','2022-02-16 18:26:42.918','2022-02-16 18:26:42.918','null'),
('41A78ED159624AFD803418A89E95E388_venue','522822DA51CA11D18F1400A02427D15E','venues','http://tourism.opendatahub.bz.it/','2022-02-16 18:26:42.918','2022-02-16 18:26:42.918','null'),
('4CF166956D8A49938CA84B06C77C878E_venue','5228229151CA11D18F1400A02427D15E','venues','http://tourism.opendatahub.bz.it/','2022-02-16 18:26:42.918','2022-02-16 18:26:42.918','null'),
('991A294AF8334FF98B44462F2078D6E6_venue','522822B051CA11D18F1400A02427D15E','venues','http://tourism.opendatahub.bz.it/','2022-02-16 18:26:42.918','2022-02-16 18:26:42.918','null'),
('A9DDAF00E3394ADD8C13B8650C16793E_venue','522822B051CA11D18F1400A02427D15E','venues','http://tourism.opendatahub.bz.it/','2022-02-16 18:26:42.918','2022-02-16 18:26:42.918','null'),
('D53723B3C6D84CFE8708F534816795DF_venue','522822C451CA11D18F1400A02427D15E','venues','http://tourism.opendatahub.bz.it/','2022-02-16 18:26:42.918','2022-02-16 18:26:42.918','null'),
('A7B108835D774A32A2C558E4F4B6CF54_venue','522822C451CA11D18F1400A02427D15E','venues','http://tourism.opendatahub.bz.it/','2022-02-16 18:26:42.918','2022-02-16 18:26:42.918','null'),
('D6AB0CD4E2514345B260CF2948939036_venue','522822C451CA11D18F1400A02427D15E','venues','http://tourism.opendatahub.bz.it/','2022-02-16 18:26:42.918','2022-02-16 18:26:42.918','null'),
('53F39C768F28421DA420A1A8F1D092B8_venue','522822C451CA11D18F1400A02427D15E','venues','http://tourism.opendatahub.bz.it/','2022-02-16 18:26:42.918','2022-02-16 18:26:42.918','null'),
('2BA8BA8260084B6198FF083AB689859D_venue','522822C451CA11D18F1400A02427D15E','venues','http://tourism.opendatahub.bz.it/','2022-02-16 18:26:42.918','2022-02-16 18:26:42.918','null'),
('C8EEE7ADAA66425E84103524A64A9EAF_venue','522822C451CA11D18F1400A02427D15E','venues','http://tourism.opendatahub.bz.it/','2022-02-16 18:26:42.918','2022-02-16 18:26:42.918','null'),
('757944A711854B49A8EFB53633C6E313_venue','522822C451CA11D18F1400A02427D15E','venues','http://tourism.opendatahub.bz.it/','2022-02-16 18:26:42.918','2022-02-16 18:26:42.918','null'),
('8FA372564C5043A5B19AC2B0F4BE3C87_venue','522822C451CA11D18F1400A02427D15E','venues','http://tourism.opendatahub.bz.it/','2022-02-16 18:26:42.918','2022-02-16 18:26:42.918','null'),
('AB752E976A364BFFA37ED3AB1F130E1A_venue','522822C451CA11D18F1400A02427D15E','venues','http://tourism.opendatahub.bz.it/','2022-02-16 18:26:42.918','2022-02-16 18:26:42.918','null'),
('DE51CC0C0C954A0ABF2ED37C9CD4E389_venue','522822C451CA11D18F1400A02427D15E','venues','http://tourism.opendatahub.bz.it/','2022-02-16 18:26:42.918','2022-02-16 18:26:42.918','null'),
('BABFEA5ADDCF41CEB3A3750B170024DF_venue','522822C451CA11D18F1400A02427D15E','venues','http://tourism.opendatahub.bz.it/','2022-02-16 18:26:42.918','2022-02-16 18:26:42.918','null'),
('D2EAC305F8C54F1AB77065DA19C2E763_venue','522822C451CA11D18F1400A02427D15E','venues','http://tourism.opendatahub.bz.it/','2022-02-16 18:26:42.918','2022-02-16 18:26:42.918','null'),
('2DA979F17AD841D8AA4176851EAB71A1_venue','522822C451CA11D18F1400A02427D15E','venues','http://tourism.opendatahub.bz.it/','2022-02-16 18:26:42.918','2022-02-16 18:26:42.918','null'),
('A343F87203F64AF8930FC322232EB781_venue','5228229751CA11D18F1400A02427D15E','venues','http://tourism.opendatahub.bz.it/','2022-02-16 18:26:42.918','2022-02-16 18:26:42.918','null'),
('256E7CD054EF499D951A4C8AD1365916_venue','522822B951CA11D18F1400A02427D15E','venues','http://tourism.opendatahub.bz.it/','2022-02-16 18:26:42.918','2022-02-16 18:26:42.918','null'),
('5771E303F5274496B46EAF8CB884CFF8_venue','522822E951CA11D18F1400A02427D15E','venues','http://tourism.opendatahub.bz.it/','2022-02-16 18:26:42.918','2022-02-16 18:26:42.918','null'),
('7262A8A541024A95AF68119D7A185492_venue','522822EB51CA11D18F1400A02427D15E','venues','http://tourism.opendatahub.bz.it/','2022-02-16 18:26:42.918','2022-02-16 18:26:42.918','null'),
('E3CA7B9C82CD485EB0A3952DE58CE8EF_venue','522822B951CA11D18F1400A02427D15E','venues','http://tourism.opendatahub.bz.it/','2022-02-16 18:26:42.918','2022-02-16 18:26:42.918','null'),
('519ED83348524507A0705F2D78EECA4D_venue','522822BE51CA11D18F1400A02427D15E','venues','http://tourism.opendatahub.bz.it/','2022-02-16 18:26:42.918','2022-02-16 18:26:42.918','null'),
('AED86EEC2DE04B51BCE05EF88655BE06_venue','522822BE51CA11D18F1400A02427D15E','venues','http://tourism.opendatahub.bz.it/','2022-02-16 18:26:42.918','2022-02-16 18:26:42.918','null'),
('F30344CBA89F4FA3A203FEFCBC14DF23_venue','522822DA51CA11D18F1400A02427D15E','venues','http://tourism.opendatahub.bz.it/','2022-02-16 18:26:42.918','2022-02-16 18:26:42.918','null'),
('01F2B21DF575485CA794F372D7BC359F_venue','522822DA51CA11D18F1400A02427D15E','venues','http://tourism.opendatahub.bz.it/','2022-02-16 18:26:42.918','2022-02-16 18:26:42.918','null'),
('71B99F4388844780BF991525B4A582D6_venue','522822DA51CA11D18F1400A02427D15E','venues','http://tourism.opendatahub.bz.it/','2022-02-16 18:26:42.918','2022-02-16 18:26:42.918','null'),
('E820B0B91C7643799901C375B8B8BED3_venue','522822DA51CA11D18F1400A02427D15E','venues','http://tourism.opendatahub.bz.it/','2022-02-16 18:26:42.918','2022-02-16 18:26:42.918','null'),
('BFA002968F494EA79C2D2D988EB3A43A_venue','522822DA51CA11D18F1400A02427D15E','venues','http://tourism.opendatahub.bz.it/','2022-02-16 18:26:42.918','2022-02-16 18:26:42.918','null'),
('57F150031CE24616AD6DCCB3B1E465A8_venue','522822DA51CA11D18F1400A02427D15E','venues','http://tourism.opendatahub.bz.it/','2022-02-16 18:26:42.918','2022-02-16 18:26:42.918','null'),
('7C218B36F554454088282B8FF50D79C1_venue','522822DA51CA11D18F1400A02427D15E','venues','http://tourism.opendatahub.bz.it/','2022-02-16 18:26:42.918','2022-02-16 18:26:42.918','null'),
('F62ED1ADF5404654A8902872DCC89170_venue','522822DA51CA11D18F1400A02427D15E','venues','http://tourism.opendatahub.bz.it/','2022-02-16 18:26:42.918','2022-02-16 18:26:42.918','null'),
('A079B471341F45EE8999AE8201DB9E45_venue','522822DA51CA11D18F1400A02427D15E','venues','http://tourism.opendatahub.bz.it/','2022-02-16 18:26:42.918','2022-02-16 18:26:42.918','null'),
('666AED08535B4314B3B2554402458BF7_venue','522822DA51CA11D18F1400A02427D15E','venues','http://tourism.opendatahub.bz.it/','2022-02-16 18:26:42.918','2022-02-16 18:26:42.918','null'),
('02108340A0BC4539999D2706036C3E99_venue','522822DA51CA11D18F1400A02427D15E','venues','http://tourism.opendatahub.bz.it/','2022-02-16 18:26:42.918','2022-02-16 18:26:42.918','null'),
('56B421BB74864724A09BE0A0B1444298_venue','522822DA51CA11D18F1400A02427D15E','venues','http://tourism.opendatahub.bz.it/','2022-02-16 18:26:42.918','2022-02-16 18:26:42.918','null'),
('C7F53144F3EB47D8B0659F321C97DCFC_venue','522822DA51CA11D18F1400A02427D15E','venues','http://tourism.opendatahub.bz.it/','2022-02-16 18:26:42.918','2022-02-16 18:26:42.918','null'),
('06117B224CB743DE99A679398D16C181_venue','522822DA51CA11D18F1400A02427D15E','venues','http://tourism.opendatahub.bz.it/','2022-02-16 18:26:42.918','2022-02-16 18:26:42.918','null'),
('79A07B9380BC44EA908C339C4866EFB2_venue','522822DA51CA11D18F1400A02427D15E','venues','http://tourism.opendatahub.bz.it/','2022-02-16 18:26:42.918','2022-02-16 18:26:42.918','null'),
('45D2D48FF9454AA0AF507B454EAA2606_venue','522822DA51CA11D18F1400A02427D15E','venues','http://tourism.opendatahub.bz.it/','2022-02-16 18:26:42.918','2022-02-16 18:26:42.918','null'),
('08EE008BB7AB4D248B36A49DF9AAB0F2_venue','522822DA51CA11D18F1400A02427D15E','venues','http://tourism.opendatahub.bz.it/','2022-02-16 18:26:42.918','2022-02-16 18:26:42.918','null'),
('A55889C2ACF7440A91EE7E4F3FFC2675_venue','522822DA51CA11D18F1400A02427D15E','venues','http://tourism.opendatahub.bz.it/','2022-02-16 18:26:42.918','2022-02-16 18:26:42.918','null'),
('80857ABDACF74CFC8D7225C93EE30E7C_venue','522822DA51CA11D18F1400A02427D15E','venues','http://tourism.opendatahub.bz.it/','2022-02-16 18:26:42.918','2022-02-16 18:26:42.918','null'),
('D1942E1BAE5D45B5835F6A48C3C6367A_venue','522822DA51CA11D18F1400A02427D15E','venues','http://tourism.opendatahub.bz.it/','2022-02-16 18:26:42.918','2022-02-16 18:26:42.918','null'),
('952A5E52B7814575B6883D4BD46D8610_venue','522822DA51CA11D18F1400A02427D15E','venues','http://tourism.opendatahub.bz.it/','2022-02-16 18:26:42.918','2022-02-16 18:26:42.918','null'),
('1AFABFD0152B4F44A07001923A463B3D_venue','522822DA51CA11D18F1400A02427D15E','venues','http://tourism.opendatahub.bz.it/','2022-02-16 18:26:42.918','2022-02-16 18:26:42.918','null'),
('D1DB4218DF8B4564A31B54C5DDC504A5_venue','522822DA51CA11D18F1400A02427D15E','venues','http://tourism.opendatahub.bz.it/','2022-02-16 18:26:42.918','2022-02-16 18:26:42.918','null'),
('D4673882BBEF41A5AB0EB2836BF5EEEC_venue','522822DA51CA11D18F1400A02427D15E','venues','http://tourism.opendatahub.bz.it/','2022-02-16 18:26:42.918','2022-02-16 18:26:42.918','null'),
('61C33EF7B5B3428E8CCE0AF0398C5ACB_venue','522822DA51CA11D18F1400A02427D15E','venues','http://tourism.opendatahub.bz.it/','2022-02-16 18:26:42.918','2022-02-16 18:26:42.918','null'),
('9F4BC17266EE4E16BF26683D26522443_venue','522822DA51CA11D18F1400A02427D15E','venues','http://tourism.opendatahub.bz.it/','2022-02-16 18:26:42.918','2022-02-16 18:26:42.918','null'),
('480D60418C044060B2E593E9EC353797_venue','522822DA51CA11D18F1400A02427D15E','venues','http://tourism.opendatahub.bz.it/','2022-02-16 18:26:42.918','2022-02-16 18:26:42.918','null'),
('C24923917EE44B3C8B2C08670477DFF5_venue','522822DA51CA11D18F1400A02427D15E','venues','http://tourism.opendatahub.bz.it/','2022-02-16 18:26:42.918','2022-02-16 18:26:42.918','null'),
('740AC36DAFA943299353BDE7C0354937_venue','522822DA51CA11D18F1400A02427D15E','venues','http://tourism.opendatahub.bz.it/','2022-02-16 18:26:42.918','2022-02-16 18:26:42.918','null'),
('D347ECFF30E042C89EFCE796A95990F0_venue','522822DA51CA11D18F1400A02427D15E','venues','http://tourism.opendatahub.bz.it/','2022-02-16 18:26:42.918','2022-02-16 18:26:42.918','null'),
('1DFE16798D85405C8125B607D9F269AA_venue','522822DA51CA11D18F1400A02427D15E','venues','http://tourism.opendatahub.bz.it/','2022-02-16 18:26:42.918','2022-02-16 18:26:42.918','null'),
('33857198B5DD44EE899CFCD4BABFC459_venue','522822DA51CA11D18F1400A02427D15E','venues','http://tourism.opendatahub.bz.it/','2022-02-16 18:26:42.918','2022-02-16 18:26:42.918','null'),
('ABF7B48BF1964654A307A25D8E295F1C_venue','522822DA51CA11D18F1400A02427D15E','venues','http://tourism.opendatahub.bz.it/','2022-02-16 18:26:42.918','2022-02-16 18:26:42.918','null'),
('A8AA3B2223574C6E8FF75F172FA9166B_venue','522822DA51CA11D18F1400A02427D15E','venues','http://tourism.opendatahub.bz.it/','2022-02-16 18:26:42.918','2022-02-16 18:26:42.918','null'),
('0B9E28C0CFE140F2A125D3B91EAED807_venue','522822DA51CA11D18F1400A02427D15E','venues','http://tourism.opendatahub.bz.it/','2022-02-16 18:26:42.918','2022-02-16 18:26:42.918','null'),
('C87A9463C162460E9CF7BD2753921AD2_venue','522822DA51CA11D18F1400A02427D15E','venues','http://tourism.opendatahub.bz.it/','2022-02-16 18:26:42.918','2022-02-16 18:26:42.918','null'),
('3CEEBBC773064AD6958E8C4679E3BF8C_venue','522822DA51CA11D18F1400A02427D15E','venues','http://tourism.opendatahub.bz.it/','2022-02-16 18:26:42.918','2022-02-16 18:26:42.918','null');

INSERT INTO venues (id)
VALUES
('FD7DC58E68A9447FB987460138FB3C85_venue'),
('4231E17139FA49D0BA4C0503DB34E86B_venue'),
('8F118C2CCB854FF7A9B77C3AC19BCAFC_venue'),
('377ADD10E0F14C78988B9A86DAD1462F_venue'),
('1A2B6A30FB6E46BDB2644B6984D06C29_venue'),
('FCDEB65BAF22402380F06B977C91A54B_venue'),
('303E1B8404CD473483D9A37D8C521F62_venue'),
('9FA3C0F97FD84F12957E6F73FCBB0389_venue'),
('A8F3E3A8522143448672AD80435A38BE_venue'),
('0465D969FB9642DB98F49ABE952CA66F_venue'),
('20D8424667EF42ACAD390F6F6BD9AF42_venue'),
('499783AA7CF34A0F86EC63FB706459CD_venue'),
('39B9AFB528A0483E98BFDACE69AE43CD_venue'),
('049E5F0AA3304BFCB42445C464952ACF_venue'),
('40ADDFB1A5104A5A89EB123BF7A34CF5_venue'),
('0DC1CF556A5C42B6A21451A2142484DF_venue'),
('9EE43BFB7DE841018148FEB5ED31B537_venue'),
('D5ED433CF94F40B9ACC797592C90BC98_venue'),
('82DAD121ED1F44E0884A688B87104885_venue'),
('7F818118F58B4503904CE8F5A1C3394F_venue'),
('36AA39BAF87C4DBE9CF973238A974220_venue'),
('A5572B2CF74941C789F3F4E139FB9C0E_venue'),
('4504DB9D28C84D8584856DF340C2037B_venue'),
('37A37707FBEB4F258B32E94885503D14_venue'),
('D368218BBEC44A4899D591EB8C1F4B2E_venue'),
('52022A2764A14DACBE110F9DBBFDF652_venue'),
('F1F2807F4E6F42DE9931510237C7C948_venue'),
('0A0A0BAA2BA0458AA81F14F4D4FB61D0_venue'),
('AAB92129C6844065BB7B4A82A2F4F2DA_venue'),
('60C1E3AC92E1429988D4DEED4BEB7393_venue'),
('25CE3C696D104E09A29A8CD00AB30B4D_venue'),
('47FD17D2DE264AAEBF6E44B3C32D1367_venue'),
('BFF16EC65D344F66BC1AB47D20347D74_venue'),
('75199C9977B846F2BAAF84727FFC8242_venue'),
('BD65BB8CC6744C309B77C2EE3A02440E_venue'),
('26055F0E32CE4D5BACF1AE4092385C23_venue'),
('98ACF86788904DD19E36408BDA8565CE_venue'),
('0CE668469A1445A58A658607B9D6C92E_venue'),
('41A78ED159624AFD803418A89E95E388_venue'),
('4CF166956D8A49938CA84B06C77C878E_venue'),
('991A294AF8334FF98B44462F2078D6E6_venue'),
('A9DDAF00E3394ADD8C13B8650C16793E_venue'),
('D53723B3C6D84CFE8708F534816795DF_venue'),
('A7B108835D774A32A2C558E4F4B6CF54_venue'),
('D6AB0CD4E2514345B260CF2948939036_venue'),
('53F39C768F28421DA420A1A8F1D092B8_venue'),
('2BA8BA8260084B6198FF083AB689859D_venue'),
('C8EEE7ADAA66425E84103524A64A9EAF_venue'),
('757944A711854B49A8EFB53633C6E313_venue'),
('8FA372564C5043A5B19AC2B0F4BE3C87_venue'),
('AB752E976A364BFFA37ED3AB1F130E1A_venue'),
('DE51CC0C0C954A0ABF2ED37C9CD4E389_venue'),
('BABFEA5ADDCF41CEB3A3750B170024DF_venue'),
('D2EAC305F8C54F1AB77065DA19C2E763_venue'),
('2DA979F17AD841D8AA4176851EAB71A1_venue'),
('A343F87203F64AF8930FC322232EB781_venue'),
('256E7CD054EF499D951A4C8AD1365916_venue'),
('5771E303F5274496B46EAF8CB884CFF8_venue'),
('7262A8A541024A95AF68119D7A185492_venue'),
('E3CA7B9C82CD485EB0A3952DE58CE8EF_venue'),
('519ED83348524507A0705F2D78EECA4D_venue'),
('AED86EEC2DE04B51BCE05EF88655BE06_venue'),
('F30344CBA89F4FA3A203FEFCBC14DF23_venue'),
('01F2B21DF575485CA794F372D7BC359F_venue'),
('71B99F4388844780BF991525B4A582D6_venue'),
('E820B0B91C7643799901C375B8B8BED3_venue'),
('BFA002968F494EA79C2D2D988EB3A43A_venue'),
('57F150031CE24616AD6DCCB3B1E465A8_venue'),
('7C218B36F554454088282B8FF50D79C1_venue'),
('F62ED1ADF5404654A8902872DCC89170_venue'),
('A079B471341F45EE8999AE8201DB9E45_venue'),
('666AED08535B4314B3B2554402458BF7_venue'),
('02108340A0BC4539999D2706036C3E99_venue'),
('56B421BB74864724A09BE0A0B1444298_venue'),
('C7F53144F3EB47D8B0659F321C97DCFC_venue'),
('06117B224CB743DE99A679398D16C181_venue'),
('79A07B9380BC44EA908C339C4866EFB2_venue'),
('45D2D48FF9454AA0AF507B454EAA2606_venue'),
('08EE008BB7AB4D248B36A49DF9AAB0F2_venue'),
('A55889C2ACF7440A91EE7E4F3FFC2675_venue'),
('80857ABDACF74CFC8D7225C93EE30E7C_venue'),
('D1942E1BAE5D45B5835F6A48C3C6367A_venue'),
('952A5E52B7814575B6883D4BD46D8610_venue'),
('1AFABFD0152B4F44A07001923A463B3D_venue'),
('D1DB4218DF8B4564A31B54C5DDC504A5_venue'),
('D4673882BBEF41A5AB0EB2836BF5EEEC_venue'),
('61C33EF7B5B3428E8CCE0AF0398C5ACB_venue'),
('9F4BC17266EE4E16BF26683D26522443_venue'),
('480D60418C044060B2E593E9EC353797_venue'),
('C24923917EE44B3C8B2C08670477DFF5_venue'),
('740AC36DAFA943299353BDE7C0354937_venue'),
('D347ECFF30E042C89EFCE796A95990F0_venue'),
('1DFE16798D85405C8125B607D9F269AA_venue'),
('33857198B5DD44EE899CFCD4BABFC459_venue'),
('ABF7B48BF1964654A307A25D8E295F1C_venue'),
('A8AA3B2223574C6E8FF75F172FA9166B_venue'),
('0B9E28C0CFE140F2A125D3B91EAED807_venue'),
('C87A9463C162460E9CF7BD2753921AD2_venue'),
('3CEEBBC773064AD6958E8C4679E3BF8C_venue');

INSERT INTO event_venues (venue_id, event_id)
VALUES
('FD7DC58E68A9447FB987460138FB3C85_venue','FD7DC58E68A9447FB987460138FB3C85'),
('4231E17139FA49D0BA4C0503DB34E86B_venue','4231E17139FA49D0BA4C0503DB34E86B'),
('8F118C2CCB854FF7A9B77C3AC19BCAFC_venue','8F118C2CCB854FF7A9B77C3AC19BCAFC'),
('377ADD10E0F14C78988B9A86DAD1462F_venue','377ADD10E0F14C78988B9A86DAD1462F'),
('1A2B6A30FB6E46BDB2644B6984D06C29_venue','1A2B6A30FB6E46BDB2644B6984D06C29'),
('FCDEB65BAF22402380F06B977C91A54B_venue','FCDEB65BAF22402380F06B977C91A54B'),
('303E1B8404CD473483D9A37D8C521F62_venue','303E1B8404CD473483D9A37D8C521F62'),
('9FA3C0F97FD84F12957E6F73FCBB0389_venue','9FA3C0F97FD84F12957E6F73FCBB0389'),
('A8F3E3A8522143448672AD80435A38BE_venue','A8F3E3A8522143448672AD80435A38BE'),
('0465D969FB9642DB98F49ABE952CA66F_venue','0465D969FB9642DB98F49ABE952CA66F'),
('20D8424667EF42ACAD390F6F6BD9AF42_venue','20D8424667EF42ACAD390F6F6BD9AF42'),
('499783AA7CF34A0F86EC63FB706459CD_venue','499783AA7CF34A0F86EC63FB706459CD'),
('39B9AFB528A0483E98BFDACE69AE43CD_venue','39B9AFB528A0483E98BFDACE69AE43CD'),
('049E5F0AA3304BFCB42445C464952ACF_venue','049E5F0AA3304BFCB42445C464952ACF'),
('40ADDFB1A5104A5A89EB123BF7A34CF5_venue','40ADDFB1A5104A5A89EB123BF7A34CF5'),
('0DC1CF556A5C42B6A21451A2142484DF_venue','0DC1CF556A5C42B6A21451A2142484DF'),
('9EE43BFB7DE841018148FEB5ED31B537_venue','9EE43BFB7DE841018148FEB5ED31B537'),
('D5ED433CF94F40B9ACC797592C90BC98_venue','D5ED433CF94F40B9ACC797592C90BC98'),
('82DAD121ED1F44E0884A688B87104885_venue','82DAD121ED1F44E0884A688B87104885'),
('7F818118F58B4503904CE8F5A1C3394F_venue','7F818118F58B4503904CE8F5A1C3394F'),
('36AA39BAF87C4DBE9CF973238A974220_venue','36AA39BAF87C4DBE9CF973238A974220'),
('A5572B2CF74941C789F3F4E139FB9C0E_venue','A5572B2CF74941C789F3F4E139FB9C0E'),
('4504DB9D28C84D8584856DF340C2037B_venue','4504DB9D28C84D8584856DF340C2037B'),
('37A37707FBEB4F258B32E94885503D14_venue','37A37707FBEB4F258B32E94885503D14'),
('D368218BBEC44A4899D591EB8C1F4B2E_venue','D368218BBEC44A4899D591EB8C1F4B2E'),
('52022A2764A14DACBE110F9DBBFDF652_venue','52022A2764A14DACBE110F9DBBFDF652'),
('F1F2807F4E6F42DE9931510237C7C948_venue','F1F2807F4E6F42DE9931510237C7C948'),
('0A0A0BAA2BA0458AA81F14F4D4FB61D0_venue','0A0A0BAA2BA0458AA81F14F4D4FB61D0'),
('AAB92129C6844065BB7B4A82A2F4F2DA_venue','AAB92129C6844065BB7B4A82A2F4F2DA'),
('60C1E3AC92E1429988D4DEED4BEB7393_venue','60C1E3AC92E1429988D4DEED4BEB7393'),
('25CE3C696D104E09A29A8CD00AB30B4D_venue','25CE3C696D104E09A29A8CD00AB30B4D'),
('47FD17D2DE264AAEBF6E44B3C32D1367_venue','47FD17D2DE264AAEBF6E44B3C32D1367'),
('BFF16EC65D344F66BC1AB47D20347D74_venue','BFF16EC65D344F66BC1AB47D20347D74'),
('75199C9977B846F2BAAF84727FFC8242_venue','75199C9977B846F2BAAF84727FFC8242'),
('BD65BB8CC6744C309B77C2EE3A02440E_venue','BD65BB8CC6744C309B77C2EE3A02440E'),
('26055F0E32CE4D5BACF1AE4092385C23_venue','26055F0E32CE4D5BACF1AE4092385C23'),
('98ACF86788904DD19E36408BDA8565CE_venue','98ACF86788904DD19E36408BDA8565CE'),
('0CE668469A1445A58A658607B9D6C92E_venue','0CE668469A1445A58A658607B9D6C92E'),
('41A78ED159624AFD803418A89E95E388_venue','41A78ED159624AFD803418A89E95E388'),
('4CF166956D8A49938CA84B06C77C878E_venue','4CF166956D8A49938CA84B06C77C878E'),
('991A294AF8334FF98B44462F2078D6E6_venue','991A294AF8334FF98B44462F2078D6E6'),
('A9DDAF00E3394ADD8C13B8650C16793E_venue','A9DDAF00E3394ADD8C13B8650C16793E'),
('D53723B3C6D84CFE8708F534816795DF_venue','D53723B3C6D84CFE8708F534816795DF'),
('A7B108835D774A32A2C558E4F4B6CF54_venue','A7B108835D774A32A2C558E4F4B6CF54'),
('D6AB0CD4E2514345B260CF2948939036_venue','D6AB0CD4E2514345B260CF2948939036'),
('53F39C768F28421DA420A1A8F1D092B8_venue','53F39C768F28421DA420A1A8F1D092B8'),
('2BA8BA8260084B6198FF083AB689859D_venue','2BA8BA8260084B6198FF083AB689859D'),
('C8EEE7ADAA66425E84103524A64A9EAF_venue','C8EEE7ADAA66425E84103524A64A9EAF'),
('757944A711854B49A8EFB53633C6E313_venue','757944A711854B49A8EFB53633C6E313'),
('8FA372564C5043A5B19AC2B0F4BE3C87_venue','8FA372564C5043A5B19AC2B0F4BE3C87'),
('AB752E976A364BFFA37ED3AB1F130E1A_venue','AB752E976A364BFFA37ED3AB1F130E1A'),
('DE51CC0C0C954A0ABF2ED37C9CD4E389_venue','DE51CC0C0C954A0ABF2ED37C9CD4E389'),
('BABFEA5ADDCF41CEB3A3750B170024DF_venue','BABFEA5ADDCF41CEB3A3750B170024DF'),
('D2EAC305F8C54F1AB77065DA19C2E763_venue','D2EAC305F8C54F1AB77065DA19C2E763'),
('2DA979F17AD841D8AA4176851EAB71A1_venue','2DA979F17AD841D8AA4176851EAB71A1'),
('A343F87203F64AF8930FC322232EB781_venue','A343F87203F64AF8930FC322232EB781'),
('256E7CD054EF499D951A4C8AD1365916_venue','256E7CD054EF499D951A4C8AD1365916'),
('5771E303F5274496B46EAF8CB884CFF8_venue','5771E303F5274496B46EAF8CB884CFF8'),
('7262A8A541024A95AF68119D7A185492_venue','7262A8A541024A95AF68119D7A185492'),
('E3CA7B9C82CD485EB0A3952DE58CE8EF_venue','E3CA7B9C82CD485EB0A3952DE58CE8EF'),
('519ED83348524507A0705F2D78EECA4D_venue','519ED83348524507A0705F2D78EECA4D'),
('AED86EEC2DE04B51BCE05EF88655BE06_venue','AED86EEC2DE04B51BCE05EF88655BE06'),
('F30344CBA89F4FA3A203FEFCBC14DF23_venue','F30344CBA89F4FA3A203FEFCBC14DF23'),
('01F2B21DF575485CA794F372D7BC359F_venue','01F2B21DF575485CA794F372D7BC359F'),
('71B99F4388844780BF991525B4A582D6_venue','71B99F4388844780BF991525B4A582D6'),
('E820B0B91C7643799901C375B8B8BED3_venue','E820B0B91C7643799901C375B8B8BED3'),
('BFA002968F494EA79C2D2D988EB3A43A_venue','BFA002968F494EA79C2D2D988EB3A43A'),
('57F150031CE24616AD6DCCB3B1E465A8_venue','57F150031CE24616AD6DCCB3B1E465A8'),
('7C218B36F554454088282B8FF50D79C1_venue','7C218B36F554454088282B8FF50D79C1'),
('F62ED1ADF5404654A8902872DCC89170_venue','F62ED1ADF5404654A8902872DCC89170'),
('A079B471341F45EE8999AE8201DB9E45_venue','A079B471341F45EE8999AE8201DB9E45'),
('666AED08535B4314B3B2554402458BF7_venue','666AED08535B4314B3B2554402458BF7'),
('02108340A0BC4539999D2706036C3E99_venue','02108340A0BC4539999D2706036C3E99'),
('56B421BB74864724A09BE0A0B1444298_venue','56B421BB74864724A09BE0A0B1444298'),
('C7F53144F3EB47D8B0659F321C97DCFC_venue','C7F53144F3EB47D8B0659F321C97DCFC'),
('06117B224CB743DE99A679398D16C181_venue','06117B224CB743DE99A679398D16C181'),
('79A07B9380BC44EA908C339C4866EFB2_venue','79A07B9380BC44EA908C339C4866EFB2'),
('45D2D48FF9454AA0AF507B454EAA2606_venue','45D2D48FF9454AA0AF507B454EAA2606'),
('08EE008BB7AB4D248B36A49DF9AAB0F2_venue','08EE008BB7AB4D248B36A49DF9AAB0F2'),
('A55889C2ACF7440A91EE7E4F3FFC2675_venue','A55889C2ACF7440A91EE7E4F3FFC2675'),
('80857ABDACF74CFC8D7225C93EE30E7C_venue','80857ABDACF74CFC8D7225C93EE30E7C'),
('D1942E1BAE5D45B5835F6A48C3C6367A_venue','D1942E1BAE5D45B5835F6A48C3C6367A'),
('952A5E52B7814575B6883D4BD46D8610_venue','952A5E52B7814575B6883D4BD46D8610'),
('1AFABFD0152B4F44A07001923A463B3D_venue','1AFABFD0152B4F44A07001923A463B3D'),
('D1DB4218DF8B4564A31B54C5DDC504A5_venue','D1DB4218DF8B4564A31B54C5DDC504A5'),
('D4673882BBEF41A5AB0EB2836BF5EEEC_venue','D4673882BBEF41A5AB0EB2836BF5EEEC'),
('61C33EF7B5B3428E8CCE0AF0398C5ACB_venue','61C33EF7B5B3428E8CCE0AF0398C5ACB'),
('9F4BC17266EE4E16BF26683D26522443_venue','9F4BC17266EE4E16BF26683D26522443'),
('480D60418C044060B2E593E9EC353797_venue','480D60418C044060B2E593E9EC353797'),
('C24923917EE44B3C8B2C08670477DFF5_venue','C24923917EE44B3C8B2C08670477DFF5'),
('740AC36DAFA943299353BDE7C0354937_venue','740AC36DAFA943299353BDE7C0354937'),
('D347ECFF30E042C89EFCE796A95990F0_venue','D347ECFF30E042C89EFCE796A95990F0'),
('1DFE16798D85405C8125B607D9F269AA_venue','1DFE16798D85405C8125B607D9F269AA'),
('33857198B5DD44EE899CFCD4BABFC459_venue','33857198B5DD44EE899CFCD4BABFC459'),
('ABF7B48BF1964654A307A25D8E295F1C_venue','ABF7B48BF1964654A307A25D8E295F1C'),
('A8AA3B2223574C6E8FF75F172FA9166B_venue','A8AA3B2223574C6E8FF75F172FA9166B'),
('0B9E28C0CFE140F2A125D3B91EAED807_venue','0B9E28C0CFE140F2A125D3B91EAED807'),
('C87A9463C162460E9CF7BD2753921AD2_venue','C87A9463C162460E9CF7BD2753921AD2'),
('3CEEBBC773064AD6958E8C4679E3BF8C_venue','3CEEBBC773064AD6958E8C4679E3BF8C');

--Events - Insert Venue name at table names
INSERT INTO names (resource_id, lang, content)
VALUES
('FD7DC58E68A9447FB987460138FB3C85_venue', 'ces', 'Innichen/San Candido'),
('FD7DC58E68A9447FB987460138FB3C85_venue', 'deu', 'Innichen'),
('FD7DC58E68A9447FB987460138FB3C85_venue', 'eng', 'San Candido/Innichen'),
('FD7DC58E68A9447FB987460138FB3C85_venue', 'fra', 'San Candido/Innichen'),
('FD7DC58E68A9447FB987460138FB3C85_venue', 'ita', 'San Candido'),
('FD7DC58E68A9447FB987460138FB3C85_venue', 'nld', 'San Candido/Innichen'),
('FD7DC58E68A9447FB987460138FB3C85_venue', 'pol', 'San Candido/Innichen'),
('FD7DC58E68A9447FB987460138FB3C85_venue', 'rus', 'Сан-Кандидо/Innichen'),
('4231E17139FA49D0BA4C0503DB34E86B_venue', 'ces', 'Schlanders - Laas/Silandro - Lasa'),
('4231E17139FA49D0BA4C0503DB34E86B_venue', 'deu', 'Schlanders - Laas'),
('4231E17139FA49D0BA4C0503DB34E86B_venue', 'eng', 'Silandro/Schlanders - Lasa/Laas'),
('4231E17139FA49D0BA4C0503DB34E86B_venue', 'fra', 'Silandro - Lasa/Schlanders - Laas'),
('4231E17139FA49D0BA4C0503DB34E86B_venue', 'ita', 'Silandro e Lasa'),
('4231E17139FA49D0BA4C0503DB34E86B_venue', 'nld', 'Silandro - Lasa/Schlanders - Laas'),
('4231E17139FA49D0BA4C0503DB34E86B_venue', 'pol', 'Silandro - Lasa/Schlanders - Laas'),
('4231E17139FA49D0BA4C0503DB34E86B_venue', 'rus', 'Силандро – Лаза/Schlanders - Laas'),
('8F118C2CCB854FF7A9B77C3AC19BCAFC_venue', 'ces', 'Bozen/Bolzano'),
('8F118C2CCB854FF7A9B77C3AC19BCAFC_venue', 'deu', 'Bozen'),
('8F118C2CCB854FF7A9B77C3AC19BCAFC_venue', 'eng', 'Bolzano/Bozen'),
('8F118C2CCB854FF7A9B77C3AC19BCAFC_venue', 'fra', 'Bolzano/Bozen'),
('8F118C2CCB854FF7A9B77C3AC19BCAFC_venue', 'ita', 'Bolzano'),
('8F118C2CCB854FF7A9B77C3AC19BCAFC_venue', 'nld', 'Bolzano/Bozen'),
('8F118C2CCB854FF7A9B77C3AC19BCAFC_venue', 'pol', 'Bolzano/Bozen'),
('8F118C2CCB854FF7A9B77C3AC19BCAFC_venue', 'rus', 'Больцано/Bozen'),
('377ADD10E0F14C78988B9A86DAD1462F_venue', 'ces', 'Brixen/Bressanone'),
('377ADD10E0F14C78988B9A86DAD1462F_venue', 'deu', 'Brixen'),
('377ADD10E0F14C78988B9A86DAD1462F_venue', 'eng', 'Bressanone/Brixen'),
('377ADD10E0F14C78988B9A86DAD1462F_venue', 'fra', 'Bressanone/Brixen'),
('377ADD10E0F14C78988B9A86DAD1462F_venue', 'ita', 'Bressanone'),
('377ADD10E0F14C78988B9A86DAD1462F_venue', 'nld', 'Bressanone/Brixen'),
('377ADD10E0F14C78988B9A86DAD1462F_venue', 'pol', 'Bressanone/Brixen'),
('377ADD10E0F14C78988B9A86DAD1462F_venue', 'rus', 'Брессаноне/Brixen'),
('1A2B6A30FB6E46BDB2644B6984D06C29_venue', 'ces', 'Sterzing/Vipiteno'),
('1A2B6A30FB6E46BDB2644B6984D06C29_venue', 'deu', 'Sterzing'),
('1A2B6A30FB6E46BDB2644B6984D06C29_venue', 'eng', 'Sterzing/Vipiteno'),
('1A2B6A30FB6E46BDB2644B6984D06C29_venue', 'fra', 'Sterzing/Vipiteno'),
('1A2B6A30FB6E46BDB2644B6984D06C29_venue', 'ita', 'Vipiteno'),
('1A2B6A30FB6E46BDB2644B6984D06C29_venue', 'nld', 'Sterzing/Vipiteno'),
('1A2B6A30FB6E46BDB2644B6984D06C29_venue', 'pol', 'Sterzing/Vipiteno'),
('1A2B6A30FB6E46BDB2644B6984D06C29_venue', 'rus', 'Штерцинг/Vipiteno'),
('FCDEB65BAF22402380F06B977C91A54B_venue', 'ces', 'Klausen/Chiusa'),
('FCDEB65BAF22402380F06B977C91A54B_venue', 'deu', 'Klausen'),
('FCDEB65BAF22402380F06B977C91A54B_venue', 'eng', 'Chiusa/Klausen'),
('FCDEB65BAF22402380F06B977C91A54B_venue', 'fra', 'Chiusa/Klausen'),
('FCDEB65BAF22402380F06B977C91A54B_venue', 'ita', 'Chiusa'),
('FCDEB65BAF22402380F06B977C91A54B_venue', 'nld', 'Chiusa/Klausen'),
('FCDEB65BAF22402380F06B977C91A54B_venue', 'pol', 'Chiusa/Klausen'),
('FCDEB65BAF22402380F06B977C91A54B_venue', 'rus', 'Кьюза/Klausen'),
('303E1B8404CD473483D9A37D8C521F62_venue', 'ces', 'Meran/Merano'),
('303E1B8404CD473483D9A37D8C521F62_venue', 'deu', 'Meran'),
('303E1B8404CD473483D9A37D8C521F62_venue', 'eng', 'Meran/Merano'),
('303E1B8404CD473483D9A37D8C521F62_venue', 'fra', 'Meran/Merano'),
('303E1B8404CD473483D9A37D8C521F62_venue', 'ita', 'Merano'),
('303E1B8404CD473483D9A37D8C521F62_venue', 'nld', 'Meran/Merano'),
('303E1B8404CD473483D9A37D8C521F62_venue', 'pol', 'Meran/Merano'),
('303E1B8404CD473483D9A37D8C521F62_venue', 'rus', 'Меран/Merano'),
('9FA3C0F97FD84F12957E6F73FCBB0389_venue', 'ces', 'Sëlva/Selva'),
('9FA3C0F97FD84F12957E6F73FCBB0389_venue', 'deu', 'Wolkenstein'),
('9FA3C0F97FD84F12957E6F73FCBB0389_venue', 'eng', 'Sëlva/Selva'),
('9FA3C0F97FD84F12957E6F73FCBB0389_venue', 'fra', 'Sëlva/Selva'),
('9FA3C0F97FD84F12957E6F73FCBB0389_venue', 'ita', 'Selva Gardena'),
('9FA3C0F97FD84F12957E6F73FCBB0389_venue', 'nld', 'Sëlva/Selva'),
('9FA3C0F97FD84F12957E6F73FCBB0389_venue', 'pol', 'Sëlva/Selva'),
('9FA3C0F97FD84F12957E6F73FCBB0389_venue', 'rus', 'Волькенштайн/Selva'),
('A8F3E3A8522143448672AD80435A38BE_venue', 'ces', 'Ritten / Renon'),
('A8F3E3A8522143448672AD80435A38BE_venue', 'deu', 'Ritten'),
('A8F3E3A8522143448672AD80435A38BE_venue', 'eng', 'Renon / Ritten'),
('A8F3E3A8522143448672AD80435A38BE_venue', 'fra', 'Renon / Ritten'),
('A8F3E3A8522143448672AD80435A38BE_venue', 'ita', 'Renon'),
('A8F3E3A8522143448672AD80435A38BE_venue', 'nld', 'Renon / Ritten'),
('A8F3E3A8522143448672AD80435A38BE_venue', 'pol', 'Renon / Ritten'),
('A8F3E3A8522143448672AD80435A38BE_venue', 'rus', 'Renon / Ritten'),
('0465D969FB9642DB98F49ABE952CA66F_venue', 'ces', 'Jenesien/San Genesio Atesino'),
('0465D969FB9642DB98F49ABE952CA66F_venue', 'deu', 'Jenesien'),
('0465D969FB9642DB98F49ABE952CA66F_venue', 'eng', 'San Genesio Atesino/Jenesien'),
('0465D969FB9642DB98F49ABE952CA66F_venue', 'fra', 'San Genesio Atesino/Jenesien'),
('0465D969FB9642DB98F49ABE952CA66F_venue', 'ita', 'San Genesio'),
('0465D969FB9642DB98F49ABE952CA66F_venue', 'nld', 'San Genesio Atesino/Jenesien'),
('0465D969FB9642DB98F49ABE952CA66F_venue', 'pol', 'San Genesio Atesino/Jenesien'),
('0465D969FB9642DB98F49ABE952CA66F_venue', 'rus', 'Сан-Дженезио-Атезино/Jenesien'),
('20D8424667EF42ACAD390F6F6BD9AF42_venue', 'ces', 'Latsch/Laces - Martelltal/Val Martello'),
('20D8424667EF42ACAD390F6F6BD9AF42_venue', 'deu', 'Latsch - Martelltal'),
('20D8424667EF42ACAD390F6F6BD9AF42_venue', 'eng', 'Laces/Latsch - Val Martello/Martelltal'),
('20D8424667EF42ACAD390F6F6BD9AF42_venue', 'fra', 'Laces/Latsch'),
('20D8424667EF42ACAD390F6F6BD9AF42_venue', 'ita', 'Laces - Val Martello'),
('20D8424667EF42ACAD390F6F6BD9AF42_venue', 'nld', 'Laces/Latsch - Val Martello/Martelltal'),
('20D8424667EF42ACAD390F6F6BD9AF42_venue', 'pol', 'Laces/Latsch - Val Martello/Martelltal'),
('20D8424667EF42ACAD390F6F6BD9AF42_venue', 'rus', 'Лачес/Latsch'),
('499783AA7CF34A0F86EC63FB706459CD_venue', 'ces', 'Bozen/Bolzano'),
('499783AA7CF34A0F86EC63FB706459CD_venue', 'deu', 'Bozen'),
('499783AA7CF34A0F86EC63FB706459CD_venue', 'eng', 'Bolzano/Bozen'),
('499783AA7CF34A0F86EC63FB706459CD_venue', 'fra', 'Bolzano/Bozen'),
('499783AA7CF34A0F86EC63FB706459CD_venue', 'ita', 'Bolzano'),
('499783AA7CF34A0F86EC63FB706459CD_venue', 'nld', 'Bolzano/Bozen'),
('499783AA7CF34A0F86EC63FB706459CD_venue', 'pol', 'Bolzano/Bozen'),
('499783AA7CF34A0F86EC63FB706459CD_venue', 'rus', 'Больцано/Bozen'),
('39B9AFB528A0483E98BFDACE69AE43CD_venue', 'ces', 'Klausen/Chiusa'),
('39B9AFB528A0483E98BFDACE69AE43CD_venue', 'deu', 'Klausen'),
('39B9AFB528A0483E98BFDACE69AE43CD_venue', 'eng', 'Chiusa/Klausen'),
('39B9AFB528A0483E98BFDACE69AE43CD_venue', 'fra', 'Chiusa/Klausen'),
('39B9AFB528A0483E98BFDACE69AE43CD_venue', 'ita', 'Chiusa'),
('39B9AFB528A0483E98BFDACE69AE43CD_venue', 'nld', 'Chiusa/Klausen'),
('39B9AFB528A0483E98BFDACE69AE43CD_venue', 'pol', 'Chiusa/Klausen'),
('39B9AFB528A0483E98BFDACE69AE43CD_venue', 'rus', 'Кьюза/Klausen'),
('049E5F0AA3304BFCB42445C464952ACF_venue', 'ces', 'Seiser Alm/Alpe di Siusi'),
('049E5F0AA3304BFCB42445C464952ACF_venue', 'deu', 'Seiser Alm'),
('049E5F0AA3304BFCB42445C464952ACF_venue', 'eng', 'Alpe di Siusi/Seiser Alm'),
('049E5F0AA3304BFCB42445C464952ACF_venue', 'fra', 'Alpe di Siusi (Seiser Alm)'),
('049E5F0AA3304BFCB42445C464952ACF_venue', 'ita', 'Alpe di Siusi'),
('049E5F0AA3304BFCB42445C464952ACF_venue', 'nld', 'Alpe di Siusi/Seiser Alm'),
('049E5F0AA3304BFCB42445C464952ACF_venue', 'pol', 'Alpe di Siusi/Seiser Alm'),
('049E5F0AA3304BFCB42445C464952ACF_venue', 'rus', 'Альпе-ди-Сьюзи/Seiser Alm'),
('40ADDFB1A5104A5A89EB123BF7A34CF5_venue', 'ces', 'Klausen/Chiusa'),
('40ADDFB1A5104A5A89EB123BF7A34CF5_venue', 'deu', 'Klausen'),
('40ADDFB1A5104A5A89EB123BF7A34CF5_venue', 'eng', 'Chiusa/Klausen'),
('40ADDFB1A5104A5A89EB123BF7A34CF5_venue', 'fra', 'Chiusa/Klausen'),
('40ADDFB1A5104A5A89EB123BF7A34CF5_venue', 'ita', 'Chiusa'),
('40ADDFB1A5104A5A89EB123BF7A34CF5_venue', 'nld', 'Chiusa/Klausen'),
('40ADDFB1A5104A5A89EB123BF7A34CF5_venue', 'pol', 'Chiusa/Klausen'),
('40ADDFB1A5104A5A89EB123BF7A34CF5_venue', 'rus', 'Кьюза/Klausen'),
('0DC1CF556A5C42B6A21451A2142484DF_venue', 'ces', 'Bruneck/Brunico a okolí'),
('0DC1CF556A5C42B6A21451A2142484DF_venue', 'deu', 'Bruneck'),
('0DC1CF556A5C42B6A21451A2142484DF_venue', 'eng', 'Bruneck/Brunico and environs'),
('0DC1CF556A5C42B6A21451A2142484DF_venue', 'fra', 'Bruneck/Brunico et environs'),
('0DC1CF556A5C42B6A21451A2142484DF_venue', 'ita', 'Brunico'),
('0DC1CF556A5C42B6A21451A2142484DF_venue', 'nld', 'Bruneck/Brunico en omgeving'),
('0DC1CF556A5C42B6A21451A2142484DF_venue', 'pol', 'Bruneck/Brunico i okolice'),
('0DC1CF556A5C42B6A21451A2142484DF_venue', 'rus', 'Брунек/Brunico и окрестности'),
('9EE43BFB7DE841018148FEB5ED31B537_venue', 'ces', 'Bruneck/Brunico a okolí'),
('9EE43BFB7DE841018148FEB5ED31B537_venue', 'deu', 'Bruneck'),
('9EE43BFB7DE841018148FEB5ED31B537_venue', 'eng', 'Bruneck/Brunico and environs'),
('9EE43BFB7DE841018148FEB5ED31B537_venue', 'fra', 'Bruneck/Brunico et environs'),
('9EE43BFB7DE841018148FEB5ED31B537_venue', 'ita', 'Brunico'),
('9EE43BFB7DE841018148FEB5ED31B537_venue', 'nld', 'Bruneck/Brunico en omgeving'),
('9EE43BFB7DE841018148FEB5ED31B537_venue', 'pol', 'Bruneck/Brunico i okolice'),
('9EE43BFB7DE841018148FEB5ED31B537_venue', 'rus', 'Брунек/Brunico и окрестности'),
('D5ED433CF94F40B9ACC797592C90BC98_venue', 'ces', 'Ritten/Renon'),
('D5ED433CF94F40B9ACC797592C90BC98_venue', 'deu', 'Ritten'),
('D5ED433CF94F40B9ACC797592C90BC98_venue', 'eng', 'Renon/Ritten'),
('D5ED433CF94F40B9ACC797592C90BC98_venue', 'fra', 'Renon/Ritten'),
('D5ED433CF94F40B9ACC797592C90BC98_venue', 'ita', 'Renon'),
('D5ED433CF94F40B9ACC797592C90BC98_venue', 'nld', 'Renon/Ritten'),
('D5ED433CF94F40B9ACC797592C90BC98_venue', 'pol', 'Renon/Ritten'),
('D5ED433CF94F40B9ACC797592C90BC98_venue', 'rus', 'Ренон/Ritten'),
('82DAD121ED1F44E0884A688B87104885_venue', 'ces', 'Rasen/Rasun v Antholzertalu/Valle di Anterselva'),
('82DAD121ED1F44E0884A688B87104885_venue', 'deu', 'Antholzertal'),
('82DAD121ED1F44E0884A688B87104885_venue', 'eng', 'Rasun/Rasen in Valle di Anterselva/Antholzertal'),
('82DAD121ED1F44E0884A688B87104885_venue', 'fra', 'Rasun/Rasen en Valle di Anterselva/Antholzertal'),
('82DAD121ED1F44E0884A688B87104885_venue', 'ita', 'Rasun in Valle di Anterselva'),
('82DAD121ED1F44E0884A688B87104885_venue', 'nld', 'Rasun/Rasen in Valle di Anterselva/Antholzertal'),
('82DAD121ED1F44E0884A688B87104885_venue', 'pol', 'Rasun/Rasen w Valle di Anterselva/Antholzertal'),
('82DAD121ED1F44E0884A688B87104885_venue', 'rus', 'Разун/Rasen в Валле ди Антерсельва/Antholzertal'),
('7F818118F58B4503904CE8F5A1C3394F_venue', 'ces', 'Bruneck/Brunico'),
('7F818118F58B4503904CE8F5A1C3394F_venue', 'deu', 'Bruneck'),
('7F818118F58B4503904CE8F5A1C3394F_venue', 'eng', 'Brunico/Bruneck'),
('7F818118F58B4503904CE8F5A1C3394F_venue', 'fra', 'Brunico/Bruneck'),
('7F818118F58B4503904CE8F5A1C3394F_venue', 'ita', 'Brunico'),
('7F818118F58B4503904CE8F5A1C3394F_venue', 'nld', 'Brunico/Bruneck'),
('7F818118F58B4503904CE8F5A1C3394F_venue', 'pol', 'Brunico/Bruneck'),
('7F818118F58B4503904CE8F5A1C3394F_venue', 'rus', 'Брунико/Bruneck'),
('36AA39BAF87C4DBE9CF973238A974220_venue', 'ces', 'Partschins - Rabland - Töll/Parcines - Rablà – Tel'),
('36AA39BAF87C4DBE9CF973238A974220_venue', 'deu', 'Partschins - Rabland - Töll'),
('36AA39BAF87C4DBE9CF973238A974220_venue', 'eng', 'Parcines - Rablà – Tel/Partschins - Rabland - Töll'),
('36AA39BAF87C4DBE9CF973238A974220_venue', 'fra', 'Parcines/Partschins'),
('36AA39BAF87C4DBE9CF973238A974220_venue', 'ita', 'Parcines - Rablà - Tel'),
('36AA39BAF87C4DBE9CF973238A974220_venue', 'nld', 'Parcines - Rablà – Tel/Partschins - Rabland - Töll'),
('36AA39BAF87C4DBE9CF973238A974220_venue', 'pol', 'Parcines - Rablà – Tel/Partschins - Rabland - Töll'),
('36AA39BAF87C4DBE9CF973238A974220_venue', 'rus', 'Парчинес - Рабле - Теле/Partschins - Rabland - Töll'),
('A5572B2CF74941C789F3F4E139FB9C0E_venue', 'ces', 'Tramin an der Weinstraße/Termeno sulla Strada del Vino'),
('A5572B2CF74941C789F3F4E139FB9C0E_venue', 'deu', 'Tramin an der Weinstraße'),
('A5572B2CF74941C789F3F4E139FB9C0E_venue', 'eng', 'Termeno sulla Strada del Vino/Tramin an der Weinstraße'),
('A5572B2CF74941C789F3F4E139FB9C0E_venue', 'fra', 'Termeno sulla Strada del Vino/Tramin an der Weinstraße'),
('A5572B2CF74941C789F3F4E139FB9C0E_venue', 'ita', 'Termeno sulla Strada del Vino'),
('A5572B2CF74941C789F3F4E139FB9C0E_venue', 'nld', 'Termeno sulla strada del vino/Tramin an der Weinstraße'),
('A5572B2CF74941C789F3F4E139FB9C0E_venue', 'pol', 'Termeno sulla Strada del Vino/Tramin an der Weinstraße'),
('A5572B2CF74941C789F3F4E139FB9C0E_venue', 'rus', 'Термено-сулла-Страда-дель-Вино'),
('4504DB9D28C84D8584856DF340C2037B_venue', 'ces', 'Bozen/Bolzano'),
('4504DB9D28C84D8584856DF340C2037B_venue', 'deu', 'Bozen'),
('4504DB9D28C84D8584856DF340C2037B_venue', 'eng', 'Bolzano/Bozen'),
('4504DB9D28C84D8584856DF340C2037B_venue', 'fra', 'Bolzano/Bozen'),
('4504DB9D28C84D8584856DF340C2037B_venue', 'ita', 'Bolzano'),
('4504DB9D28C84D8584856DF340C2037B_venue', 'nld', 'Bolzano/Bozen'),
('4504DB9D28C84D8584856DF340C2037B_venue', 'pol', 'Bolzano/Bozen'),
('4504DB9D28C84D8584856DF340C2037B_venue', 'rus', 'Больцано/Bozen'),
('37A37707FBEB4F258B32E94885503D14_venue', 'ces', 'Niederdorf/Villabassa'),
('37A37707FBEB4F258B32E94885503D14_venue', 'deu', 'Niederdorf'),
('37A37707FBEB4F258B32E94885503D14_venue', 'eng', 'Niederdorf/Villabassa'),
('37A37707FBEB4F258B32E94885503D14_venue', 'fra', 'Niederdorf/Villabassa'),
('37A37707FBEB4F258B32E94885503D14_venue', 'ita', 'Villabassa'),
('37A37707FBEB4F258B32E94885503D14_venue', 'nld', 'Niederdorf/Villabassa'),
('37A37707FBEB4F258B32E94885503D14_venue', 'pol', 'Niederdorf/Villabassa'),
('37A37707FBEB4F258B32E94885503D14_venue', 'rus', 'Нидердорф/Villabassa'),
('D368218BBEC44A4899D591EB8C1F4B2E_venue', 'ces', 'Niederdorf/Villabassa'),
('D368218BBEC44A4899D591EB8C1F4B2E_venue', 'deu', 'Niederdorf'),
('D368218BBEC44A4899D591EB8C1F4B2E_venue', 'eng', 'Niederdorf/Villabassa'),
('D368218BBEC44A4899D591EB8C1F4B2E_venue', 'fra', 'Niederdorf/Villabassa'),
('D368218BBEC44A4899D591EB8C1F4B2E_venue', 'ita', 'Villabassa'),
('D368218BBEC44A4899D591EB8C1F4B2E_venue', 'nld', 'Niederdorf/Villabassa'),
('D368218BBEC44A4899D591EB8C1F4B2E_venue', 'pol', 'Niederdorf/Villabassa'),
('D368218BBEC44A4899D591EB8C1F4B2E_venue', 'rus', 'Нидердорф/Villabassa'),
('52022A2764A14DACBE110F9DBBFDF652_venue', 'ces', 'Niederdorf/Villabassa'),
('52022A2764A14DACBE110F9DBBFDF652_venue', 'deu', 'Niederdorf'),
('52022A2764A14DACBE110F9DBBFDF652_venue', 'eng', 'Niederdorf/Villabassa'),
('52022A2764A14DACBE110F9DBBFDF652_venue', 'fra', 'Niederdorf/Villabassa'),
('52022A2764A14DACBE110F9DBBFDF652_venue', 'ita', 'Villabassa'),
('52022A2764A14DACBE110F9DBBFDF652_venue', 'nld', 'Niederdorf/Villabassa'),
('52022A2764A14DACBE110F9DBBFDF652_venue', 'pol', 'Niederdorf/Villabassa'),
('52022A2764A14DACBE110F9DBBFDF652_venue', 'rus', 'Нидердорф/Villabassa'),
('F1F2807F4E6F42DE9931510237C7C948_venue', 'ces', 'Ritten/Renon'),
('F1F2807F4E6F42DE9931510237C7C948_venue', 'deu', 'Ritten'),
('F1F2807F4E6F42DE9931510237C7C948_venue', 'eng', 'Renon/Ritten'),
('F1F2807F4E6F42DE9931510237C7C948_venue', 'fra', 'Renon/Ritten'),
('F1F2807F4E6F42DE9931510237C7C948_venue', 'ita', 'Renon'),
('F1F2807F4E6F42DE9931510237C7C948_venue', 'nld', 'Renon/Ritten'),
('F1F2807F4E6F42DE9931510237C7C948_venue', 'pol', 'Renon/Ritten'),
('F1F2807F4E6F42DE9931510237C7C948_venue', 'rus', 'Ренон/Ritten'),
('0A0A0BAA2BA0458AA81F14F4D4FB61D0_venue', 'ces', 'Klausen/Chiusa'),
('0A0A0BAA2BA0458AA81F14F4D4FB61D0_venue', 'deu', 'Klausen'),
('0A0A0BAA2BA0458AA81F14F4D4FB61D0_venue', 'eng', 'Chiusa/Klausen'),
('0A0A0BAA2BA0458AA81F14F4D4FB61D0_venue', 'fra', 'Chiusa/Klausen'),
('0A0A0BAA2BA0458AA81F14F4D4FB61D0_venue', 'ita', 'Chiusa'),
('0A0A0BAA2BA0458AA81F14F4D4FB61D0_venue', 'nld', 'Chiusa/Klausen'),
('0A0A0BAA2BA0458AA81F14F4D4FB61D0_venue', 'pol', 'Chiusa/Klausen'),
('0A0A0BAA2BA0458AA81F14F4D4FB61D0_venue', 'rus', 'Кьюза/Klausen'),
('AAB92129C6844065BB7B4A82A2F4F2DA_venue', 'ces', 'Klausen/Chiusa'),
('AAB92129C6844065BB7B4A82A2F4F2DA_venue', 'deu', 'Klausen'),
('AAB92129C6844065BB7B4A82A2F4F2DA_venue', 'eng', 'Chiusa/Klausen'),
('AAB92129C6844065BB7B4A82A2F4F2DA_venue', 'fra', 'Chiusa/Klausen'),
('AAB92129C6844065BB7B4A82A2F4F2DA_venue', 'ita', 'Chiusa'),
('AAB92129C6844065BB7B4A82A2F4F2DA_venue', 'nld', 'Chiusa/Klausen'),
('AAB92129C6844065BB7B4A82A2F4F2DA_venue', 'pol', 'Chiusa/Klausen'),
('AAB92129C6844065BB7B4A82A2F4F2DA_venue', 'rus', 'Кьюза/Klausen'),
('60C1E3AC92E1429988D4DEED4BEB7393_venue', 'ces', 'Pragser Tal/Valle di Braies'),
('60C1E3AC92E1429988D4DEED4BEB7393_venue', 'deu', 'Pragser Tal'),
('60C1E3AC92E1429988D4DEED4BEB7393_venue', 'eng', 'Valle di Braies/Pragser Tal'),
('60C1E3AC92E1429988D4DEED4BEB7393_venue', 'fra', 'Valle di Braies/Pragser Tal'),
('60C1E3AC92E1429988D4DEED4BEB7393_venue', 'ita', 'Valle di Braies'),
('60C1E3AC92E1429988D4DEED4BEB7393_venue', 'nld', 'Valle di Braies/Pragser Tal'),
('60C1E3AC92E1429988D4DEED4BEB7393_venue', 'pol', 'Braies / Pragser Tal'),
('60C1E3AC92E1429988D4DEED4BEB7393_venue', 'rus', 'Валле ди Брайес/Pragser Tal'),
('25CE3C696D104E09A29A8CD00AB30B4D_venue', 'ces', 'Leifers/Laives'),
('25CE3C696D104E09A29A8CD00AB30B4D_venue', 'deu', 'Leifers'),
('25CE3C696D104E09A29A8CD00AB30B4D_venue', 'eng', 'Laives/Leifers'),
('25CE3C696D104E09A29A8CD00AB30B4D_venue', 'fra', 'Laives/Leifers'),
('25CE3C696D104E09A29A8CD00AB30B4D_venue', 'ita', 'Laives'),
('25CE3C696D104E09A29A8CD00AB30B4D_venue', 'nld', 'Laives/Leifers'),
('25CE3C696D104E09A29A8CD00AB30B4D_venue', 'pol', 'Laives/Leifers'),
('25CE3C696D104E09A29A8CD00AB30B4D_venue', 'rus', 'Лайвес/Leifers'),
('47FD17D2DE264AAEBF6E44B3C32D1367_venue', 'ces', 'Dolomites San Vigilio - San Martin'),
('47FD17D2DE264AAEBF6E44B3C32D1367_venue', 'deu', 'Dolomites San Vigilio - San Martin'),
('47FD17D2DE264AAEBF6E44B3C32D1367_venue', 'eng', 'Dolomites San Vigilio - San Martin'),
('47FD17D2DE264AAEBF6E44B3C32D1367_venue', 'fra', 'Dolomites San Vigilio - San Martin'),
('47FD17D2DE264AAEBF6E44B3C32D1367_venue', 'ita', 'Dolomites San Vigilio - San Martin'),
('47FD17D2DE264AAEBF6E44B3C32D1367_venue', 'nld', 'Dolomites San Vigilio - San Martin'),
('47FD17D2DE264AAEBF6E44B3C32D1367_venue', 'pol', 'Dolomites San Vigilio - San Martin'),
('47FD17D2DE264AAEBF6E44B3C32D1367_venue', 'rus', 'Dolomites Сан-Виджилио-Сан-Мартино'),
('BFF16EC65D344F66BC1AB47D20347D74_venue', 'ces', 'Meran/Merano'),
('BFF16EC65D344F66BC1AB47D20347D74_venue', 'deu', 'Meran'),
('BFF16EC65D344F66BC1AB47D20347D74_venue', 'eng', 'Meran/Merano'),
('BFF16EC65D344F66BC1AB47D20347D74_venue', 'fra', 'Meran/Merano'),
('BFF16EC65D344F66BC1AB47D20347D74_venue', 'ita', 'Merano'),
('BFF16EC65D344F66BC1AB47D20347D74_venue', 'nld', 'Meran/Merano'),
('BFF16EC65D344F66BC1AB47D20347D74_venue', 'pol', 'Meran/Merano'),
('BFF16EC65D344F66BC1AB47D20347D74_venue', 'rus', 'Меран/Merano'),
('75199C9977B846F2BAAF84727FFC8242_venue', 'ces', 'Dolomites San Vigilio - San Martin'),
('75199C9977B846F2BAAF84727FFC8242_venue', 'deu', 'Dolomites San Vigilio - San Martin'),
('75199C9977B846F2BAAF84727FFC8242_venue', 'eng', 'Dolomites San Vigilio - San Martin'),
('75199C9977B846F2BAAF84727FFC8242_venue', 'fra', 'Dolomites San Vigilio - San Martin'),
('75199C9977B846F2BAAF84727FFC8242_venue', 'ita', 'Dolomites San Vigilio - San Martin'),
('75199C9977B846F2BAAF84727FFC8242_venue', 'nld', 'Dolomites San Vigilio - San Martin'),
('75199C9977B846F2BAAF84727FFC8242_venue', 'pol', 'Dolomites San Vigilio - San Martin'),
('75199C9977B846F2BAAF84727FFC8242_venue', 'rus', 'Dolomites Сан-Виджилио-Сан-Мартино'),
('BD65BB8CC6744C309B77C2EE3A02440E_venue', 'ces', 'Klausen/Chiusa'),
('BD65BB8CC6744C309B77C2EE3A02440E_venue', 'deu', 'Klausen'),
('BD65BB8CC6744C309B77C2EE3A02440E_venue', 'eng', 'Chiusa/Klausen'),
('BD65BB8CC6744C309B77C2EE3A02440E_venue', 'fra', 'Chiusa/Klausen'),
('BD65BB8CC6744C309B77C2EE3A02440E_venue', 'ita', 'Chiusa'),
('BD65BB8CC6744C309B77C2EE3A02440E_venue', 'nld', 'Chiusa/Klausen'),
('BD65BB8CC6744C309B77C2EE3A02440E_venue', 'pol', 'Chiusa/Klausen'),
('BD65BB8CC6744C309B77C2EE3A02440E_venue', 'rus', 'Кьюза/Klausen'),
('26055F0E32CE4D5BACF1AE4092385C23_venue', 'ces', 'Klausen/Chiusa'),
('26055F0E32CE4D5BACF1AE4092385C23_venue', 'deu', 'Klausen'),
('26055F0E32CE4D5BACF1AE4092385C23_venue', 'eng', 'Chiusa/Klausen'),
('26055F0E32CE4D5BACF1AE4092385C23_venue', 'fra', 'Chiusa/Klausen'),
('26055F0E32CE4D5BACF1AE4092385C23_venue', 'ita', 'Chiusa'),
('26055F0E32CE4D5BACF1AE4092385C23_venue', 'nld', 'Chiusa/Klausen'),
('26055F0E32CE4D5BACF1AE4092385C23_venue', 'pol', 'Chiusa/Klausen'),
('26055F0E32CE4D5BACF1AE4092385C23_venue', 'rus', 'Кьюза/Klausen'),
('98ACF86788904DD19E36408BDA8565CE_venue', 'ces', 'Deutschnofen/Nova Ponente'),
('98ACF86788904DD19E36408BDA8565CE_venue', 'deu', 'Deutschnofen'),
('98ACF86788904DD19E36408BDA8565CE_venue', 'eng', 'Nova Ponente/Deutschnofen'),
('98ACF86788904DD19E36408BDA8565CE_venue', 'fra', 'Nova Ponente/Deutschnofen'),
('98ACF86788904DD19E36408BDA8565CE_venue', 'ita', 'Nova Ponente'),
('98ACF86788904DD19E36408BDA8565CE_venue', 'nld', 'Nova Ponente/Deutschnofen'),
('98ACF86788904DD19E36408BDA8565CE_venue', 'pol', 'Nova Ponente/Deutschnofen'),
('98ACF86788904DD19E36408BDA8565CE_venue', 'rus', 'Нова-Поненте/Deutschnofen'),
('0CE668469A1445A58A658607B9D6C92E_venue', 'ces', 'Antholzertal/Valle Anterselva'),
('0CE668469A1445A58A658607B9D6C92E_venue', 'deu', 'Antholzertal'),
('0CE668469A1445A58A658607B9D6C92E_venue', 'eng', 'Antholzertal/Valle Anterselva'),
('0CE668469A1445A58A658607B9D6C92E_venue', 'fra', 'Antholzertal/Valle Anterselva'),
('0CE668469A1445A58A658607B9D6C92E_venue', 'ita', 'Rasun in Valle di Anterselva'),
('0CE668469A1445A58A658607B9D6C92E_venue', 'nld', 'Antholzertal/Valle Anterselva'),
('0CE668469A1445A58A658607B9D6C92E_venue', 'pol', 'Antholzertal/Valle Anterselva'),
('0CE668469A1445A58A658607B9D6C92E_venue', 'rus', 'Антхольцерталь/Rasen in Valle di Anterselva'),
('41A78ED159624AFD803418A89E95E388_venue', 'ces', 'Innichen/San Candido'),
('41A78ED159624AFD803418A89E95E388_venue', 'deu', 'Innichen'),
('41A78ED159624AFD803418A89E95E388_venue', 'eng', 'San Candido/Innichen'),
('41A78ED159624AFD803418A89E95E388_venue', 'fra', 'San Candido/Innichen'),
('41A78ED159624AFD803418A89E95E388_venue', 'ita', 'San Candido'),
('41A78ED159624AFD803418A89E95E388_venue', 'nld', 'San Candido/Innichen'),
('41A78ED159624AFD803418A89E95E388_venue', 'pol', 'San Candido/Innichen'),
('41A78ED159624AFD803418A89E95E388_venue', 'rus', 'Сан-Кандидо/Innichen'),
('4CF166956D8A49938CA84B06C77C878E_venue', 'ces', 'Hafling/Avelengo - Vöran/Verano - Meran 2000'),
('4CF166956D8A49938CA84B06C77C878E_venue', 'deu', 'Hafling - Vöran - Meran 2000'),
('4CF166956D8A49938CA84B06C77C878E_venue', 'eng', 'Avelengo - Verano - Merano 2000/Hafling - Vöran - Meran 2000'),
('4CF166956D8A49938CA84B06C77C878E_venue', 'fra', 'Avelengo - Verano - Merano 2000/Hafling - Vöran - Meran 2000'),
('4CF166956D8A49938CA84B06C77C878E_venue', 'ita', 'Avelengo - Verano - Merano 2000'),
('4CF166956D8A49938CA84B06C77C878E_venue', 'nld', 'Avelengo/Hafling - Verano/Vöran - Merano 2000'),
('4CF166956D8A49938CA84B06C77C878E_venue', 'pol', 'Avelengo - Verano - Merano 2000/Hafling - Vöran - Meran 2000'),
('4CF166956D8A49938CA84B06C77C878E_venue', 'rus', 'Авеленго – Верано – Мерано 2000/Hafling – Vöran – Merano 2000'),
('991A294AF8334FF98B44462F2078D6E6_venue', 'ces', 'Latsch/Laces - Martelltal/Val Martello'),
('991A294AF8334FF98B44462F2078D6E6_venue', 'deu', 'Latsch - Martelltal'),
('991A294AF8334FF98B44462F2078D6E6_venue', 'eng', 'Laces/Latsch - Val Martello/Martelltal'),
('991A294AF8334FF98B44462F2078D6E6_venue', 'fra', 'Laces/Latsch'),
('991A294AF8334FF98B44462F2078D6E6_venue', 'ita', 'Laces - Val Martello'),
('991A294AF8334FF98B44462F2078D6E6_venue', 'nld', 'Laces/Latsch - Val Martello/Martelltal'),
('991A294AF8334FF98B44462F2078D6E6_venue', 'pol', 'Laces/Latsch - Val Martello/Martelltal'),
('991A294AF8334FF98B44462F2078D6E6_venue', 'rus', 'Лачес/Latsch'),
('A9DDAF00E3394ADD8C13B8650C16793E_venue', 'ces', 'Latsch/Laces - Martelltal/Val Martello'),
('A9DDAF00E3394ADD8C13B8650C16793E_venue', 'deu', 'Latsch - Martelltal'),
('A9DDAF00E3394ADD8C13B8650C16793E_venue', 'eng', 'Laces/Latsch - Val Martello/Martelltal'),
('A9DDAF00E3394ADD8C13B8650C16793E_venue', 'fra', 'Laces/Latsch - Val Martello/Martelltal'),
('A9DDAF00E3394ADD8C13B8650C16793E_venue', 'ita', 'Laces - Val Martello'),
('A9DDAF00E3394ADD8C13B8650C16793E_venue', 'nld', 'Laces/Latsch - Val Martello/Martelltal'),
('A9DDAF00E3394ADD8C13B8650C16793E_venue', 'pol', 'Laces/Latsch - Val Martello/Martelltal'),
('A9DDAF00E3394ADD8C13B8650C16793E_venue', 'rus', 'Лачес/Latsch'),
('D53723B3C6D84CFE8708F534816795DF_venue', 'ces', 'Naturns / Naturno'),
('D53723B3C6D84CFE8708F534816795DF_venue', 'deu', 'Naturns'),
('D53723B3C6D84CFE8708F534816795DF_venue', 'eng', 'Naturno / Naturns'),
('D53723B3C6D84CFE8708F534816795DF_venue', 'fra', 'Naturno / Naturns'),
('D53723B3C6D84CFE8708F534816795DF_venue', 'ita', 'Naturno'),
('D53723B3C6D84CFE8708F534816795DF_venue', 'nld', 'Naturno / Naturns'),
('D53723B3C6D84CFE8708F534816795DF_venue', 'pol', 'Naturno / Naturns'),
('D53723B3C6D84CFE8708F534816795DF_venue', 'rus', 'Naturno / Naturns'),
('A7B108835D774A32A2C558E4F4B6CF54_venue', 'ces', 'Naturns / Naturno'),
('A7B108835D774A32A2C558E4F4B6CF54_venue', 'deu', 'Naturns'),
('A7B108835D774A32A2C558E4F4B6CF54_venue', 'eng', 'Naturno / Naturns'),
('A7B108835D774A32A2C558E4F4B6CF54_venue', 'fra', 'Naturno / Naturns'),
('A7B108835D774A32A2C558E4F4B6CF54_venue', 'ita', 'Naturno'),
('A7B108835D774A32A2C558E4F4B6CF54_venue', 'nld', 'Naturno / Naturns'),
('A7B108835D774A32A2C558E4F4B6CF54_venue', 'pol', 'Naturno / Naturns'),
('A7B108835D774A32A2C558E4F4B6CF54_venue', 'rus', 'Naturno / Naturns'),
('D6AB0CD4E2514345B260CF2948939036_venue', 'ces', 'Naturns / Naturno'),
('D6AB0CD4E2514345B260CF2948939036_venue', 'deu', 'Naturns'),
('D6AB0CD4E2514345B260CF2948939036_venue', 'eng', 'Naturno / Naturns'),
('D6AB0CD4E2514345B260CF2948939036_venue', 'fra', 'Naturno / Naturns'),
('D6AB0CD4E2514345B260CF2948939036_venue', 'ita', 'Naturno'),
('D6AB0CD4E2514345B260CF2948939036_venue', 'nld', 'Naturno / Naturns'),
('D6AB0CD4E2514345B260CF2948939036_venue', 'pol', 'Naturno / Naturns'),
('D6AB0CD4E2514345B260CF2948939036_venue', 'rus', 'Naturno / Naturns'),
('53F39C768F28421DA420A1A8F1D092B8_venue', 'ces', 'Naturns / Naturno'),
('53F39C768F28421DA420A1A8F1D092B8_venue', 'deu', 'Naturns'),
('53F39C768F28421DA420A1A8F1D092B8_venue', 'eng', 'Naturno / Naturns'),
('53F39C768F28421DA420A1A8F1D092B8_venue', 'fra', 'Naturno / Naturns'),
('53F39C768F28421DA420A1A8F1D092B8_venue', 'ita', 'Naturno'),
('53F39C768F28421DA420A1A8F1D092B8_venue', 'nld', 'Naturno / Naturns'),
('53F39C768F28421DA420A1A8F1D092B8_venue', 'pol', 'Naturno / Naturns'),
('53F39C768F28421DA420A1A8F1D092B8_venue', 'rus', 'Naturno / Naturns'),
('2BA8BA8260084B6198FF083AB689859D_venue', 'ces', 'Naturns/Naturno'),
('2BA8BA8260084B6198FF083AB689859D_venue', 'deu', 'Naturns'),
('2BA8BA8260084B6198FF083AB689859D_venue', 'eng', 'Naturno/Naturns'),
('2BA8BA8260084B6198FF083AB689859D_venue', 'fra', 'Naturno/Naturns'),
('2BA8BA8260084B6198FF083AB689859D_venue', 'ita', 'Naturno'),
('2BA8BA8260084B6198FF083AB689859D_venue', 'nld', 'Naturno/Naturns'),
('2BA8BA8260084B6198FF083AB689859D_venue', 'pol', 'Naturno/Naturns'),
('2BA8BA8260084B6198FF083AB689859D_venue', 'rus', 'Натурно/Naturns'),
('C8EEE7ADAA66425E84103524A64A9EAF_venue', 'ces', 'Naturns / Naturno'),
('C8EEE7ADAA66425E84103524A64A9EAF_venue', 'deu', 'Naturns'),
('C8EEE7ADAA66425E84103524A64A9EAF_venue', 'eng', 'Naturno / Naturns'),
('C8EEE7ADAA66425E84103524A64A9EAF_venue', 'fra', 'Naturno / Naturns'),
('C8EEE7ADAA66425E84103524A64A9EAF_venue', 'ita', 'Naturno'),
('C8EEE7ADAA66425E84103524A64A9EAF_venue', 'nld', 'Naturno / Naturns'),
('C8EEE7ADAA66425E84103524A64A9EAF_venue', 'pol', 'Naturno / Naturns'),
('C8EEE7ADAA66425E84103524A64A9EAF_venue', 'rus', 'Naturno / Naturns'),
('757944A711854B49A8EFB53633C6E313_venue', 'ces', 'Naturns / Naturno'),
('757944A711854B49A8EFB53633C6E313_venue', 'deu', 'Naturns'),
('757944A711854B49A8EFB53633C6E313_venue', 'eng', 'Naturno / Naturns'),
('757944A711854B49A8EFB53633C6E313_venue', 'fra', 'Naturno / Naturns'),
('757944A711854B49A8EFB53633C6E313_venue', 'ita', 'Naturno'),
('757944A711854B49A8EFB53633C6E313_venue', 'nld', 'Naturno / Naturns'),
('757944A711854B49A8EFB53633C6E313_venue', 'pol', 'Naturno / Naturns'),
('757944A711854B49A8EFB53633C6E313_venue', 'rus', 'Naturno / Naturns'),
('8FA372564C5043A5B19AC2B0F4BE3C87_venue', 'ces', 'Naturns/Naturno'),
('8FA372564C5043A5B19AC2B0F4BE3C87_venue', 'deu', 'Naturns'),
('8FA372564C5043A5B19AC2B0F4BE3C87_venue', 'eng', 'Naturno/Naturns'),
('8FA372564C5043A5B19AC2B0F4BE3C87_venue', 'fra', 'Naturno/Naturns'),
('8FA372564C5043A5B19AC2B0F4BE3C87_venue', 'ita', 'Naturno'),
('8FA372564C5043A5B19AC2B0F4BE3C87_venue', 'nld', 'Naturno/Naturns'),
('8FA372564C5043A5B19AC2B0F4BE3C87_venue', 'pol', 'Naturno/Naturns'),
('8FA372564C5043A5B19AC2B0F4BE3C87_venue', 'rus', 'Натурно/Naturns'),
('AB752E976A364BFFA37ED3AB1F130E1A_venue', 'ces', 'Naturns / Naturno'),
('AB752E976A364BFFA37ED3AB1F130E1A_venue', 'deu', 'Naturns'),
('AB752E976A364BFFA37ED3AB1F130E1A_venue', 'eng', 'Naturno / Naturns'),
('AB752E976A364BFFA37ED3AB1F130E1A_venue', 'fra', 'Naturno / Naturns'),
('AB752E976A364BFFA37ED3AB1F130E1A_venue', 'ita', 'Naturno'),
('AB752E976A364BFFA37ED3AB1F130E1A_venue', 'nld', 'Naturno / Naturns'),
('AB752E976A364BFFA37ED3AB1F130E1A_venue', 'pol', 'Naturno / Naturns'),
('AB752E976A364BFFA37ED3AB1F130E1A_venue', 'rus', 'Naturno / Naturns'),
('DE51CC0C0C954A0ABF2ED37C9CD4E389_venue', 'ces', 'Naturns / Naturno'),
('DE51CC0C0C954A0ABF2ED37C9CD4E389_venue', 'deu', 'Naturns'),
('DE51CC0C0C954A0ABF2ED37C9CD4E389_venue', 'eng', 'Naturno / Naturns'),
('DE51CC0C0C954A0ABF2ED37C9CD4E389_venue', 'fra', 'Naturno / Naturns'),
('DE51CC0C0C954A0ABF2ED37C9CD4E389_venue', 'ita', 'Naturno'),
('DE51CC0C0C954A0ABF2ED37C9CD4E389_venue', 'nld', 'Naturno / Naturns'),
('DE51CC0C0C954A0ABF2ED37C9CD4E389_venue', 'pol', 'Naturno / Naturns'),
('DE51CC0C0C954A0ABF2ED37C9CD4E389_venue', 'rus', 'Naturno / Naturns'),
('BABFEA5ADDCF41CEB3A3750B170024DF_venue', 'ces', 'Naturns/Naturno'),
('BABFEA5ADDCF41CEB3A3750B170024DF_venue', 'deu', 'Naturns'),
('BABFEA5ADDCF41CEB3A3750B170024DF_venue', 'eng', 'Naturno/Naturns'),
('BABFEA5ADDCF41CEB3A3750B170024DF_venue', 'fra', 'Naturno/Naturns'),
('BABFEA5ADDCF41CEB3A3750B170024DF_venue', 'ita', 'Naturno'),
('BABFEA5ADDCF41CEB3A3750B170024DF_venue', 'nld', 'Naturno/Naturns'),
('BABFEA5ADDCF41CEB3A3750B170024DF_venue', 'pol', 'Naturno/Naturns'),
('BABFEA5ADDCF41CEB3A3750B170024DF_venue', 'rus', 'Натурно/Naturns'),
('D2EAC305F8C54F1AB77065DA19C2E763_venue', 'ces', 'Naturns / Naturno'),
('D2EAC305F8C54F1AB77065DA19C2E763_venue', 'deu', 'Naturns'),
('D2EAC305F8C54F1AB77065DA19C2E763_venue', 'eng', 'Naturno / Naturns'),
('D2EAC305F8C54F1AB77065DA19C2E763_venue', 'fra', 'Naturno / Naturns'),
('D2EAC305F8C54F1AB77065DA19C2E763_venue', 'ita', 'Naturno'),
('D2EAC305F8C54F1AB77065DA19C2E763_venue', 'nld', 'Naturno / Naturns'),
('D2EAC305F8C54F1AB77065DA19C2E763_venue', 'pol', 'Naturno / Naturns'),
('D2EAC305F8C54F1AB77065DA19C2E763_venue', 'rus', 'Naturno / Naturns'),
('2DA979F17AD841D8AA4176851EAB71A1_venue', 'ces', 'Naturns / Naturno'),
('2DA979F17AD841D8AA4176851EAB71A1_venue', 'deu', 'Naturns'),
('2DA979F17AD841D8AA4176851EAB71A1_venue', 'eng', 'Naturno / Naturns'),
('2DA979F17AD841D8AA4176851EAB71A1_venue', 'fra', 'Naturno / Naturns'),
('2DA979F17AD841D8AA4176851EAB71A1_venue', 'ita', 'Naturno'),
('2DA979F17AD841D8AA4176851EAB71A1_venue', 'nld', 'Naturno / Naturns'),
('2DA979F17AD841D8AA4176851EAB71A1_venue', 'pol', 'Naturno / Naturns'),
('2DA979F17AD841D8AA4176851EAB71A1_venue', 'rus', 'Naturno / Naturns'),
('A343F87203F64AF8930FC322232EB781_venue', 'ces', 'Brixen/Bressanone'),
('A343F87203F64AF8930FC322232EB781_venue', 'deu', 'Brixen'),
('A343F87203F64AF8930FC322232EB781_venue', 'eng', 'Bressanone/Brixen'),
('A343F87203F64AF8930FC322232EB781_venue', 'fra', 'Bressanone/Brixen'),
('A343F87203F64AF8930FC322232EB781_venue', 'ita', 'Bressanone'),
('A343F87203F64AF8930FC322232EB781_venue', 'nld', 'Bressanone/Brixen'),
('A343F87203F64AF8930FC322232EB781_venue', 'pol', 'Bressanone/Brixen'),
('A343F87203F64AF8930FC322232EB781_venue', 'rus', 'Брессаноне/Brixen'),
('256E7CD054EF499D951A4C8AD1365916_venue', 'ces', 'Mals/Malles '),
('256E7CD054EF499D951A4C8AD1365916_venue', 'deu', 'Obervinschgau'),
('256E7CD054EF499D951A4C8AD1365916_venue', 'eng', 'Malles/Mals '),
('256E7CD054EF499D951A4C8AD1365916_venue', 'fra', 'Malles/Mals '),
('256E7CD054EF499D951A4C8AD1365916_venue', 'ita', 'Malles '),
('256E7CD054EF499D951A4C8AD1365916_venue', 'nld', 'Malles/Mals '),
('256E7CD054EF499D951A4C8AD1365916_venue', 'pol', 'Malles/Mals '),
('256E7CD054EF499D951A4C8AD1365916_venue', 'rus', 'Маллес/Mals '),
('5771E303F5274496B46EAF8CB884CFF8_venue', 'ces', 'Schlanders/Silandro-Laas/Lasa'),
('5771E303F5274496B46EAF8CB884CFF8_venue', 'deu', 'Schlanders - Laas'),
('5771E303F5274496B46EAF8CB884CFF8_venue', 'eng', 'Schlanders/Silandro-Laas/Lasa'),
('5771E303F5274496B46EAF8CB884CFF8_venue', 'fra', 'Schlanders/Silandro-Laas/Lasa'),
('5771E303F5274496B46EAF8CB884CFF8_venue', 'ita', 'Silandro e Lasa'),
('5771E303F5274496B46EAF8CB884CFF8_venue', 'nld', 'Schlanders/Silandro-Laas/Lasa'),
('5771E303F5274496B46EAF8CB884CFF8_venue', 'pol', 'Schlanders/Silandro-Laas/Lasa'),
('5771E303F5274496B46EAF8CB884CFF8_venue', 'rus', 'Шландерс - Лаас/Silandro - Lasa'),
('7262A8A541024A95AF68119D7A185492_venue', 'ces', 'Letovisko oblast Ortleru/Ortles'),
('7262A8A541024A95AF68119D7A185492_venue', 'deu', 'Ferienregion Ortlergebiet'),
('7262A8A541024A95AF68119D7A185492_venue', 'eng', 'Ortles/Ortler Holiday Region'),
('7262A8A541024A95AF68119D7A185492_venue', 'fra', 'Région touristique de l''Ortles/Ortler'),
('7262A8A541024A95AF68119D7A185492_venue', 'ita', 'Area vacanze Ortles'),
('7262A8A541024A95AF68119D7A185492_venue', 'nld', 'Vakantieregio Ortles-/Ortlergebied'),
('7262A8A541024A95AF68119D7A185492_venue', 'pol', 'Region wypoczynkowy Ortles/Ortler'),
('7262A8A541024A95AF68119D7A185492_venue', 'rus', 'Туристический регион Ортлер (Ortler)'),
('E3CA7B9C82CD485EB0A3952DE58CE8EF_venue', 'ces', 'Mals/Malles '),
('E3CA7B9C82CD485EB0A3952DE58CE8EF_venue', 'deu', 'Obervinschgau'),
('E3CA7B9C82CD485EB0A3952DE58CE8EF_venue', 'eng', 'Malles/Mals '),
('E3CA7B9C82CD485EB0A3952DE58CE8EF_venue', 'fra', 'Malles/Mals '),
('E3CA7B9C82CD485EB0A3952DE58CE8EF_venue', 'ita', 'Malles '),
('E3CA7B9C82CD485EB0A3952DE58CE8EF_venue', 'nld', 'Malles/Mals '),
('E3CA7B9C82CD485EB0A3952DE58CE8EF_venue', 'pol', 'Malles/Mals '),
('E3CA7B9C82CD485EB0A3952DE58CE8EF_venue', 'rus', 'Маллес/Mals '),
('519ED83348524507A0705F2D78EECA4D_venue', 'ces', 'Meran/Merano'),
('519ED83348524507A0705F2D78EECA4D_venue', 'deu', 'Meran'),
('519ED83348524507A0705F2D78EECA4D_venue', 'eng', 'Meran/Merano'),
('519ED83348524507A0705F2D78EECA4D_venue', 'fra', 'Meran/Merano'),
('519ED83348524507A0705F2D78EECA4D_venue', 'ita', 'Merano'),
('519ED83348524507A0705F2D78EECA4D_venue', 'nld', 'Meran/Merano'),
('519ED83348524507A0705F2D78EECA4D_venue', 'pol', 'Meran/Merano'),
('519ED83348524507A0705F2D78EECA4D_venue', 'rus', 'Меран/Merano'),
('AED86EEC2DE04B51BCE05EF88655BE06_venue', 'ces', 'Meran/Merano'),
('AED86EEC2DE04B51BCE05EF88655BE06_venue', 'deu', 'Meran'),
('AED86EEC2DE04B51BCE05EF88655BE06_venue', 'eng', 'Meran/Merano'),
('AED86EEC2DE04B51BCE05EF88655BE06_venue', 'fra', 'Meran/Merano'),
('AED86EEC2DE04B51BCE05EF88655BE06_venue', 'ita', 'Merano'),
('AED86EEC2DE04B51BCE05EF88655BE06_venue', 'nld', 'Meran/Merano'),
('AED86EEC2DE04B51BCE05EF88655BE06_venue', 'pol', 'Meran/Merano'),
('AED86EEC2DE04B51BCE05EF88655BE06_venue', 'rus', 'Меран/Merano'),
('F30344CBA89F4FA3A203FEFCBC14DF23_venue', 'ces', 'Innichen/San Candido'),
('F30344CBA89F4FA3A203FEFCBC14DF23_venue', 'deu', 'Innichen'),
('F30344CBA89F4FA3A203FEFCBC14DF23_venue', 'eng', 'San Candido/Innichen'),
('F30344CBA89F4FA3A203FEFCBC14DF23_venue', 'fra', 'San Candido/Innichen'),
('F30344CBA89F4FA3A203FEFCBC14DF23_venue', 'ita', 'San Candido'),
('F30344CBA89F4FA3A203FEFCBC14DF23_venue', 'nld', 'San Candido/Innichen'),
('F30344CBA89F4FA3A203FEFCBC14DF23_venue', 'pol', 'San Candido/Innichen'),
('F30344CBA89F4FA3A203FEFCBC14DF23_venue', 'rus', 'Сан-Кандидо/Innichen'),
('01F2B21DF575485CA794F372D7BC359F_venue', 'ces', 'Innichen/San Candido'),
('01F2B21DF575485CA794F372D7BC359F_venue', 'deu', 'Innichen'),
('01F2B21DF575485CA794F372D7BC359F_venue', 'eng', 'San Candido/Innichen'),
('01F2B21DF575485CA794F372D7BC359F_venue', 'fra', 'San Candido/Innichen'),
('01F2B21DF575485CA794F372D7BC359F_venue', 'ita', 'San Candido'),
('01F2B21DF575485CA794F372D7BC359F_venue', 'nld', 'San Candido/Innichen'),
('01F2B21DF575485CA794F372D7BC359F_venue', 'pol', 'San Candido/Innichen'),
('01F2B21DF575485CA794F372D7BC359F_venue', 'rus', 'Сан-Кандидо/Innichen'),
('71B99F4388844780BF991525B4A582D6_venue', 'ces', 'Innichen/San Candido'),
('71B99F4388844780BF991525B4A582D6_venue', 'deu', 'Innichen'),
('71B99F4388844780BF991525B4A582D6_venue', 'eng', 'San Candido/Innichen'),
('71B99F4388844780BF991525B4A582D6_venue', 'fra', 'San Candido/Innichen'),
('71B99F4388844780BF991525B4A582D6_venue', 'ita', 'San Candido'),
('71B99F4388844780BF991525B4A582D6_venue', 'nld', 'San Candido/Innichen'),
('71B99F4388844780BF991525B4A582D6_venue', 'pol', 'San Candido/Innichen'),
('71B99F4388844780BF991525B4A582D6_venue', 'rus', 'Сан-Кандидо/Innichen'),
('E820B0B91C7643799901C375B8B8BED3_venue', 'ces', 'Innichen/San Candido'),
('E820B0B91C7643799901C375B8B8BED3_venue', 'deu', 'Innichen'),
('E820B0B91C7643799901C375B8B8BED3_venue', 'eng', 'San Candido/Innichen'),
('E820B0B91C7643799901C375B8B8BED3_venue', 'fra', 'San Candido/Innichen'),
('E820B0B91C7643799901C375B8B8BED3_venue', 'ita', 'San Candido'),
('E820B0B91C7643799901C375B8B8BED3_venue', 'nld', 'San Candido/Innichen'),
('E820B0B91C7643799901C375B8B8BED3_venue', 'pol', 'San Candido/Innichen'),
('E820B0B91C7643799901C375B8B8BED3_venue', 'rus', 'Сан-Кандидо/Innichen'),
('BFA002968F494EA79C2D2D988EB3A43A_venue', 'ces', 'Innichen/San Candido'),
('BFA002968F494EA79C2D2D988EB3A43A_venue', 'deu', 'Innichen'),
('BFA002968F494EA79C2D2D988EB3A43A_venue', 'eng', 'San Candido/Innichen'),
('BFA002968F494EA79C2D2D988EB3A43A_venue', 'fra', 'San Candido/Innichen'),
('BFA002968F494EA79C2D2D988EB3A43A_venue', 'ita', 'San Candido'),
('BFA002968F494EA79C2D2D988EB3A43A_venue', 'nld', 'San Candido/Innichen'),
('BFA002968F494EA79C2D2D988EB3A43A_venue', 'pol', 'San Candido/Innichen'),
('BFA002968F494EA79C2D2D988EB3A43A_venue', 'rus', 'Сан-Кандидо/Innichen'),
('57F150031CE24616AD6DCCB3B1E465A8_venue', 'ces', 'Innichen/San Candido'),
('57F150031CE24616AD6DCCB3B1E465A8_venue', 'deu', 'Innichen'),
('57F150031CE24616AD6DCCB3B1E465A8_venue', 'eng', 'San Candido/Innichen'),
('57F150031CE24616AD6DCCB3B1E465A8_venue', 'fra', 'San Candido/Innichen'),
('57F150031CE24616AD6DCCB3B1E465A8_venue', 'ita', 'San Candido'),
('57F150031CE24616AD6DCCB3B1E465A8_venue', 'nld', 'San Candido/Innichen'),
('57F150031CE24616AD6DCCB3B1E465A8_venue', 'pol', 'San Candido/Innichen'),
('57F150031CE24616AD6DCCB3B1E465A8_venue', 'rus', 'Сан-Кандидо/Innichen'),
('7C218B36F554454088282B8FF50D79C1_venue', 'ces', 'Innichen/San Candido'),
('7C218B36F554454088282B8FF50D79C1_venue', 'deu', 'Innichen'),
('7C218B36F554454088282B8FF50D79C1_venue', 'eng', 'San Candido/Innichen'),
('7C218B36F554454088282B8FF50D79C1_venue', 'fra', 'San Candido/Innichen'),
('7C218B36F554454088282B8FF50D79C1_venue', 'ita', 'San Candido'),
('7C218B36F554454088282B8FF50D79C1_venue', 'nld', 'San Candido/Innichen'),
('7C218B36F554454088282B8FF50D79C1_venue', 'pol', 'San Candido/Innichen'),
('7C218B36F554454088282B8FF50D79C1_venue', 'rus', 'Сан-Кандидо/Innichen'),
('F62ED1ADF5404654A8902872DCC89170_venue', 'ces', 'Innichen/San Candido'),
('F62ED1ADF5404654A8902872DCC89170_venue', 'deu', 'Innichen'),
('F62ED1ADF5404654A8902872DCC89170_venue', 'eng', 'San Candido/Innichen'),
('F62ED1ADF5404654A8902872DCC89170_venue', 'fra', 'San Candido/Innichen'),
('F62ED1ADF5404654A8902872DCC89170_venue', 'ita', 'San Candido'),
('F62ED1ADF5404654A8902872DCC89170_venue', 'nld', 'San Candido/Innichen'),
('F62ED1ADF5404654A8902872DCC89170_venue', 'pol', 'San Candido/Innichen'),
('F62ED1ADF5404654A8902872DCC89170_venue', 'rus', 'Сан-Кандидо/Innichen'),
('A079B471341F45EE8999AE8201DB9E45_venue', 'ces', 'Innichen/San Candido'),
('A079B471341F45EE8999AE8201DB9E45_venue', 'deu', 'Innichen'),
('A079B471341F45EE8999AE8201DB9E45_venue', 'eng', 'San Candido/Innichen'),
('A079B471341F45EE8999AE8201DB9E45_venue', 'fra', 'San Candido/Innichen'),
('A079B471341F45EE8999AE8201DB9E45_venue', 'ita', 'San Candido'),
('A079B471341F45EE8999AE8201DB9E45_venue', 'nld', 'San Candido/Innichen'),
('A079B471341F45EE8999AE8201DB9E45_venue', 'pol', 'San Candido/Innichen'),
('A079B471341F45EE8999AE8201DB9E45_venue', 'rus', 'Сан-Кандидо/Innichen'),
('666AED08535B4314B3B2554402458BF7_venue', 'ces', 'Innichen/San Candido'),
('666AED08535B4314B3B2554402458BF7_venue', 'deu', 'Innichen'),
('666AED08535B4314B3B2554402458BF7_venue', 'eng', 'San Candido/Innichen'),
('666AED08535B4314B3B2554402458BF7_venue', 'fra', 'San Candido/Innichen'),
('666AED08535B4314B3B2554402458BF7_venue', 'ita', 'San Candido'),
('666AED08535B4314B3B2554402458BF7_venue', 'nld', 'San Candido/Innichen'),
('666AED08535B4314B3B2554402458BF7_venue', 'pol', 'San Candido/Innichen'),
('666AED08535B4314B3B2554402458BF7_venue', 'rus', 'Сан-Кандидо/Innichen'),
('02108340A0BC4539999D2706036C3E99_venue', 'ces', 'Innichen/San Candido'),
('02108340A0BC4539999D2706036C3E99_venue', 'deu', 'Innichen'),
('02108340A0BC4539999D2706036C3E99_venue', 'eng', 'San Candido/Innichen'),
('02108340A0BC4539999D2706036C3E99_venue', 'fra', 'San Candido/Innichen'),
('02108340A0BC4539999D2706036C3E99_venue', 'ita', 'San Candido'),
('02108340A0BC4539999D2706036C3E99_venue', 'nld', 'San Candido/Innichen'),
('02108340A0BC4539999D2706036C3E99_venue', 'pol', 'San Candido/Innichen'),
('02108340A0BC4539999D2706036C3E99_venue', 'rus', 'Сан-Кандидо/Innichen'),
('56B421BB74864724A09BE0A0B1444298_venue', 'ces', 'Innichen/San Candido'),
('56B421BB74864724A09BE0A0B1444298_venue', 'deu', 'Innichen'),
('56B421BB74864724A09BE0A0B1444298_venue', 'eng', 'San Candido/Innichen'),
('56B421BB74864724A09BE0A0B1444298_venue', 'fra', 'San Candido/Innichen'),
('56B421BB74864724A09BE0A0B1444298_venue', 'ita', 'San Candido'),
('56B421BB74864724A09BE0A0B1444298_venue', 'nld', 'San Candido/Innichen'),
('56B421BB74864724A09BE0A0B1444298_venue', 'pol', 'San Candido/Innichen'),
('56B421BB74864724A09BE0A0B1444298_venue', 'rus', 'Сан-Кандидо/Innichen'),
('C7F53144F3EB47D8B0659F321C97DCFC_venue', 'ces', 'Innichen/San Candido'),
('C7F53144F3EB47D8B0659F321C97DCFC_venue', 'deu', 'Innichen'),
('C7F53144F3EB47D8B0659F321C97DCFC_venue', 'eng', 'San Candido/Innichen'),
('C7F53144F3EB47D8B0659F321C97DCFC_venue', 'fra', 'San Candido/Innichen'),
('C7F53144F3EB47D8B0659F321C97DCFC_venue', 'ita', 'San Candido'),
('C7F53144F3EB47D8B0659F321C97DCFC_venue', 'nld', 'San Candido/Innichen'),
('C7F53144F3EB47D8B0659F321C97DCFC_venue', 'pol', 'San Candido/Innichen'),
('C7F53144F3EB47D8B0659F321C97DCFC_venue', 'rus', 'Сан-Кандидо/Innichen'),
('06117B224CB743DE99A679398D16C181_venue', 'ces', 'Innichen/San Candido'),
('06117B224CB743DE99A679398D16C181_venue', 'deu', 'Innichen'),
('06117B224CB743DE99A679398D16C181_venue', 'eng', 'San Candido/Innichen'),
('06117B224CB743DE99A679398D16C181_venue', 'fra', 'San Candido/Innichen'),
('06117B224CB743DE99A679398D16C181_venue', 'ita', 'San Candido'),
('06117B224CB743DE99A679398D16C181_venue', 'nld', 'San Candido/Innichen'),
('06117B224CB743DE99A679398D16C181_venue', 'pol', 'San Candido/Innichen'),
('06117B224CB743DE99A679398D16C181_venue', 'rus', 'Сан-Кандидо/Innichen'),
('79A07B9380BC44EA908C339C4866EFB2_venue', 'ces', 'Innichen/San Candido'),
('79A07B9380BC44EA908C339C4866EFB2_venue', 'deu', 'Innichen'),
('79A07B9380BC44EA908C339C4866EFB2_venue', 'eng', 'San Candido/Innichen'),
('79A07B9380BC44EA908C339C4866EFB2_venue', 'fra', 'San Candido/Innichen'),
('79A07B9380BC44EA908C339C4866EFB2_venue', 'ita', 'San Candido'),
('79A07B9380BC44EA908C339C4866EFB2_venue', 'nld', 'San Candido/Innichen'),
('79A07B9380BC44EA908C339C4866EFB2_venue', 'pol', 'San Candido/Innichen'),
('79A07B9380BC44EA908C339C4866EFB2_venue', 'rus', 'Сан-Кандидо/Innichen'),
('45D2D48FF9454AA0AF507B454EAA2606_venue', 'ces', 'Innichen/San Candido'),
('45D2D48FF9454AA0AF507B454EAA2606_venue', 'deu', 'Innichen'),
('45D2D48FF9454AA0AF507B454EAA2606_venue', 'eng', 'San Candido/Innichen'),
('45D2D48FF9454AA0AF507B454EAA2606_venue', 'fra', 'San Candido/Innichen'),
('45D2D48FF9454AA0AF507B454EAA2606_venue', 'ita', 'San Candido'),
('45D2D48FF9454AA0AF507B454EAA2606_venue', 'nld', 'San Candido/Innichen'),
('45D2D48FF9454AA0AF507B454EAA2606_venue', 'pol', 'San Candido/Innichen'),
('45D2D48FF9454AA0AF507B454EAA2606_venue', 'rus', 'Сан-Кандидо/Innichen'),
('08EE008BB7AB4D248B36A49DF9AAB0F2_venue', 'ces', 'Innichen/San Candido'),
('08EE008BB7AB4D248B36A49DF9AAB0F2_venue', 'deu', 'Innichen'),
('08EE008BB7AB4D248B36A49DF9AAB0F2_venue', 'eng', 'San Candido/Innichen'),
('08EE008BB7AB4D248B36A49DF9AAB0F2_venue', 'fra', 'San Candido/Innichen'),
('08EE008BB7AB4D248B36A49DF9AAB0F2_venue', 'ita', 'San Candido'),
('08EE008BB7AB4D248B36A49DF9AAB0F2_venue', 'nld', 'San Candido/Innichen'),
('08EE008BB7AB4D248B36A49DF9AAB0F2_venue', 'pol', 'San Candido/Innichen'),
('08EE008BB7AB4D248B36A49DF9AAB0F2_venue', 'rus', 'Сан-Кандидо/Innichen'),
('A55889C2ACF7440A91EE7E4F3FFC2675_venue', 'ces', 'Innichen/San Candido'),
('A55889C2ACF7440A91EE7E4F3FFC2675_venue', 'deu', 'Innichen'),
('A55889C2ACF7440A91EE7E4F3FFC2675_venue', 'eng', 'San Candido/Innichen'),
('A55889C2ACF7440A91EE7E4F3FFC2675_venue', 'fra', 'San Candido/Innichen'),
('A55889C2ACF7440A91EE7E4F3FFC2675_venue', 'ita', 'San Candido'),
('A55889C2ACF7440A91EE7E4F3FFC2675_venue', 'nld', 'San Candido/Innichen'),
('A55889C2ACF7440A91EE7E4F3FFC2675_venue', 'pol', 'San Candido/Innichen'),
('A55889C2ACF7440A91EE7E4F3FFC2675_venue', 'rus', 'Сан-Кандидо/Innichen'),
('80857ABDACF74CFC8D7225C93EE30E7C_venue', 'ces', 'Innichen/San Candido'),
('80857ABDACF74CFC8D7225C93EE30E7C_venue', 'deu', 'Innichen'),
('80857ABDACF74CFC8D7225C93EE30E7C_venue', 'eng', 'San Candido/Innichen'),
('80857ABDACF74CFC8D7225C93EE30E7C_venue', 'fra', 'San Candido/Innichen'),
('80857ABDACF74CFC8D7225C93EE30E7C_venue', 'ita', 'San Candido'),
('80857ABDACF74CFC8D7225C93EE30E7C_venue', 'nld', 'San Candido/Innichen'),
('80857ABDACF74CFC8D7225C93EE30E7C_venue', 'pol', 'San Candido/Innichen'),
('80857ABDACF74CFC8D7225C93EE30E7C_venue', 'rus', 'Сан-Кандидо/Innichen'),
('D1942E1BAE5D45B5835F6A48C3C6367A_venue', 'ces', 'Innichen/San Candido'),
('D1942E1BAE5D45B5835F6A48C3C6367A_venue', 'deu', 'Innichen'),
('D1942E1BAE5D45B5835F6A48C3C6367A_venue', 'eng', 'San Candido/Innichen'),
('D1942E1BAE5D45B5835F6A48C3C6367A_venue', 'fra', 'San Candido/Innichen'),
('D1942E1BAE5D45B5835F6A48C3C6367A_venue', 'ita', 'San Candido'),
('D1942E1BAE5D45B5835F6A48C3C6367A_venue', 'nld', 'San Candido/Innichen'),
('D1942E1BAE5D45B5835F6A48C3C6367A_venue', 'pol', 'San Candido/Innichen'),
('D1942E1BAE5D45B5835F6A48C3C6367A_venue', 'rus', 'Сан-Кандидо/Innichen'),
('952A5E52B7814575B6883D4BD46D8610_venue', 'ces', 'Innichen/San Candido'),
('952A5E52B7814575B6883D4BD46D8610_venue', 'deu', 'Innichen'),
('952A5E52B7814575B6883D4BD46D8610_venue', 'eng', 'San Candido/Innichen'),
('952A5E52B7814575B6883D4BD46D8610_venue', 'fra', 'San Candido/Innichen'),
('952A5E52B7814575B6883D4BD46D8610_venue', 'ita', 'San Candido'),
('952A5E52B7814575B6883D4BD46D8610_venue', 'nld', 'San Candido/Innichen'),
('952A5E52B7814575B6883D4BD46D8610_venue', 'pol', 'San Candido/Innichen'),
('952A5E52B7814575B6883D4BD46D8610_venue', 'rus', 'Сан-Кандидо/Innichen'),
('1AFABFD0152B4F44A07001923A463B3D_venue', 'ces', 'Innichen/San Candido'),
('1AFABFD0152B4F44A07001923A463B3D_venue', 'deu', 'Innichen'),
('1AFABFD0152B4F44A07001923A463B3D_venue', 'eng', 'San Candido/Innichen'),
('1AFABFD0152B4F44A07001923A463B3D_venue', 'fra', 'San Candido/Innichen'),
('1AFABFD0152B4F44A07001923A463B3D_venue', 'ita', 'San Candido'),
('1AFABFD0152B4F44A07001923A463B3D_venue', 'nld', 'San Candido/Innichen'),
('1AFABFD0152B4F44A07001923A463B3D_venue', 'pol', 'San Candido/Innichen'),
('1AFABFD0152B4F44A07001923A463B3D_venue', 'rus', 'Сан-Кандидо/Innichen'),
('D1DB4218DF8B4564A31B54C5DDC504A5_venue', 'ces', 'Innichen/San Candido'),
('D1DB4218DF8B4564A31B54C5DDC504A5_venue', 'deu', 'Innichen'),
('D1DB4218DF8B4564A31B54C5DDC504A5_venue', 'eng', 'San Candido/Innichen'),
('D1DB4218DF8B4564A31B54C5DDC504A5_venue', 'fra', 'San Candido/Innichen'),
('D1DB4218DF8B4564A31B54C5DDC504A5_venue', 'ita', 'San Candido'),
('D1DB4218DF8B4564A31B54C5DDC504A5_venue', 'nld', 'San Candido/Innichen'),
('D1DB4218DF8B4564A31B54C5DDC504A5_venue', 'pol', 'San Candido/Innichen'),
('D1DB4218DF8B4564A31B54C5DDC504A5_venue', 'rus', 'Сан-Кандидо/Innichen'),
('D4673882BBEF41A5AB0EB2836BF5EEEC_venue', 'ces', 'Innichen/San Candido'),
('D4673882BBEF41A5AB0EB2836BF5EEEC_venue', 'deu', 'Innichen'),
('D4673882BBEF41A5AB0EB2836BF5EEEC_venue', 'eng', 'San Candido/Innichen'),
('D4673882BBEF41A5AB0EB2836BF5EEEC_venue', 'fra', 'San Candido/Innichen'),
('D4673882BBEF41A5AB0EB2836BF5EEEC_venue', 'ita', 'San Candido'),
('D4673882BBEF41A5AB0EB2836BF5EEEC_venue', 'nld', 'San Candido/Innichen'),
('D4673882BBEF41A5AB0EB2836BF5EEEC_venue', 'pol', 'San Candido/Innichen'),
('D4673882BBEF41A5AB0EB2836BF5EEEC_venue', 'rus', 'Сан-Кандидо/Innichen'),
('61C33EF7B5B3428E8CCE0AF0398C5ACB_venue', 'ces', 'Innichen/San Candido'),
('61C33EF7B5B3428E8CCE0AF0398C5ACB_venue', 'deu', 'Innichen'),
('61C33EF7B5B3428E8CCE0AF0398C5ACB_venue', 'eng', 'San Candido/Innichen'),
('61C33EF7B5B3428E8CCE0AF0398C5ACB_venue', 'fra', 'San Candido/Innichen'),
('61C33EF7B5B3428E8CCE0AF0398C5ACB_venue', 'ita', 'San Candido'),
('61C33EF7B5B3428E8CCE0AF0398C5ACB_venue', 'nld', 'San Candido/Innichen'),
('61C33EF7B5B3428E8CCE0AF0398C5ACB_venue', 'pol', 'San Candido/Innichen'),
('61C33EF7B5B3428E8CCE0AF0398C5ACB_venue', 'rus', 'Сан-Кандидо/Innichen'),
('9F4BC17266EE4E16BF26683D26522443_venue', 'ces', 'Innichen/San Candido'),
('9F4BC17266EE4E16BF26683D26522443_venue', 'deu', 'Innichen'),
('9F4BC17266EE4E16BF26683D26522443_venue', 'eng', 'San Candido/Innichen'),
('9F4BC17266EE4E16BF26683D26522443_venue', 'fra', 'San Candido/Innichen'),
('9F4BC17266EE4E16BF26683D26522443_venue', 'ita', 'San Candido'),
('9F4BC17266EE4E16BF26683D26522443_venue', 'nld', 'San Candido/Innichen'),
('9F4BC17266EE4E16BF26683D26522443_venue', 'pol', 'San Candido/Innichen'),
('9F4BC17266EE4E16BF26683D26522443_venue', 'rus', 'Сан-Кандидо/Innichen'),
('480D60418C044060B2E593E9EC353797_venue', 'ces', 'Innichen/San Candido'),
('480D60418C044060B2E593E9EC353797_venue', 'deu', 'Innichen'),
('480D60418C044060B2E593E9EC353797_venue', 'eng', 'San Candido/Innichen'),
('480D60418C044060B2E593E9EC353797_venue', 'fra', 'San Candido/Innichen'),
('480D60418C044060B2E593E9EC353797_venue', 'ita', 'San Candido'),
('480D60418C044060B2E593E9EC353797_venue', 'nld', 'San Candido/Innichen'),
('480D60418C044060B2E593E9EC353797_venue', 'pol', 'San Candido/Innichen'),
('480D60418C044060B2E593E9EC353797_venue', 'rus', 'Сан-Кандидо/Innichen'),
('C24923917EE44B3C8B2C08670477DFF5_venue', 'ces', 'Innichen/San Candido'),
('C24923917EE44B3C8B2C08670477DFF5_venue', 'deu', 'Innichen'),
('C24923917EE44B3C8B2C08670477DFF5_venue', 'eng', 'San Candido/Innichen'),
('C24923917EE44B3C8B2C08670477DFF5_venue', 'fra', 'San Candido/Innichen'),
('C24923917EE44B3C8B2C08670477DFF5_venue', 'ita', 'San Candido'),
('C24923917EE44B3C8B2C08670477DFF5_venue', 'nld', 'San Candido/Innichen'),
('C24923917EE44B3C8B2C08670477DFF5_venue', 'pol', 'San Candido/Innichen'),
('C24923917EE44B3C8B2C08670477DFF5_venue', 'rus', 'Сан-Кандидо/Innichen'),
('740AC36DAFA943299353BDE7C0354937_venue', 'ces', 'Innichen/San Candido'),
('740AC36DAFA943299353BDE7C0354937_venue', 'deu', 'Innichen'),
('740AC36DAFA943299353BDE7C0354937_venue', 'eng', 'San Candido/Innichen'),
('740AC36DAFA943299353BDE7C0354937_venue', 'fra', 'San Candido/Innichen'),
('740AC36DAFA943299353BDE7C0354937_venue', 'ita', 'San Candido'),
('740AC36DAFA943299353BDE7C0354937_venue', 'nld', 'San Candido/Innichen'),
('740AC36DAFA943299353BDE7C0354937_venue', 'pol', 'San Candido/Innichen'),
('740AC36DAFA943299353BDE7C0354937_venue', 'rus', 'Сан-Кандидо/Innichen'),
('D347ECFF30E042C89EFCE796A95990F0_venue', 'ces', 'Innichen/San Candido'),
('D347ECFF30E042C89EFCE796A95990F0_venue', 'deu', 'Innichen'),
('D347ECFF30E042C89EFCE796A95990F0_venue', 'eng', 'San Candido/Innichen'),
('D347ECFF30E042C89EFCE796A95990F0_venue', 'fra', 'San Candido/Innichen'),
('D347ECFF30E042C89EFCE796A95990F0_venue', 'ita', 'San Candido'),
('D347ECFF30E042C89EFCE796A95990F0_venue', 'nld', 'San Candido/Innichen'),
('D347ECFF30E042C89EFCE796A95990F0_venue', 'pol', 'San Candido/Innichen'),
('D347ECFF30E042C89EFCE796A95990F0_venue', 'rus', 'Сан-Кандидо/Innichen'),
('1DFE16798D85405C8125B607D9F269AA_venue', 'ces', 'Innichen/San Candido'),
('1DFE16798D85405C8125B607D9F269AA_venue', 'deu', 'Innichen'),
('1DFE16798D85405C8125B607D9F269AA_venue', 'eng', 'San Candido/Innichen'),
('1DFE16798D85405C8125B607D9F269AA_venue', 'fra', 'San Candido/Innichen'),
('1DFE16798D85405C8125B607D9F269AA_venue', 'ita', 'San Candido'),
('1DFE16798D85405C8125B607D9F269AA_venue', 'nld', 'San Candido/Innichen'),
('1DFE16798D85405C8125B607D9F269AA_venue', 'pol', 'San Candido/Innichen'),
('1DFE16798D85405C8125B607D9F269AA_venue', 'rus', 'Сан-Кандидо/Innichen'),
('33857198B5DD44EE899CFCD4BABFC459_venue', 'ces', 'Innichen/San Candido'),
('33857198B5DD44EE899CFCD4BABFC459_venue', 'deu', 'Innichen'),
('33857198B5DD44EE899CFCD4BABFC459_venue', 'eng', 'San Candido/Innichen'),
('33857198B5DD44EE899CFCD4BABFC459_venue', 'fra', 'San Candido/Innichen'),
('33857198B5DD44EE899CFCD4BABFC459_venue', 'ita', 'San Candido'),
('33857198B5DD44EE899CFCD4BABFC459_venue', 'nld', 'San Candido/Innichen'),
('33857198B5DD44EE899CFCD4BABFC459_venue', 'pol', 'San Candido/Innichen'),
('33857198B5DD44EE899CFCD4BABFC459_venue', 'rus', 'Сан-Кандидо/Innichen'),
('ABF7B48BF1964654A307A25D8E295F1C_venue', 'ces', 'Innichen/San Candido'),
('ABF7B48BF1964654A307A25D8E295F1C_venue', 'deu', 'Innichen'),
('ABF7B48BF1964654A307A25D8E295F1C_venue', 'eng', 'San Candido/Innichen'),
('ABF7B48BF1964654A307A25D8E295F1C_venue', 'fra', 'San Candido/Innichen'),
('ABF7B48BF1964654A307A25D8E295F1C_venue', 'ita', 'San Candido'),
('ABF7B48BF1964654A307A25D8E295F1C_venue', 'nld', 'San Candido/Innichen'),
('ABF7B48BF1964654A307A25D8E295F1C_venue', 'pol', 'San Candido/Innichen'),
('ABF7B48BF1964654A307A25D8E295F1C_venue', 'rus', 'Сан-Кандидо/Innichen'),
('A8AA3B2223574C6E8FF75F172FA9166B_venue', 'ces', 'Innichen/San Candido'),
('A8AA3B2223574C6E8FF75F172FA9166B_venue', 'deu', 'Innichen'),
('A8AA3B2223574C6E8FF75F172FA9166B_venue', 'eng', 'San Candido/Innichen'),
('A8AA3B2223574C6E8FF75F172FA9166B_venue', 'fra', 'San Candido/Innichen'),
('A8AA3B2223574C6E8FF75F172FA9166B_venue', 'ita', 'San Candido'),
('A8AA3B2223574C6E8FF75F172FA9166B_venue', 'nld', 'San Candido/Innichen'),
('A8AA3B2223574C6E8FF75F172FA9166B_venue', 'pol', 'San Candido/Innichen'),
('A8AA3B2223574C6E8FF75F172FA9166B_venue', 'rus', 'Сан-Кандидо/Innichen'),
('0B9E28C0CFE140F2A125D3B91EAED807_venue', 'ces', 'Innichen/San Candido'),
('0B9E28C0CFE140F2A125D3B91EAED807_venue', 'deu', 'Innichen'),
('0B9E28C0CFE140F2A125D3B91EAED807_venue', 'eng', 'San Candido/Innichen'),
('0B9E28C0CFE140F2A125D3B91EAED807_venue', 'fra', 'San Candido/Innichen'),
('0B9E28C0CFE140F2A125D3B91EAED807_venue', 'ita', 'San Candido'),
('0B9E28C0CFE140F2A125D3B91EAED807_venue', 'nld', 'San Candido/Innichen'),
('0B9E28C0CFE140F2A125D3B91EAED807_venue', 'pol', 'San Candido/Innichen'),
('0B9E28C0CFE140F2A125D3B91EAED807_venue', 'rus', 'Сан-Кандидо/Innichen'),
('C87A9463C162460E9CF7BD2753921AD2_venue', 'ces', 'Innichen/San Candido'),
('C87A9463C162460E9CF7BD2753921AD2_venue', 'deu', 'Innichen'),
('C87A9463C162460E9CF7BD2753921AD2_venue', 'eng', 'San Candido/Innichen'),
('C87A9463C162460E9CF7BD2753921AD2_venue', 'fra', 'San Candido/Innichen'),
('C87A9463C162460E9CF7BD2753921AD2_venue', 'ita', 'San Candido'),
('C87A9463C162460E9CF7BD2753921AD2_venue', 'nld', 'San Candido/Innichen'),
('C87A9463C162460E9CF7BD2753921AD2_venue', 'pol', 'San Candido/Innichen'),
('C87A9463C162460E9CF7BD2753921AD2_venue', 'rus', 'Сан-Кандидо/Innichen'),
('3CEEBBC773064AD6958E8C4679E3BF8C_venue', 'ces', 'Innichen/San Candido'),
('3CEEBBC773064AD6958E8C4679E3BF8C_venue', 'deu', 'Innichen'),
('3CEEBBC773064AD6958E8C4679E3BF8C_venue', 'eng', 'San Candido/Innichen'),
('3CEEBBC773064AD6958E8C4679E3BF8C_venue', 'fra', 'San Candido/Innichen'),
('3CEEBBC773064AD6958E8C4679E3BF8C_venue', 'ita', 'San Candido'),
('3CEEBBC773064AD6958E8C4679E3BF8C_venue', 'nld', 'San Candido/Innichen'),
('3CEEBBC773064AD6958E8C4679E3BF8C_venue', 'pol', 'San Candido/Innichen'),
('3CEEBBC773064AD6958E8C4679E3BF8C_venue', 'rus', 'Сан-Кандидо/Innichen');

